image_id,file_name,instances,density_group,density_source,domain,domain_source,growth_stage,stage_source,mean_instance_occlusion,occlusion_group
1,00890d0d95e9c6841d98c4c5846f84e09a6f87e7224f0e05872f35856c803ebf.png,144,>100,authoritative_subset_annotations,UQ_9,authoritative_subset_annotations,Filling-Ripening,authoritative_subset_annotations,0.07718759684446723,Low (<10%)
2,008e06b1c36c30ea5e466d3ad8c967d7728e517a46fd3340ee6212ba68b0713b.png,12,10-20,authoritative_subset_annotations,Terraref_2,authoritative_subset_annotations,Filling,authoritative_subset_annotations,0.0,Low (<10%)
3,00c381a39bd346465c707995a1ff7c584bff11a9d0044d1cefbc20e6e6c59827.png,85,80-100,authoritative_subset_annotations,Ukyoto_1,authoritative_subset_annotations,Post-Flowering,authoritative_subset_annotations,0.3580932744521821,High (>30%)
4,00d02bac9f6d659045dce01e9595dff7ed7210ede60ed4e4a605d5b3553cc943.png,0,0-10,authoritative_subset_annotations,Terraref_2,authoritative_subset_annotations,Filling,authoritative_subset_annotations,0.0,Low (<10%)
5,01225c4ab5e78e7f6a292e2648642d87853cb88dc639c0e16c286615f63d41bb.png,57,50-60,authoritative_subset_annotations,KSU_1,authoritative_subset_annotations,Post-Flowering,authoritative_subset_annotations,0.07980460540391694,Low (<10%)
6,01db0f2a94e02ddb59f03f319b0d4f639c2ec44ad87016ff214cce6023a97d35.png,53,50-60,authoritative_subset_annotations,KSU_1,authoritative_subset_annotations,Post-Flowering,authoritative_subset_annotations,0.08326416973810173,Low (<10%)
7,022407bc72793d309123a1929ea016f2566bd6d35fd47478fa14eea34d21534a.png,15,10-20,authoritative_subset_annotations,Terraref_1,authoritative_subset_annotations,Ripening,authoritative_subset_annotations,0.01279624893435635,Low (<10%)
8,024c2faa620413c4f44b84fa696bfd4fe3625b9b269e0523b1f5198af49f0572.png,7,0-10,authoritative_subset_annotations,Ukyoto_1,authoritative_subset_annotations,Post-Flowering,authoritative_subset_annotations,0.06973221858718041,Low (<10%)
9,0262ec495e29485287b54011122bf61d603ce42069c130a63fc0e6b93687b9ff.png,4,0-10,authoritative_subset_annotations,Terraref_1,authoritative_subset_annotations,Ripening,authoritative_subset_annotations,0.0,Low (<10%)
10,027cf145ad2929e897bbb884872a938a7dae3d57a074448b4cdb5079716e4bea.png,63,60-70,authoritative_subset_annotations,KSU_3,authoritative_subset_annotations,Filling,authoritative_subset_annotations,0.1381420691773808,Medium (10-30%)
11,02905a8afad36c95561e8248d44d68f39a497da465254c22b660519954f7cde8.png,39,30-40,authoritative_subset_annotations,NAU_3,authoritative_subset_annotations,Filling,authoritative_subset_annotations,0.08877659614107325,Low (<10%)
12,02cf185f1a422fc2ed3fb44c4e3e3e9c170224fece828bb719816c6bc0defd34.png,43,40-50,authoritative_subset_annotations,KSU_2,authoritative_subset_annotations,Post-Flowering,authoritative_subset_annotations,0.03163632500717922,Low (<10%)
13,032037a1be58cbb3d4bf5ae1d34721f4e88800b0c73b0d9dc965cc64e72fc4ef.png,75,70-80,authoritative_subset_annotations,KSU_1,authoritative_subset_annotations,Post-Flowering,authoritative_subset_annotations,0.11747483377551599,Medium (10-30%)
14,0347cdf7861e26d2690c8a7188ee86dd4cbd95ee5ad0f11b4fceefa1563e503d.png,30,30-40,authoritative_subset_annotations,Terraref_1,authoritative_subset_annotations,Ripening,authoritative_subset_annotations,0.028339662610762355,Low (<10%)
15,0353bb6f8fb67443ba7df7c2d7fd0f2f473b941ea188bfc67379e0222082dc7a.png,37,30-40,authoritative_subset_annotations,CIMMYT_2,authoritative_subset_annotations,Post-Flowering,authoritative_subset_annotations,0.024072294449698096,Low (<10%)
16,036ed63a054f84c91ad3d5816cd28acacc3c13717f46a01554fee710287e5ede.png,36,30-40,authoritative_subset_annotations,CIMMYT_3,authoritative_subset_annotations,Post-Flowering,authoritative_subset_annotations,0.14902359175231844,Medium (10-30%)
17,039bca92e351723d10be31ac0da6e04446280eca9551a8bafc452c71bb418be0.png,59,50-60,authoritative_subset_annotations,Ukyoto_1,authoritative_subset_annotations,Post-Flowering,authoritative_subset_annotations,0.24562114578216176,Medium (10-30%)
18,03a817338681af98bcf709b1ec9f8f1bd5ed2ef8838dea34b82c5a55cf90fc38.png,21,20-30,authoritative_subset_annotations,Terraref_2,authoritative_subset_annotations,Filling,authoritative_subset_annotations,0.02033746860809346,Low (<10%)
19,03d0785cb8cc50ef6fa2a85a702944f4a81d4828d5cb9ec012613e1fb29f3172.png,37,30-40,authoritative_subset_annotations,KSU_2,authoritative_subset_annotations,Post-Flowering,authoritative_subset_annotations,0.0336187208477788,Low (<10%)
20,0427655c8768cff9ea393a1c403647688f5e793b59d7bd7f55c373b1c56e9904.png,40,40-50,authoritative_subset_annotations,Terraref_1,authoritative_subset_annotations,Ripening,authoritative_subset_annotations,0.005849762365780673,Low (<10%)
21,0472f4661646f274ef6b0dab0611178da02febfe6cd0f01e2ad5cded14e65d19.png,58,50-60,authoritative_subset_annotations,KSU_3,authoritative_subset_annotations,Filling,authoritative_subset_annotations,0.10756483646583166,Medium (10-30%)
22,0488c66968cdc55dc1003d227d9a777becd298ef307ea450c2c6df1bc4a738b1.png,82,80-100,authoritative_subset_annotations,KSU_1,authoritative_subset_annotations,Post-Flowering,authoritative_subset_annotations,0.13612364079784914,Medium (10-30%)
23,04938ad9266f2043432f69ee779a69d69321f4ebf53e14ddcde01846ee69f337.png,53,50-60,authoritative_subset_annotations,UQ_10,authoritative_subset_annotations,Filling-Ripening,authoritative_subset_annotations,0.09949433893869246,Low (<10%)
24,04cd5c034245280b5b556a6a1beb91abadaa6a46848a177b1e1dff3b5066d2af.png,2,0-10,authoritative_subset_annotations,Terraref_1,authoritative_subset_annotations,Ripening,authoritative_subset_annotations,0.0,Low (<10%)
25,04e677634f44580c6f786dfb8f1e083043a5c9f5e8525d66e9f6f63e883b5727.png,79,70-80,authoritative_subset_annotations,Ukyoto_1,authoritative_subset_annotations,Post-Flowering,authoritative_subset_annotations,0.23851005245315493,Medium (10-30%)
26,051e6cd0159e61164455b5f1a79014c07f251bf4b8ecae3bfe488d4a1ebdd43e.png,38,30-40,authoritative_subset_annotations,CIMMYT_1,authoritative_subset_annotations,Post-Flowering,authoritative_subset_annotations,0.11732850163321831,Medium (10-30%)
27,053782bc6613ac78587799a3805186ac11b25cd2384633249a4a4f8b27bad45d.png,22,20-30,authoritative_subset_annotations,Ukyoto_1,authoritative_subset_annotations,Post-Flowering,authoritative_subset_annotations,0.0664109928048996,Low (<10%)
28,05380e946fa5709a6838c1aed086d4afb71a392db6d866baf6df8acb1a5c9509.png,56,50-60,authoritative_subset_annotations,KSU_2,authoritative_subset_annotations,Post-Flowering,authoritative_subset_annotations,0.07826275241724913,Low (<10%)
29,055c6a85dc99765e12732c37030a42d2f77c9cbdb39cafc2c3a1bd0bc9119537.png,45,40-50,authoritative_subset_annotations,UQ_9,authoritative_subset_annotations,Filling-Ripening,authoritative_subset_annotations,0.09762930709544708,Low (<10%)
30,0566c7397efbd5c0043983a797dacdd1b27d4b47fec5ea46de4016542fd3f058.png,24,20-30,authoritative_subset_annotations,NAU_2,authoritative_subset_annotations,Post-Flowering,authoritative_subset_annotations,0.01196043387676815,Low (<10%)
31,058ed599285facc04b951f54c837c8e4bcf2b52facf29935dcd2c39ae296319f.png,35,30-40,authoritative_subset_annotations,CIMMYT_2,authoritative_subset_annotations,Post-Flowering,authoritative_subset_annotations,0.003780663780663781,Low (<10%)
32,05cf9e79e69b6a02a9eec8ba5da99e1a81c24fead721cd7bacb7376b30d4ffac.png,60,60-70,authoritative_subset_annotations,KSU_3,authoritative_subset_annotations,Filling,authoritative_subset_annotations,0.08192378170313538,Low (<10%)
33,05e36a09595e3c0dd4a4711cda1b53b1926ab3fb7515b1a6ce5a110d9d6f5b94.png,33,30-40,authoritative_subset_annotations,NAU_3,authoritative_subset_annotations,Filling,authoritative_subset_annotations,0.29205184091604813,Medium (10-30%)
34,06322303329973a0ecbc55444a2f5a1177de14a2241d38284c441996d6849f20.png,29,20-30,authoritative_subset_annotations,UQ_11,authoritative_subset_annotations,Post-Flowering,authoritative_subset_annotations,0.0,Low (<10%)
35,06342a8d321452ca4df2fdd93d73a87a0849920532005b3fc4f9a8ca2e8bb737.png,49,40-50,authoritative_subset_annotations,KSU_4,authoritative_subset_annotations,Ripening,authoritative_subset_annotations,0.02295876306978234,Low (<10%)
36,06476e999d8e663d4bb6f2c55a852706732544215b66872f55fe892854dd3a5d.png,36,30-40,authoritative_subset_annotations,CIMMYT_2,authoritative_subset_annotations,Post-Flowering,authoritative_subset_annotations,0.0,Low (<10%)
37,0648a19e4d9ceff6d30513bfd4acab2a20560a60224d73c5b5f60c59c8badd2d.png,41,40-50,authoritative_subset_annotations,CIMMYT_1,authoritative_subset_annotations,Post-Flowering,authoritative_subset_annotations,0.0,Low (<10%)
38,065a662ea0eeb4e13b61d18ea39605692ab9267878b6813a3445a4fc8502dacb.png,78,70-80,authoritative_subset_annotations,KSU_1,authoritative_subset_annotations,Post-Flowering,authoritative_subset_annotations,0.11725269302880449,Medium (10-30%)
39,065fce8a1aca06e51e65a9614eafdd9604e449ce2e5f56a5925fdc32546220eb.png,1,0-10,authoritative_subset_annotations,Terraref_1,authoritative_subset_annotations,Ripening,authoritative_subset_annotations,0.0,Low (<10%)
40,066768d7d2f94b5dae0f13e0bbbb96ea4b884dc1fa3571ade6f4d6c633632337.png,59,50-60,authoritative_subset_annotations,KSU_2,authoritative_subset_annotations,Post-Flowering,authoritative_subset_annotations,0.0431400130124881,Low (<10%)
41,074156089112d9700f2963336f2875a14bf595d81156eb3b1be5d5668accce3d.png,5,0-10,authoritative_subset_annotations,Terraref_2,authoritative_subset_annotations,Filling,authoritative_subset_annotations,0.0,Low (<10%)
42,074517865504d621bd97b831b421fbf1349201745f03606f6ce7605fdea214fb.png,0,0-10,authoritative_subset_annotations,Ukyoto_1,authoritative_subset_annotations,Post-Flowering,authoritative_subset_annotations,0.0,Low (<10%)
43,0794f4a31991992888a5656bbf68dfe769b77f0cc3e91a90df9a9492f1853c85.png,103,>100,authoritative_subset_annotations,UQ_8,authoritative_subset_annotations,Ripening,authoritative_subset_annotations,0.12006076512991593,Medium (10-30%)
44,07d0b748e0c6560edd7e3c9be8bccdd92717496cbb0c49827a3d187482d9f075.png,29,20-30,authoritative_subset_annotations,Terraref_2,authoritative_subset_annotations,Filling,authoritative_subset_annotations,0.017227695675971537,Low (<10%)
45,07e2b5e1fcdd920773dab077f83c17fef9eb000aa0f7772ae2736b0a83371a77.png,33,30-40,authoritative_subset_annotations,CIMMYT_2,authoritative_subset_annotations,Post-Flowering,authoritative_subset_annotations,0.1384384332533755,Medium (10-30%)
46,08455423ac250c65fb5cc0e04d95f8df0ac7f63f9ce12a3e4f1bd85a013f0089.png,69,60-70,authoritative_subset_annotations,NAU_2,authoritative_subset_annotations,Post-Flowering,authoritative_subset_annotations,0.05128599106791197,Low (<10%)
47,0886b670ee0300cc6c9cde662ec7518e6f293c358206e1c313104b6385b06e6d.png,60,60-70,authoritative_subset_annotations,UQ_11,authoritative_subset_annotations,Post-Flowering,authoritative_subset_annotations,0.054169010876512796,Low (<10%)
48,08ab46fdcf86c9787eeb0097058eb6f893134c7a6480928e753700320b4b6e0d.png,19,10-20,authoritative_subset_annotations,CIMMYT_2,authoritative_subset_annotations,Post-Flowering,authoritative_subset_annotations,0.10722938576930682,Medium (10-30%)
49,08d57a1851264ff151b47acc87d326c85c52eed6a72ef01fb94e25f4c40e3990.png,22,20-30,authoritative_subset_annotations,NAU_3,authoritative_subset_annotations,Filling,authoritative_subset_annotations,0.02335010586601255,Low (<10%)
50,08ef01926a2270f9a12c2ac616aad21bc1ab280552609f54b9ff3a17c2b9d520.png,54,50-60,authoritative_subset_annotations,NAU_2,authoritative_subset_annotations,Post-Flowering,authoritative_subset_annotations,0.06276512506008534,Low (<10%)
51,091aeb5a852cb80dac35ae4a4ee0c7e622b3dc7bd7d9996ffa129f91605e3308.png,48,40-50,authoritative_subset_annotations,ARC_1,authoritative_subset_annotations,Filling,authoritative_subset_annotations,0.2833806815786987,Medium (10-30%)
52,092aaa3df4aef5d7f899eda7ed20deaf746fda257bdd0aef0070eddba66c8d0c.png,40,40-50,authoritative_subset_annotations,CIMMYT_1,authoritative_subset_annotations,Post-Flowering,authoritative_subset_annotations,0.047031154669583006,Low (<10%)
53,095d81733ccc50cdd10039f40993f8feaa7cf5db6b1ce31d4339244adf835d33.png,44,40-50,authoritative_subset_annotations,KSU_3,authoritative_subset_annotations,Filling,authoritative_subset_annotations,0.10873915590738431,Medium (10-30%)
54,09a26f6bba5514b27d76f102ca45ffdb6d968e0c5e07a2229995366a942b35c3.png,61,60-70,authoritative_subset_annotations,KSU_2,authoritative_subset_annotations,Post-Flowering,authoritative_subset_annotations,0.06481384637219711,Low (<10%)
55,0a2ca7f12937ecf30083e59d60e6e385bf87f82290c58f15f1414eddf287d4b0.png,56,50-60,authoritative_subset_annotations,KSU_2,authoritative_subset_annotations,Post-Flowering,authoritative_subset_annotations,0.05425509533493721,Low (<10%)
56,0a324899c5d4571a2bdf46ddd05bda85557cab53813bb5191ae483ae264813f0.png,120,>100,authoritative_subset_annotations,UQ_8,authoritative_subset_annotations,Ripening,authoritative_subset_annotations,0.08029753093283412,Low (<10%)
57,0a8452c57ad7157d02c746f8fd9c4747ec2433d8431953125828ba4e730f6e3b.png,56,50-60,authoritative_subset_annotations,UQ_11,authoritative_subset_annotations,Post-Flowering,authoritative_subset_annotations,0.0211072817302987,Low (<10%)
58,0aa03405bc8a993d4b9b661f4564d8465f020aa1bb7b2d8994baa734f18cfa8a.png,90,80-100,authoritative_subset_annotations,UQ_10,authoritative_subset_annotations,Filling-Ripening,authoritative_subset_annotations,0.1284326295868071,Medium (10-30%)
59,0af5c1bc753619e4f5d504e5424d056af22954f04d50cd0d4a21682cfdd9a4dc.png,55,50-60,authoritative_subset_annotations,CIMMYT_3,authoritative_subset_annotations,Post-Flowering,authoritative_subset_annotations,0.08591213905091168,Low (<10%)
60,0b1316a075357442ca6d27e50298cbe039ddfa21acad2541986ad266294319b1.png,82,80-100,authoritative_subset_annotations,KSU_1,authoritative_subset_annotations,Post-Flowering,authoritative_subset_annotations,0.13883022923389962,Medium (10-30%)
61,0b1b49d57805b13be64adf182dd71467e28519342610287d16baabdab24e1c81.png,65,60-70,authoritative_subset_annotations,NAU_2,authoritative_subset_annotations,Post-Flowering,authoritative_subset_annotations,0.009482635641057035,Low (<10%)
62,0b4002387f380a0f3c1dfd744e438004614567174b0d5af4ac3dcc50ec5d05cb.png,20,20-30,authoritative_subset_annotations,Terraref_1,authoritative_subset_annotations,Ripening,authoritative_subset_annotations,0.008181118693964939,Low (<10%)
63,0bc37eae204ccb2c99f428443a45b49ea87dd86b614b4bbc02fe59cc6a192bb7.png,65,60-70,authoritative_subset_annotations,NAU_2,authoritative_subset_annotations,Post-Flowering,authoritative_subset_annotations,0.05755926501232802,Low (<10%)
64,0bf9275f3ae0583718311cdbffc3ce103324bccdc2bc902b27b427c6f0b63fc0.png,20,20-30,authoritative_subset_annotations,Terraref_1,authoritative_subset_annotations,Ripening,authoritative_subset_annotations,0.002806954356477467,Low (<10%)
65,0c25918b8e9f2f14d330f10964ffffca7ad45cd7b43cc6e2f845ab9a66cd5e5a.png,114,>100,authoritative_subset_annotations,UQ_7,authoritative_subset_annotations,Ripening,authoritative_subset_annotations,0.04854229750585127,Low (<10%)
66,0c34ef42ad0bfabb334f745d4e3ba7eac85556314402fc500221373d4ddcfed6.png,104,>100,authoritative_subset_annotations,UQ_11,authoritative_subset_annotations,Post-Flowering,authoritative_subset_annotations,0.17313567663208035,Medium (10-30%)
67,0c5c62fa5b62f2d08b34d895016db54a89e63df00a0689e6372eb210988b6f35.png,43,40-50,authoritative_subset_annotations,KSU_2,authoritative_subset_annotations,Post-Flowering,authoritative_subset_annotations,0.10245583671444643,Medium (10-30%)
68,0ca12ceda4a040775254a668b3276cf51108be03fffbde62bc21d44b53f252da.png,21,20-30,authoritative_subset_annotations,CIMMYT_3,authoritative_subset_annotations,Post-Flowering,authoritative_subset_annotations,0.15113320976909922,Medium (10-30%)
69,0cd060381162dcb6cc6b3b8a19e3e1b60935378154430970a53180926fbd6889.png,40,40-50,authoritative_subset_annotations,CIMMYT_1,authoritative_subset_annotations,Post-Flowering,authoritative_subset_annotations,0.15462420469524132,Medium (10-30%)
70,0ce62e81979a2265b4aaf0643a58266847cf56c35814b23c5dd8cdf9868f36ab.png,41,40-50,authoritative_subset_annotations,CIMMYT_1,authoritative_subset_annotations,Post-Flowering,authoritative_subset_annotations,0.09472430018179163,Low (<10%)
71,0cee4c2e766b6488e05f97173ab2d4710322cda25852ad44a97942fa5894fce8.png,19,10-20,authoritative_subset_annotations,Ukyoto_1,authoritative_subset_annotations,Post-Flowering,authoritative_subset_annotations,0.0,Low (<10%)
72,0d1be402e3807c7de7452207a09d830d51f335908494a3266dd09bcdebc2ff3a.png,39,30-40,authoritative_subset_annotations,CIMMYT_2,authoritative_subset_annotations,Post-Flowering,authoritative_subset_annotations,0.0930202011947063,Low (<10%)
73,0d2c34b3591758aed2c17da331cea64ba0a1b015c55db1069044291a119e6940.png,87,80-100,authoritative_subset_annotations,UQ_10,authoritative_subset_annotations,Filling-Ripening,authoritative_subset_annotations,0.09412594447008768,Low (<10%)
74,0d78513c450873231133cd2a16ecf4f69a5844c0bdf346e492b6e16e2b37f038.png,97,80-100,authoritative_subset_annotations,KSU_3,authoritative_subset_annotations,Filling,authoritative_subset_annotations,0.07800351667864298,Low (<10%)
75,0ea6d3aa4cec9be894de9f56cdf491eed3597712c0de8ba0e0d8fa292e322e74.png,55,50-60,authoritative_subset_annotations,KSU_1,authoritative_subset_annotations,Post-Flowering,authoritative_subset_annotations,0.23496057413741803,Medium (10-30%)
76,0eb090c88e8cc51f513dfc00f9ef9fc442b9447ddfbb67ecbdba313ed68d711d.png,41,40-50,authoritative_subset_annotations,KSU_2,authoritative_subset_annotations,Post-Flowering,authoritative_subset_annotations,0.0,Low (<10%)
77,0ee07fade0df8422c562542dfb0540a77772ea5b037bfe4e05df777c3bbc3349.png,53,50-60,authoritative_subset_annotations,UQ_11,authoritative_subset_annotations,Post-Flowering,authoritative_subset_annotations,0.04202120732801321,Low (<10%)
78,0eeb8c2dbd7100a75ab6f105da336627eca8e0218c97b3585b1f8411b4b394d5.png,10,10-20,authoritative_subset_annotations,Ukyoto_1,authoritative_subset_annotations,Post-Flowering,authoritative_subset_annotations,0.0,Low (<10%)
79,0f6891368fd4359e863bf7aacb5ee19184e02c730fb3ca97d433a3bc84620963.png,33,30-40,authoritative_subset_annotations,Terraref_1,authoritative_subset_annotations,Ripening,authoritative_subset_annotations,0.003406851591408433,Low (<10%)
80,0f7661663d69f8085bb4ebc935723cb043bd8856ebe44a9817e40c51f33dc94f.png,47,40-50,authoritative_subset_annotations,ARC_1,authoritative_subset_annotations,Filling,authoritative_subset_annotations,0.10869521784003978,Medium (10-30%)
81,0fa7ad7d09e4a768b957757bc8a80cd1157dbef1ebad4ff254207d32d4aca2b7.png,57,50-60,authoritative_subset_annotations,KSU_2,authoritative_subset_annotations,Post-Flowering,authoritative_subset_annotations,0.12247440573488429,Medium (10-30%)
82,0fd1d87d49aa0f7faadf8d4cef5f3ab6ccdeb671770e952cc83a5c008da98ce4.png,73,70-80,authoritative_subset_annotations,NAU_2,authoritative_subset_annotations,Post-Flowering,authoritative_subset_annotations,0.08517629077843518,Low (<10%)
83,1048fcf4a56852c243c1ae2f858bf43f4dd76dac2deae02e1832c79a2bd444d7.png,30,30-40,authoritative_subset_annotations,NAU_2,authoritative_subset_annotations,Post-Flowering,authoritative_subset_annotations,0.047499352018628066,Low (<10%)
84,10877c66a2515be092f3af4c9f70da3f8159b565926decc136f68edf9b39c2ca.png,91,80-100,authoritative_subset_annotations,UQ_10,authoritative_subset_annotations,Filling-Ripening,authoritative_subset_annotations,0.107170657626134,Medium (10-30%)
85,10b4bae941a7a4f00b7679f925cd1d5408215fb6d88695140c29bbbe716ec996.png,43,40-50,authoritative_subset_annotations,KSU_1,authoritative_subset_annotations,Post-Flowering,authoritative_subset_annotations,0.13435790636258726,Medium (10-30%)
86,10becfe2c84abc84734cf3141607afb3e002b771e2e69a969f20d604773b3cdd.png,70,70-80,authoritative_subset_annotations,UQ_11,authoritative_subset_annotations,Post-Flowering,authoritative_subset_annotations,0.029622222638095268,Low (<10%)
87,10c6cef779e5f837330801643c4d77064c9c8d0111f76f776c0405c1d61ba4b0.png,37,30-40,authoritative_subset_annotations,CIMMYT_1,authoritative_subset_annotations,Post-Flowering,authoritative_subset_annotations,0.04958853827067195,Low (<10%)
88,10db89e0cdaf5640e8b0648e66d2e4c7fe9df5fdbe387645686ed75f493b45ba.png,7,0-10,authoritative_subset_annotations,Terraref_2,authoritative_subset_annotations,Filling,authoritative_subset_annotations,0.0,Low (<10%)
89,1145d0434ca27b4b1cab02aff453791870013986c93e381bb53630f303e9acac.png,30,30-40,authoritative_subset_annotations,CIMMYT_2,authoritative_subset_annotations,Post-Flowering,authoritative_subset_annotations,0.03238611777708743,Low (<10%)
90,115059bb3f11b21678f44b4fd17326df6e4701afce2e27bf3c2ce3da8de825a2.png,0,0-10,authoritative_subset_annotations,CIMMYT_2,authoritative_subset_annotations,Post-Flowering,authoritative_subset_annotations,0.0,Low (<10%)
91,1189faec75605db343cf18a19f573be5822dfbc0874ccfb4802a276b95b9deb8.png,20,20-30,authoritative_subset_annotations,CIMMYT_3,authoritative_subset_annotations,Post-Flowering,authoritative_subset_annotations,0.11315565176487075,Medium (10-30%)
92,11944b36d9fda4c21a7203421dd4a0de61b9d9a8c8448d3418dea4e28c31450a.png,80,80-100,authoritative_subset_annotations,NAU_3,authoritative_subset_annotations,Filling,authoritative_subset_annotations,0.06993234837314997,Low (<10%)
93,11c9041ada394ddd15820bdb11871396b8f4583d647d21916dad92c50631e3a8.png,39,30-40,authoritative_subset_annotations,CIMMYT_3,authoritative_subset_annotations,Post-Flowering,authoritative_subset_annotations,0.00742091159032559,Low (<10%)
94,11f2950bd15de7c55f66c7af78436d0f444c56f332edd455cb8ad2f4cd2fdc76.png,40,40-50,authoritative_subset_annotations,Terraref_2,authoritative_subset_annotations,Filling,authoritative_subset_annotations,0.05229558870945587,Low (<10%)
95,11f8047802b32eb638a6133a89b0f2b85c68bbc1c8fcd80949cdeedc122de51a.png,69,60-70,authoritative_subset_annotations,UQ_11,authoritative_subset_annotations,Post-Flowering,authoritative_subset_annotations,0.041885713545846075,Low (<10%)
96,11fad8b91a3ae8b9d61949897ffe085769904c76e13c20061b56244f9e2a45e6.png,25,20-30,authoritative_subset_annotations,KSU_1,authoritative_subset_annotations,Post-Flowering,authoritative_subset_annotations,0.06258690833296286,Low (<10%)
97,12548a0a717b39a651f9be12901109557bcc86317b8c08eaac229be34967a724.png,71,70-80,authoritative_subset_annotations,KSU_1,authoritative_subset_annotations,Post-Flowering,authoritative_subset_annotations,0.15435998215448224,Medium (10-30%)
98,125ab8b4873af5a8186e0549053bc1ac239ed630ae40281a06367eb1e6bf37cd.png,52,50-60,authoritative_subset_annotations,CIMMYT_3,authoritative_subset_annotations,Post-Flowering,authoritative_subset_annotations,0.09707614215731217,Low (<10%)
99,12906c1e75f9d4742f697961678cc4db0d172389dbfec48fc8fd0d2e49dddbc0.png,0,0-10,authoritative_subset_annotations,Terraref_2,authoritative_subset_annotations,Filling,authoritative_subset_annotations,0.0,Low (<10%)
100,12c14f1e8a325bca721548ea06d4d00e4ae9d80b8b0dd24841d63a4abcb86aa4.png,48,40-50,authoritative_subset_annotations,CIMMYT_1,authoritative_subset_annotations,Post-Flowering,authoritative_subset_annotations,0.0337452177121263,Low (<10%)
101,12f56099f14a7dbff4719e5d722ec5bded5651430bfb4085a22ce1ebca267a69.png,64,60-70,authoritative_subset_annotations,UQ_11,authoritative_subset_annotations,Post-Flowering,authoritative_subset_annotations,0.03353194859996803,Low (<10%)
102,1300e2c6f21d4eef09ac874469709c56f2eb166631fc4212119271bae6844c32.png,62,60-70,authoritative_subset_annotations,Ukyoto_1,authoritative_subset_annotations,Post-Flowering,authoritative_subset_annotations,0.1906269959980837,Medium (10-30%)
103,1322879e9f37661b6688c856d9f76e1a82556996abe6951e6fd24c1230f1abe6.png,49,40-50,authoritative_subset_annotations,UQ_11,authoritative_subset_annotations,Post-Flowering,authoritative_subset_annotations,0.04284754576628803,Low (<10%)
104,1354bf7a43b1f61953a6a790287b388a1b8c514dac4c3f226ed32c95932846a4.png,105,>100,authoritative_subset_annotations,UQ_9,authoritative_subset_annotations,Filling-Ripening,authoritative_subset_annotations,0.31092806883727936,High (>30%)
105,138500cc312a076b6c6a51ec7ce9fd1905f835278f89326f32e2e2264c3e7bec.png,35,30-40,authoritative_subset_annotations,CIMMYT_3,authoritative_subset_annotations,Post-Flowering,authoritative_subset_annotations,0.11879208038961797,Medium (10-30%)
106,13a2c0e836005699e29e6b1aa4defb9775de8689467fef6876ab5bca0a806517.png,36,30-40,authoritative_subset_annotations,KSU_2,authoritative_subset_annotations,Post-Flowering,authoritative_subset_annotations,0.02720769416678894,Low (<10%)
107,13bacd4efda7cc21cdc65d94d5411d2153d29bff3cb5cc53f1f6a76a7afdd44d.png,51,50-60,authoritative_subset_annotations,KSU_3,authoritative_subset_annotations,Filling,authoritative_subset_annotations,0.004755608771498198,Low (<10%)
108,13be9864181fef2815dfe9c89745a0b54ceb6a45d94d1d30fef642c8aa9a3caf.png,80,80-100,authoritative_subset_annotations,UQ_11,authoritative_subset_annotations,Post-Flowering,authoritative_subset_annotations,0.0953130005138148,Low (<10%)
109,13cf93ca868f90fcf60074d49d882071c068240f4e752131c1311f94693fc925.png,62,60-70,authoritative_subset_annotations,KSU_4,authoritative_subset_annotations,Ripening,authoritative_subset_annotations,0.20469481667930034,Medium (10-30%)
110,147c34aeea62d8a2b9e9a6d271621eee0809d14d067cd99de94c81794ce8225f.png,26,20-30,authoritative_subset_annotations,Terraref_1,authoritative_subset_annotations,Ripening,authoritative_subset_annotations,0.06343697283200919,Low (<10%)
111,148b068c6119f5b704a657c8af92ed6e138c0702306fd2b6068417d950c6de28.png,30,30-40,authoritative_subset_annotations,ARC_1,authoritative_subset_annotations,Filling,authoritative_subset_annotations,0.11768179677513484,Medium (10-30%)
112,14a25ffd6e3e4081c6fd68fb38d67611c36ab1fbdabe1f36d2395a450da7ac94.png,93,80-100,authoritative_subset_annotations,UQ_10,authoritative_subset_annotations,Filling-Ripening,authoritative_subset_annotations,0.34131455119326637,High (>30%)
113,14a4c1737cbbc080b6b297c5e6e9b11fd9ee4d35db728d61b7b803fab7246e4a.png,25,20-30,authoritative_subset_annotations,NAU_3,authoritative_subset_annotations,Filling,authoritative_subset_annotations,0.010247571625421732,Low (<10%)
114,14a61c5504c34b5f9f7dd3c1b57a15ec712a73156b9e7a63447e9591ba918470.png,35,30-40,authoritative_subset_annotations,CIMMYT_3,authoritative_subset_annotations,Post-Flowering,authoritative_subset_annotations,0.03722142273587341,Low (<10%)
115,14c6fa8ba96a5b5b865e231bdea1ee23ddacc2760d1e2f51e767d81e4066508a.png,12,10-20,authoritative_subset_annotations,Terraref_2,authoritative_subset_annotations,Filling,authoritative_subset_annotations,0.028074995180258338,Low (<10%)
116,14d69c45bb8ae218d41a7905dda03e404eb3bf19ca5718d828b61d779a147260.png,38,30-40,authoritative_subset_annotations,NAU_3,authoritative_subset_annotations,Filling,authoritative_subset_annotations,0.3221953774422925,High (>30%)
117,150a64d7e73b30817ab5c2e5f8b8aa0ecec6007b53a178802479e32e27cd089e.png,3,0-10,authoritative_subset_annotations,Terraref_1,authoritative_subset_annotations,Ripening,authoritative_subset_annotations,0.0,Low (<10%)
118,1529d4f11ed2215a351178293bfbe8cb55a3a15d75b86622943f6de711e173df.png,17,10-20,authoritative_subset_annotations,KSU_2,authoritative_subset_annotations,Post-Flowering,authoritative_subset_annotations,0.015903997686691245,Low (<10%)
119,15337a83f7a97d23a1502cb70f67df748a86177df85df78238e943a5a5932d06.png,42,40-50,authoritative_subset_annotations,KSU_4,authoritative_subset_annotations,Ripening,authoritative_subset_annotations,0.05282067979451753,Low (<10%)
120,1538da873ceee42230cbaa3f3dddeb699dbd3a3791db6e6b4b615ccae7dc23fb.png,71,70-80,authoritative_subset_annotations,KSU_1,authoritative_subset_annotations,Post-Flowering,authoritative_subset_annotations,0.10246710685078406,Medium (10-30%)
121,153a44d4ff611e9921fd0d0aa09567a72128cf0ff0e77d73483f848663b3185b.png,34,30-40,authoritative_subset_annotations,CIMMYT_1,authoritative_subset_annotations,Post-Flowering,authoritative_subset_annotations,0.012406462038225253,Low (<10%)
122,154d2b8f5a4410d15a647c00b1bf6e8c7ed5d4746e5ea3b3a4b8c410a3521619.png,48,40-50,authoritative_subset_annotations,CIMMYT_1,authoritative_subset_annotations,Post-Flowering,authoritative_subset_annotations,0.10534230547287225,Medium (10-30%)
123,15e7c0acb597778e162c22582e7d3fad90d136b2d3887783e787ee225e7a5715.png,48,40-50,authoritative_subset_annotations,KSU_3,authoritative_subset_annotations,Filling,authoritative_subset_annotations,0.11413107568253023,Medium (10-30%)
124,16689cbcbb5d7260c4c56017994745ed3a101f5e2cd67ba0cbeaaeda71aab9d7.png,54,50-60,authoritative_subset_annotations,CIMMYT_2,authoritative_subset_annotations,Post-Flowering,authoritative_subset_annotations,0.10705286441160512,Medium (10-30%)
125,168f2fe0c98bd9ed06b15942b20fa19cec1d710d9e82166cdb1679dacbf0954b.png,38,30-40,authoritative_subset_annotations,Terraref_1,authoritative_subset_annotations,Ripening,authoritative_subset_annotations,0.036980406309203434,Low (<10%)
126,16b873568f5b0a3b64d6a2fbf1c9893d6836f813aaf66a1c035925b05ae0ee66.png,37,30-40,authoritative_subset_annotations,Ukyoto_1,authoritative_subset_annotations,Post-Flowering,authoritative_subset_annotations,0.09339463031220618,Low (<10%)
127,16b9773eda116aa855d5dd4bda7ff31cf6388395e97c3a605e9696e8808f15e9.png,67,60-70,authoritative_subset_annotations,KSU_1,authoritative_subset_annotations,Post-Flowering,authoritative_subset_annotations,0.10359238337585466,Medium (10-30%)
128,16cf4a6e1b51f0959c5d275d8f89177e1138465e97ee86f4cb01372a9af665a3.png,33,30-40,authoritative_subset_annotations,Ukyoto_1,authoritative_subset_annotations,Post-Flowering,authoritative_subset_annotations,0.1624501908245,Medium (10-30%)
129,1763034b466595a57d29588878465e2e0257aa4f01acea8a340436d4a6ac3d20.png,30,30-40,authoritative_subset_annotations,Terraref_1,authoritative_subset_annotations,Ripening,authoritative_subset_annotations,0.003170695275958434,Low (<10%)
130,176d215299f18c763411963837c552d97349b6f928f1d096084323b97d98de01.png,25,20-30,authoritative_subset_annotations,Terraref_2,authoritative_subset_annotations,Filling,authoritative_subset_annotations,0.03323118094570682,Low (<10%)
131,178e2a9d5ac6b2d4ef15734449aba0a545d168a8f5944e7715a3c2617b6c9d86.png,20,20-30,authoritative_subset_annotations,Terraref_1,authoritative_subset_annotations,Ripening,authoritative_subset_annotations,0.042445105077496506,Low (<10%)
132,178eabc7254b86921133500ed2d676ed05ae5a083864b49a77f3ab9dc5c97be9.png,28,20-30,authoritative_subset_annotations,Terraref_2,authoritative_subset_annotations,Filling,authoritative_subset_annotations,0.015320432743300258,Low (<10%)
133,17992abd02c028ba10f2380779d940284cdebe837e986aa8c69202950628f27f.png,29,20-30,authoritative_subset_annotations,NAU_3,authoritative_subset_annotations,Filling,authoritative_subset_annotations,0.1293579831026951,Medium (10-30%)
134,185778caa947707b1246ce5f0b86890ddd5db23b00584e3742b7ad61176cdd12.png,48,40-50,authoritative_subset_annotations,KSU_1,authoritative_subset_annotations,Post-Flowering,authoritative_subset_annotations,0.06506905110347137,Low (<10%)
135,18c33b52ce1df0144883783f89051d4c57aa0d8e2984cd01d65d1d7f69f13479.png,12,10-20,authoritative_subset_annotations,Terraref_1,authoritative_subset_annotations,Ripening,authoritative_subset_annotations,0.0,Low (<10%)
136,18d78d6c0abf4ec987a82881854b148ca8e864ba05cb5d596be101b32d0c0244.png,11,10-20,authoritative_subset_annotations,UQ_11,authoritative_subset_annotations,Post-Flowering,authoritative_subset_annotations,0.0,Low (<10%)
137,18fa592021d75091cb262871d0e0231c05c2369cc3d91e69831f81dd3ad0aa75.png,68,60-70,authoritative_subset_annotations,KSU_4,authoritative_subset_annotations,Ripening,authoritative_subset_annotations,0.08264720216978162,Low (<10%)
138,19064f030fa65f4f17fc0048c1d5a74098ddee084aee42aa5060baa0ad1fc2b6.png,40,40-50,authoritative_subset_annotations,CIMMYT_3,authoritative_subset_annotations,Post-Flowering,authoritative_subset_annotations,0.10753427164187561,Medium (10-30%)
139,1926112187fd273b6a0177c36bdc52bba5a183d4ecd231807fb00d81eea3e184.png,29,20-30,authoritative_subset_annotations,CIMMYT_2,authoritative_subset_annotations,Post-Flowering,authoritative_subset_annotations,0.01484596149489311,Low (<10%)
140,192add1eccba994e66c852f2315f221bfec4e2e7f8bba01f360c52483d2704e7.png,95,80-100,authoritative_subset_annotations,KSU_1,authoritative_subset_annotations,Post-Flowering,authoritative_subset_annotations,0.19853188382142417,Medium (10-30%)
141,192d860fba01e78b2bbf993473f3a51b042b06f2cd371ad3d6d1dabf614cf6f5.png,61,60-70,authoritative_subset_annotations,Ukyoto_1,authoritative_subset_annotations,Post-Flowering,authoritative_subset_annotations,0.2939435960761966,Medium (10-30%)
142,1964f787b98e4e44fcf24732a3df368d6208d1f7e00e4fe7f165f145771d5bc9.png,58,50-60,authoritative_subset_annotations,CIMMYT_1,authoritative_subset_annotations,Post-Flowering,authoritative_subset_annotations,0.02610175751524428,Low (<10%)
143,1973459c5480a960001da161ee150059b6b764d8ee0b8fb398f69d51f4089a63.png,18,10-20,authoritative_subset_annotations,Terraref_1,authoritative_subset_annotations,Ripening,authoritative_subset_annotations,0.028684646523148703,Low (<10%)
144,1a0510f1b6b50f83e0547423eb1d4a68931ddf9c16ff792e9591973bbca020a8.png,97,80-100,authoritative_subset_annotations,UQ_10,authoritative_subset_annotations,Filling-Ripening,authoritative_subset_annotations,0.0977317121335208,Low (<10%)
145,1a24e7af16b297a24581254c8da6cb452dd6317dfcacc940ee209c311fc89bec.png,18,10-20,authoritative_subset_annotations,Terraref_1,authoritative_subset_annotations,Ripening,authoritative_subset_annotations,0.0,Low (<10%)
146,1a257109ccb818809c9bd97c4d9dc877550e83a5d960dc8cac078b5bd450bc1a.png,39,30-40,authoritative_subset_annotations,CIMMYT_1,authoritative_subset_annotations,Post-Flowering,authoritative_subset_annotations,0.08276841379973168,Low (<10%)
147,1ada1f980c795da5f80bca4416747427fda17029bda8b894469eff77698e77bd.png,61,60-70,authoritative_subset_annotations,NAU_2,authoritative_subset_annotations,Post-Flowering,authoritative_subset_annotations,0.052490441400959625,Low (<10%)
148,1b27a61eb7d6822eca7af87ad3be2d7422446603becbb93ddbea061f09ffbff3.png,39,30-40,authoritative_subset_annotations,NAU_2,authoritative_subset_annotations,Post-Flowering,authoritative_subset_annotations,0.041371959314364146,Low (<10%)
149,1b41fbca4861e82e8a74ba0eeb27bd22892ecaed976190100ecc42a3639c70c8.png,17,10-20,authoritative_subset_annotations,Terraref_1,authoritative_subset_annotations,Ripening,authoritative_subset_annotations,0.0024214130096483037,Low (<10%)
150,1b586d8be748bfb8d24654aa40e368f2e1a60ae98abb249ba78abfb597a79a9c.png,23,20-30,authoritative_subset_annotations,NAU_2,authoritative_subset_annotations,Post-Flowering,authoritative_subset_annotations,0.04363210922517675,Low (<10%)
151,1bc40765823188639221e9bef9cf35e73906553a6809b47d564dca35aa67dcae.png,54,50-60,authoritative_subset_annotations,NAU_2,authoritative_subset_annotations,Post-Flowering,authoritative_subset_annotations,0.06706025282009631,Low (<10%)
152,1bd0dd4d55a78f926d0948615ba9929b4d30c317e284836fe38ec5e23a70105d.png,29,20-30,authoritative_subset_annotations,ARC_1,authoritative_subset_annotations,Filling,authoritative_subset_annotations,0.21188127488704342,Medium (10-30%)
153,1c48ae399ac91d1c35c7c635923157a1e36c721a77923a5e2fee75f31210d622.png,25,20-30,authoritative_subset_annotations,Terraref_2,authoritative_subset_annotations,Filling,authoritative_subset_annotations,0.008613397661750967,Low (<10%)
154,1c56d8de4eee8f551e02fd35cd5014f437f86a6febbf886084c60a0ab487404e.png,74,70-80,authoritative_subset_annotations,KSU_1,authoritative_subset_annotations,Post-Flowering,authoritative_subset_annotations,0.11530449993542245,Medium (10-30%)
155,1ca430e858d0f9ef14ae2ee9593a20e77475a053dcfbf1194359ca4846ed4ee0.png,1,0-10,authoritative_subset_annotations,Terraref_1,authoritative_subset_annotations,Ripening,authoritative_subset_annotations,0.0,Low (<10%)
156,1cbdbb80568943a7b93e98fa8994ca903c40a1fe2b82fa6ee5dad5c900519b72.png,31,30-40,authoritative_subset_annotations,KSU_3,authoritative_subset_annotations,Filling,authoritative_subset_annotations,0.018914972454505956,Low (<10%)
157,1cc062b000adf4603ca02e234006aec044ad4454d13dd769402a4ce68787a000.png,62,60-70,authoritative_subset_annotations,CIMMYT_2,authoritative_subset_annotations,Post-Flowering,authoritative_subset_annotations,0.14411535748211027,Medium (10-30%)
158,1cebcfb6cc32acde7e095d65f81820168cf884435dc4bbecf1eb240d5bf0042f.png,64,60-70,authoritative_subset_annotations,NAU_2,authoritative_subset_annotations,Post-Flowering,authoritative_subset_annotations,0.05185280146881616,Low (<10%)
159,1ced1604043e88d1fc4c1949a03d765478771bd5ba9670d39d090a2471a26927.png,60,60-70,authoritative_subset_annotations,KSU_3,authoritative_subset_annotations,Filling,authoritative_subset_annotations,0.14812604729325854,Medium (10-30%)
160,1ceffde8e25265825dad91a152fcfe8fb34e174b2977ea0f0ed2dd0111b9c49a.png,21,20-30,authoritative_subset_annotations,NAU_2,authoritative_subset_annotations,Post-Flowering,authoritative_subset_annotations,0.06350273543379235,Low (<10%)
161,1cfcaf4c84ca43eb49c1a95b71c35c8cb3c903e714ac8e3bd5da1e1f4996d301.png,48,40-50,authoritative_subset_annotations,KSU_3,authoritative_subset_annotations,Filling,authoritative_subset_annotations,0.042703516104476875,Low (<10%)
162,1d0b9ad08b388990f7804a7dea78520c0e1a5618bfed938e16cde7dcce2b4c45.png,34,30-40,authoritative_subset_annotations,NAU_2,authoritative_subset_annotations,Post-Flowering,authoritative_subset_annotations,0.05345438119045954,Low (<10%)
163,1d4a29d25aee6401f16ade8997aa26a2b400709a16e97b8e3cfbc92542e2004a.png,17,10-20,authoritative_subset_annotations,Terraref_1,authoritative_subset_annotations,Ripening,authoritative_subset_annotations,0.08703744885986218,Low (<10%)
164,1d57f47001e0c25862f2d4e2bc0f373be74649ed8c67a25c87ae09bbca3720cb.png,57,50-60,authoritative_subset_annotations,KSU_1,authoritative_subset_annotations,Post-Flowering,authoritative_subset_annotations,0.0345011074325251,Low (<10%)
165,1d823b99d6d3bc377527d033afa825a28f0d43783ee1dc494d407ecb0ea3de6d.png,60,60-70,authoritative_subset_annotations,KSU_2,authoritative_subset_annotations,Post-Flowering,authoritative_subset_annotations,0.09500280117564767,Low (<10%)
166,1d92bcb621fe0c25953c39fa8b27a08fddf48225a73754b196b6d8e6a4b81a1c.png,68,60-70,authoritative_subset_annotations,KSU_4,authoritative_subset_annotations,Ripening,authoritative_subset_annotations,0.08493151228279482,Low (<10%)
167,1e0c229ab7ac6ef4f06cef8d249a74af275960f2a9d8079b8903bba2b9c0b529.png,48,40-50,authoritative_subset_annotations,CIMMYT_2,authoritative_subset_annotations,Post-Flowering,authoritative_subset_annotations,0.011117976635999475,Low (<10%)
168,1e1765202ba7a990f29822a233e29f1e712a63d5b35f8ac5a32c2b71af059a11.png,49,40-50,authoritative_subset_annotations,KSU_2,authoritative_subset_annotations,Post-Flowering,authoritative_subset_annotations,0.07950990646246958,Low (<10%)
169,1e786f98ae19e39385c4b391367870fb9341a441aa8f7c0002e83680017e0940.png,52,50-60,authoritative_subset_annotations,KSU_2,authoritative_subset_annotations,Post-Flowering,authoritative_subset_annotations,0.06380134376388899,Low (<10%)
170,1e8d95aad994bcdb52af88a0ebb9cb27cace7222a1ada38885663137f1c724c9.png,73,70-80,authoritative_subset_annotations,Ukyoto_1,authoritative_subset_annotations,Post-Flowering,authoritative_subset_annotations,0.3757115373929943,High (>30%)
171,1e9ef62c085a28609de8e1a025a355deecb770984d6ee3761c6bcf54c036abf9.png,46,40-50,authoritative_subset_annotations,CIMMYT_2,authoritative_subset_annotations,Post-Flowering,authoritative_subset_annotations,0.19296491528044776,Medium (10-30%)
172,1eb2b1b28df7f011064f86485e89ec5b88530adfe4aa650b53a079ccb50789cc.png,62,60-70,authoritative_subset_annotations,Ukyoto_1,authoritative_subset_annotations,Post-Flowering,authoritative_subset_annotations,0.15330560733139348,Medium (10-30%)
173,1eee7b179166ee19ec33be12ed7d89cb16cefce0c240eae8eb85dd6a459c323b.png,73,70-80,authoritative_subset_annotations,KSU_1,authoritative_subset_annotations,Post-Flowering,authoritative_subset_annotations,0.1474399194036015,Medium (10-30%)
174,1f4d9b6ce15095108cdd95e7c2ef59164339014c8bdbf5803ed1be99186cab26.png,53,50-60,authoritative_subset_annotations,KSU_2,authoritative_subset_annotations,Post-Flowering,authoritative_subset_annotations,0.03135714631962549,Low (<10%)
175,1f696cb574f4c4d395ca8e511a5c9778a5a81c00ce9e2e93e4344444b0eecb6a.png,59,50-60,authoritative_subset_annotations,CIMMYT_1,authoritative_subset_annotations,Post-Flowering,authoritative_subset_annotations,0.02375340810858741,Low (<10%)
176,1f9f265094d6ed2e1dd85d8d8f900dd56e0aaf40e2b23a503fe3ef821ebaef5a.png,34,30-40,authoritative_subset_annotations,CIMMYT_2,authoritative_subset_annotations,Post-Flowering,authoritative_subset_annotations,0.08971218013447771,Low (<10%)
177,1fb912e8a635b3dcd9854876a8470997aba099ec390f0e60c63aaa4c5840203b.png,46,40-50,authoritative_subset_annotations,CIMMYT_3,authoritative_subset_annotations,Post-Flowering,authoritative_subset_annotations,0.18109779389117173,Medium (10-30%)
178,20072fe73172da25773533cef819d8f61a027a807f8e53018797910a367daa98.png,27,20-30,authoritative_subset_annotations,CIMMYT_2,authoritative_subset_annotations,Post-Flowering,authoritative_subset_annotations,0.2320685626240802,Medium (10-30%)
179,205b7756592388fbd725179470b5c6a7e41f2f395251f37da3f8604b5e5acb19.png,71,70-80,authoritative_subset_annotations,KSU_1,authoritative_subset_annotations,Post-Flowering,authoritative_subset_annotations,0.17033076618814963,Medium (10-30%)
180,20d1649beb0899588bc565886f2d403672f5f190ce57d9f8ea10965b83b471d8.png,6,0-10,authoritative_subset_annotations,Ukyoto_1,authoritative_subset_annotations,Post-Flowering,authoritative_subset_annotations,0.0,Low (<10%)
181,20d74b9f0fafc60404129288a8818c1d8bc788f9e8e06f86ca070fef103d13cc.png,94,80-100,authoritative_subset_annotations,KSU_1,authoritative_subset_annotations,Post-Flowering,authoritative_subset_annotations,0.18081796012111856,Medium (10-30%)
182,216096b25e0ffe47cb3d51c202d16e274e43eaba3c671b183307a186f6ac28a3.png,54,50-60,authoritative_subset_annotations,KSU_1,authoritative_subset_annotations,Post-Flowering,authoritative_subset_annotations,0.21976808795362232,Medium (10-30%)
183,21829eb8f13fa02b5c90d7dd6940404619271a4615f743bdae2102c8715d24cf.png,73,70-80,authoritative_subset_annotations,Ukyoto_1,authoritative_subset_annotations,Post-Flowering,authoritative_subset_annotations,0.2098640295748383,Medium (10-30%)
184,21be867e44a493d4023cdd6bf7796d7955b9606b61f61f3f31b1ec2c64bb7c1d.png,96,80-100,authoritative_subset_annotations,UQ_8,authoritative_subset_annotations,Ripening,authoritative_subset_annotations,0.11785577090182807,Medium (10-30%)
185,21dbba757b5d04ece17376deeb1aef9b7a0c87e610aa30da4a0e95cc74c4ef7d.png,48,40-50,authoritative_subset_annotations,CIMMYT_1,authoritative_subset_annotations,Post-Flowering,authoritative_subset_annotations,0.006872145686433302,Low (<10%)
186,223562d184e5c4e5d6d2a5c08f55732c7990c21ec699e60a72bb8fed51b6f925.png,41,40-50,authoritative_subset_annotations,Terraref_1,authoritative_subset_annotations,Ripening,authoritative_subset_annotations,0.042829997973019646,Low (<10%)
187,224e7c20c154a115857f1477dbc234a6a9b12d0a60d737fb8f14e51cd7f2ea0a.png,102,>100,authoritative_subset_annotations,UQ_8,authoritative_subset_annotations,Ripening,authoritative_subset_annotations,0.16180297026542734,Medium (10-30%)
188,224f62ea063097e0a0307a8aae00a86d1f75849e5c3bd88cdcf7e176e975a667.png,26,20-30,authoritative_subset_annotations,Terraref_1,authoritative_subset_annotations,Ripening,authoritative_subset_annotations,0.00796911421911422,Low (<10%)
189,2267955954a944c4fa8823e224dc3354396c3a89bc7c2053127f9aeb1dca8851.png,57,50-60,authoritative_subset_annotations,KSU_1,authoritative_subset_annotations,Post-Flowering,authoritative_subset_annotations,0.09420328756312701,Low (<10%)
190,2274bedd2507881c8c010493a286f826f90176ecdede1f673733a10210e440cb.png,56,50-60,authoritative_subset_annotations,KSU_3,authoritative_subset_annotations,Filling,authoritative_subset_annotations,0.10239637119506825,Medium (10-30%)
191,2279459995886077aa62038c25ecef51cef549334a3c4d9488190c879d464658.png,62,60-70,authoritative_subset_annotations,KSU_1,authoritative_subset_annotations,Post-Flowering,authoritative_subset_annotations,0.12793138909881135,Medium (10-30%)
192,227e50b2d87471115202f2282a99bc36cba7fce440da07ce4d6e0e65014ae1dc.png,30,30-40,authoritative_subset_annotations,UQ_11,authoritative_subset_annotations,Post-Flowering,authoritative_subset_annotations,0.04316527150671335,Low (<10%)
193,22927ef070b9c5c9c1ee1a9fd0fd3b5905ec3bed3f749cc271e759c3f00a2564.png,49,40-50,authoritative_subset_annotations,NAU_3,authoritative_subset_annotations,Filling,authoritative_subset_annotations,0.25226873755775214,Medium (10-30%)
194,22c75056b2b0245881eea04796f0447c2925cffb01c4cea195c086925656933a.png,66,60-70,authoritative_subset_annotations,KSU_4,authoritative_subset_annotations,Ripening,authoritative_subset_annotations,0.23134055982744844,Medium (10-30%)
195,2300be7a153142ce5e18487849d49a647b59d9b92a26ab5938b1f558871f42c1.png,55,50-60,authoritative_subset_annotations,UQ_10,authoritative_subset_annotations,Filling-Ripening,authoritative_subset_annotations,0.07721781542745339,Low (<10%)
196,230dc86a67f0d8f828cc3eae44c02defc17d443539e5a2348a5fc900f6195cf6.png,19,10-20,authoritative_subset_annotations,NAU_3,authoritative_subset_annotations,Filling,authoritative_subset_annotations,0.010989196210039208,Low (<10%)
197,2314f17cc6e507b9658789d3aa71e7699e6c7cd926ab2f216bf9cec6ff476af6.png,31,30-40,authoritative_subset_annotations,Terraref_2,authoritative_subset_annotations,Filling,authoritative_subset_annotations,0.017412525353837506,Low (<10%)
198,232a85cf5769803324399f8edc95020327fe725f26c3369b45de3e79849350a2.png,62,60-70,authoritative_subset_annotations,KSU_3,authoritative_subset_annotations,Filling,authoritative_subset_annotations,0.18742399714866698,Medium (10-30%)
199,2370130ef5b0ca2f36984c1ca8987e1be6b964875fc1bc6a28a179b35a014e4b.png,59,50-60,authoritative_subset_annotations,KSU_3,authoritative_subset_annotations,Filling,authoritative_subset_annotations,0.12086912505958297,Medium (10-30%)
200,2375d7efe1c7d1028bf33f382db9aeafbca936349f3bf746a82c6c8816f3e586.png,30,30-40,authoritative_subset_annotations,NAU_2,authoritative_subset_annotations,Post-Flowering,authoritative_subset_annotations,0.007840467303431225,Low (<10%)
201,2394b99443f6a5e6434e7a84f7d40de3ab4ae4be3847c180d5891ac6366752fb.png,37,30-40,authoritative_subset_annotations,Terraref_1,authoritative_subset_annotations,Ripening,authoritative_subset_annotations,0.04106013628396372,Low (<10%)
202,23bf5c0e084ab1791e83713ba6ade4544de2eed92ba2c1aeaa3d6b1b141b865f.png,34,30-40,authoritative_subset_annotations,NAU_2,authoritative_subset_annotations,Post-Flowering,authoritative_subset_annotations,0.0700630228846872,Low (<10%)
203,2455a3fc2616d0d636e58869ece4eec312c23085b6bebed861652f11e95227d8.png,31,30-40,authoritative_subset_annotations,Terraref_1,authoritative_subset_annotations,Ripening,authoritative_subset_annotations,0.004555791908912694,Low (<10%)
204,248657f2894abbcae392403c5a9f3e04fcf44793531cf7a2e6caab196e0b2707.png,32,30-40,authoritative_subset_annotations,CIMMYT_2,authoritative_subset_annotations,Post-Flowering,authoritative_subset_annotations,0.10687657282439864,Medium (10-30%)
205,24b5bbd9387d423602229ef9a0af0cb318b466ac773080c75d301695bcb9651e.png,36,30-40,authoritative_subset_annotations,Terraref_1,authoritative_subset_annotations,Ripening,authoritative_subset_annotations,0.007708460929258849,Low (<10%)
206,24ced09f225f8606c584b0c777ee1cf96e71c0629365e3cc6d18bdcd5023efe2.png,0,0-10,authoritative_subset_annotations,Terraref_2,authoritative_subset_annotations,Filling,authoritative_subset_annotations,0.0,Low (<10%)
207,25234be8341796d409d886477d686ae1fdf98e61da3edcd3269b4c7c076c6f83.png,58,50-60,authoritative_subset_annotations,UQ_9,authoritative_subset_annotations,Filling-Ripening,authoritative_subset_annotations,0.0918088601432972,Low (<10%)
208,253f322db6517ee87fb7fe3b0fcc23b77de7c486b46b0ccab4bf1fb12dea9ac8.png,11,10-20,authoritative_subset_annotations,Terraref_1,authoritative_subset_annotations,Ripening,authoritative_subset_annotations,0.07124974348084266,Low (<10%)
209,255b6ca9fea63f44125e5174bc932470b604c76043071522ba0ef63abb1a544b.png,51,50-60,authoritative_subset_annotations,UQ_7,authoritative_subset_annotations,Ripening,authoritative_subset_annotations,0.04467880126801965,Low (<10%)
210,259ce49379c01a537a72835471e8f1ab7019ceb57bb4cbd4a79cf4c247ce9cb0.png,43,40-50,authoritative_subset_annotations,KSU_4,authoritative_subset_annotations,Ripening,authoritative_subset_annotations,0.06499788850328238,Low (<10%)
211,259d3d3b3daeb8539d8d9150da52353e39621f5079017e674d6afa95f3e033ca.png,54,50-60,authoritative_subset_annotations,KSU_2,authoritative_subset_annotations,Post-Flowering,authoritative_subset_annotations,0.05729828492743353,Low (<10%)
212,25aa98a73d73f08829c72a77a51daf19567f2484aca0248542c39d0bd25b5616.png,41,40-50,authoritative_subset_annotations,NAU_3,authoritative_subset_annotations,Filling,authoritative_subset_annotations,0.021211952783268824,Low (<10%)
213,25f4057c1809a794136ac545545590d36993ea1d44526595012a9b3927997487.png,68,60-70,authoritative_subset_annotations,KSU_3,authoritative_subset_annotations,Filling,authoritative_subset_annotations,0.11400426657383846,Medium (10-30%)
214,260348c9fce2451022db95b0f3ea87a5be7b1bcd08c04bc78fa8f8b34a49b39f.png,0,0-10,authoritative_subset_annotations,Terraref_2,authoritative_subset_annotations,Filling,authoritative_subset_annotations,0.0,Low (<10%)
215,260b83e468e909f764afd9fd4b38b3bdf88df152a9990d2ae0a03d953e7bd95b.png,39,30-40,authoritative_subset_annotations,Terraref_1,authoritative_subset_annotations,Ripening,authoritative_subset_annotations,0.04659148643820009,Low (<10%)
216,2683a3f58a2d62dc2105e522573ddcd479ee4b37f64287cbffe43ddb2c53ff8a.png,43,40-50,authoritative_subset_annotations,KSU_3,authoritative_subset_annotations,Filling,authoritative_subset_annotations,0.10382192852204276,Medium (10-30%)
217,2763d62501bd78afebed937d246bba23eeb2446b4af160344fd3fad7bbe99083.png,58,50-60,authoritative_subset_annotations,NAU_2,authoritative_subset_annotations,Post-Flowering,authoritative_subset_annotations,0.04538899006420823,Low (<10%)
218,279f819a03c1840ab2d8fcc5cfd79f19df00480df7934594264b5a49fc7e5ea1.png,36,30-40,authoritative_subset_annotations,KSU_2,authoritative_subset_annotations,Post-Flowering,authoritative_subset_annotations,0.09284759756056095,Low (<10%)
219,27d4d7eea2e782f6495844c81382c9411f825c8f4b2ede0e943d9edb8398c52b.png,42,40-50,authoritative_subset_annotations,NAU_3,authoritative_subset_annotations,Filling,authoritative_subset_annotations,0.016523707558694284,Low (<10%)
220,27ddb9f60a0874e654c48e0a8d20e98a87463986f0e1c14aa3cb2cca639b71f3.png,37,30-40,authoritative_subset_annotations,Ukyoto_1,authoritative_subset_annotations,Post-Flowering,authoritative_subset_annotations,0.19209667644071232,Medium (10-30%)
221,281dec878a39614b8b7aadd05eadbd2b9f0ce5ce85d1a58c299ecdb1622e5fdc.png,110,>100,authoritative_subset_annotations,KSU_2,authoritative_subset_annotations,Post-Flowering,authoritative_subset_annotations,0.12482691553174964,Medium (10-30%)
222,284177026a7f717f755d6736c0eaf060ed9b3e54d9e38628c21681698a955a56.png,88,80-100,authoritative_subset_annotations,UQ_9,authoritative_subset_annotations,Filling-Ripening,authoritative_subset_annotations,0.20267910849977325,Medium (10-30%)
223,2858895582ee3505e92d91c150e0f1c2b55287a054b30e366cce55a3233e0e47.png,48,40-50,authoritative_subset_annotations,NAU_2,authoritative_subset_annotations,Post-Flowering,authoritative_subset_annotations,0.06861447866003866,Low (<10%)
224,2883eaf52c066010f355073a27255853615f887498f51ac16b76da33a11c1bad.png,42,40-50,authoritative_subset_annotations,NAU_3,authoritative_subset_annotations,Filling,authoritative_subset_annotations,0.07548282430578278,Low (<10%)
225,28c731734925b18cde824a54d23d152a91df185f3185311a7447477f380bb157.png,43,40-50,authoritative_subset_annotations,CIMMYT_2,authoritative_subset_annotations,Post-Flowering,authoritative_subset_annotations,0.03304444795601416,Low (<10%)
226,28dba502f07be2f82618440a7d5464f4eba025c85084ec6915a7e7eec0bb9fd0.png,0,0-10,authoritative_subset_annotations,Terraref_1,authoritative_subset_annotations,Ripening,authoritative_subset_annotations,0.0,Low (<10%)
227,29030488c25263572c1eededad27656fd328cd683bc7df6fd3359ff80b05a758.png,63,60-70,authoritative_subset_annotations,KSU_4,authoritative_subset_annotations,Ripening,authoritative_subset_annotations,0.06245194328897149,Low (<10%)
228,2929fcfd81f57044b802b0ed1dc1ed29c1e78b571df775622622ae6d8cafe424.png,49,40-50,authoritative_subset_annotations,KSU_3,authoritative_subset_annotations,Filling,authoritative_subset_annotations,0.1503442508422753,Medium (10-30%)
229,295be27efeba740d2547a46e5115876ba2475ac65f4c5721c91c9be4674dc8c2.png,91,80-100,authoritative_subset_annotations,UQ_10,authoritative_subset_annotations,Filling-Ripening,authoritative_subset_annotations,0.09381970558513027,Low (<10%)
230,29755833fc57764083398f70feebaffa734acc5a532fd55b42e5598578f78056.png,51,50-60,authoritative_subset_annotations,KSU_3,authoritative_subset_annotations,Filling,authoritative_subset_annotations,0.13037771894009403,Medium (10-30%)
231,29938e9e84df4b10dd2717458dce55362be29c72116c7726ce3f086790ff75fc.png,50,50-60,authoritative_subset_annotations,KSU_3,authoritative_subset_annotations,Filling,authoritative_subset_annotations,0.03888723358071095,Low (<10%)
232,299a5912acf82fb9cd26bfb4006f447bee894df93060aa54a4549c6baf1019d2.png,14,10-20,authoritative_subset_annotations,Terraref_2,authoritative_subset_annotations,Filling,authoritative_subset_annotations,0.0,Low (<10%)
233,29d033e0c0d1262b3645538da8ed80bbab2157517bb96a14762692c686647ef1.png,70,70-80,authoritative_subset_annotations,NAU_2,authoritative_subset_annotations,Post-Flowering,authoritative_subset_annotations,0.06037118725001511,Low (<10%)
234,29ec0c2a7cdda8520e3b6a0332e790ec7352bc7d19b1f546cf5e1bbb402671a4.png,17,10-20,authoritative_subset_annotations,Terraref_2,authoritative_subset_annotations,Filling,authoritative_subset_annotations,0.001056347933721552,Low (<10%)
235,29fa3df7b00eb18500a9fb517d8f4980851189d371e546e09a6387793e768075.png,55,50-60,authoritative_subset_annotations,KSU_4,authoritative_subset_annotations,Ripening,authoritative_subset_annotations,0.22607275686274914,Medium (10-30%)
236,2a47f78c1f8919ccb888ff1d3da4cab3db4ef9eaaaef53745220f7f0ad1510c1.png,66,60-70,authoritative_subset_annotations,Ukyoto_1,authoritative_subset_annotations,Post-Flowering,authoritative_subset_annotations,0.21220952419129036,Medium (10-30%)
237,2ad3138a30944329e2f38f12ed5b0415a2ca2e6f81c0fd698cf167d2c6f77de1.png,65,60-70,authoritative_subset_annotations,UQ_10,authoritative_subset_annotations,Filling-Ripening,authoritative_subset_annotations,0.16004395054195406,Medium (10-30%)
238,2af5b4e752d75e984a8eb4d71b7832bd46882ee94b7bf7cf9c60776883382e41.png,79,70-80,authoritative_subset_annotations,UQ_10,authoritative_subset_annotations,Filling-Ripening,authoritative_subset_annotations,0.09450687253454657,Low (<10%)
239,2b026c07686c58b2f513eaa421d5e101d9b9efad4951fa2f680d56fc29226ef9.png,68,60-70,authoritative_subset_annotations,KSU_3,authoritative_subset_annotations,Filling,authoritative_subset_annotations,0.02204871028899634,Low (<10%)
240,2b1599bf54268582da45ef5121466415193bbd240c807ae5bcfae16f9bc15820.png,16,10-20,authoritative_subset_annotations,UQ_9,authoritative_subset_annotations,Filling-Ripening,authoritative_subset_annotations,0.027901785714285712,Low (<10%)
241,2b671e0734b8b0159cc84105ae4a93b6ed87166165385443057e534ae192a137.png,54,50-60,authoritative_subset_annotations,UQ_11,authoritative_subset_annotations,Post-Flowering,authoritative_subset_annotations,0.023011730625788224,Low (<10%)
242,2b95dce4cfa85a93aebd6b1078bf3f5b72f12694e2eb32c38ef4ec51ebb6377a.png,11,10-20,authoritative_subset_annotations,Terraref_2,authoritative_subset_annotations,Filling,authoritative_subset_annotations,0.0,Low (<10%)
243,2bab9e139604101339a6cc5e7a7ac0fda1ec94bf3da876c9a8e5e629ea3e0785.png,0,0-10,authoritative_subset_annotations,Terraref_1,authoritative_subset_annotations,Ripening,authoritative_subset_annotations,0.0,Low (<10%)
244,2bbed6d9b3b08a01a6e7bb5399431db9e8d9c58c9738234c0fa6dcea845c3462.png,43,40-50,authoritative_subset_annotations,UQ_11,authoritative_subset_annotations,Post-Flowering,authoritative_subset_annotations,0.031246501078348622,Low (<10%)
245,2c22c4bf113e9baa919c29262e009933cc2a25f2fa45b679d0d1b368f31bb13f.png,8,0-10,authoritative_subset_annotations,CIMMYT_3,authoritative_subset_annotations,Post-Flowering,authoritative_subset_annotations,0.1743215504825412,Medium (10-30%)
246,2c49b7855a12c3dc64c0cd5dd5296d30337eed527251fcac593f4cd6f65d936b.png,69,60-70,authoritative_subset_annotations,NAU_3,authoritative_subset_annotations,Filling,authoritative_subset_annotations,0.03242314130867487,Low (<10%)
247,2c7bd7448e8f9af651d9e3042693a343c95bddf0bb91691c1401cad0b4e26e18.png,52,50-60,authoritative_subset_annotations,CIMMYT_1,authoritative_subset_annotations,Post-Flowering,authoritative_subset_annotations,0.29424198918282396,Medium (10-30%)
248,2c906513d2e8186cad64b65514d02935de49ff0396c27f17e98dc89c55bc3d45.png,64,60-70,authoritative_subset_annotations,NAU_3,authoritative_subset_annotations,Filling,authoritative_subset_annotations,0.1363007533955581,Medium (10-30%)
249,2ce3bf91208f10d7be861b2f1ce6569a9ac2e8c91b09bb793b65c9db7560ea30.png,1,0-10,authoritative_subset_annotations,Terraref_2,authoritative_subset_annotations,Filling,authoritative_subset_annotations,0.0,Low (<10%)
250,2d20727adc01b18f6ac88e99ec03ff3110db43b3120551fb07f4f163ad240b30.png,136,>100,authoritative_subset_annotations,UQ_8,authoritative_subset_annotations,Ripening,authoritative_subset_annotations,0.1645822546108092,Medium (10-30%)
251,2d3a35633bac393d49d4d5a75607a667ed6b761415f243138685c235294789f6.png,60,60-70,authoritative_subset_annotations,KSU_4,authoritative_subset_annotations,Ripening,authoritative_subset_annotations,0.07983964599816686,Low (<10%)
252,2d43cd9ea17e31129a4812b96740f285b7d3dbeafd83685fbf220efe8e76fb36.png,23,20-30,authoritative_subset_annotations,Terraref_1,authoritative_subset_annotations,Ripening,authoritative_subset_annotations,0.02612878520089549,Low (<10%)
253,2d6b1ab01e37e86f5f3920275901621fe537960ed5ab51e6d1f814944bad4aa5.png,38,30-40,authoritative_subset_annotations,Terraref_1,authoritative_subset_annotations,Ripening,authoritative_subset_annotations,0.032845909520665476,Low (<10%)
254,2d81fafba1986ba2f8787a518d69007e691bf2bbf9675437092762351c77bfec.png,35,30-40,authoritative_subset_annotations,NAU_3,authoritative_subset_annotations,Filling,authoritative_subset_annotations,0.009302520752193707,Low (<10%)
255,2db5b8f8e9600297ca4af0cf8e8b871f8b0a29d8e1f615d7227bccad07d82a1a.png,86,80-100,authoritative_subset_annotations,Ukyoto_1,authoritative_subset_annotations,Post-Flowering,authoritative_subset_annotations,0.3970006179547931,High (>30%)
256,2dbc0658ea23e8be37a6b11ca3b77bb9547a0da61f9538e727f91e1704d87da7.png,48,40-50,authoritative_subset_annotations,NAU_2,authoritative_subset_annotations,Post-Flowering,authoritative_subset_annotations,0.03684828182871318,Low (<10%)
257,2dc0c4e71b6d6952eb0239f3ec7fa020a899c79c41c731bace26c59a28dcc218.png,28,20-30,authoritative_subset_annotations,CIMMYT_2,authoritative_subset_annotations,Post-Flowering,authoritative_subset_annotations,0.028686827386429175,Low (<10%)
258,2dc436ba94d465b39c1fc2059aee1dc4ff3b7224a577e8f9c70078c3766b86a8.png,79,70-80,authoritative_subset_annotations,UQ_11,authoritative_subset_annotations,Post-Flowering,authoritative_subset_annotations,0.11461850575789466,Medium (10-30%)
259,2df73d03279c1b2385c44280ea44302923dd08e69b5d3186059194dea74abf4d.png,82,80-100,authoritative_subset_annotations,KSU_1,authoritative_subset_annotations,Post-Flowering,authoritative_subset_annotations,0.14958874869498764,Medium (10-30%)
260,2e85f5b480dbb7d0e698d3d139fc493e6e52988c3a389e1a806a20bc004d2506.png,50,50-60,authoritative_subset_annotations,UQ_10,authoritative_subset_annotations,Filling-Ripening,authoritative_subset_annotations,0.03292089879571261,Low (<10%)
261,2e93ca5f3b0fb106f7b0346a4d799d6cd625d37bfdc9d364dde3d410862af1df.png,93,80-100,authoritative_subset_annotations,UQ_10,authoritative_subset_annotations,Filling-Ripening,authoritative_subset_annotations,0.08180505924203976,Low (<10%)
262,2e9e372f93542e86ac8f7518e5572c61ef412a48ea53bf8e6e2b21086e67c5f9.png,109,>100,authoritative_subset_annotations,NAU_2,authoritative_subset_annotations,Post-Flowering,authoritative_subset_annotations,0.055525640623893,Low (<10%)
263,2ead68ed0608d191daa755ef71246d84815c2f4badd2ae7a88ebb5e783863117.png,6,0-10,authoritative_subset_annotations,Terraref_2,authoritative_subset_annotations,Filling,authoritative_subset_annotations,0.03961916461916462,Low (<10%)
264,2ebc1edb8574427a21a245fbd141cd927ea3148b360c1c0c629b375067f805e9.png,30,30-40,authoritative_subset_annotations,KSU_3,authoritative_subset_annotations,Filling,authoritative_subset_annotations,0.002975295850950478,Low (<10%)
265,2ec02033c0b45083469a9d163fd78d20d979f55ae31ba2a4cfd2c5de84531a14.png,64,60-70,authoritative_subset_annotations,UQ_10,authoritative_subset_annotations,Filling-Ripening,authoritative_subset_annotations,0.11339024521416706,Medium (10-30%)
266,2f5bc8e88fec8bd7845e1001e46e1ab0c23a332a9e807cf9f240279a30f710fc.png,40,40-50,authoritative_subset_annotations,CIMMYT_2,authoritative_subset_annotations,Post-Flowering,authoritative_subset_annotations,0.0037158477355591275,Low (<10%)
267,2f696b7798940bb85174fe2b09cf1e0a514bd55f22c4a09cebcbd0ee0e10dd78.png,24,20-30,authoritative_subset_annotations,NAU_2,authoritative_subset_annotations,Post-Flowering,authoritative_subset_annotations,0.00599350569115708,Low (<10%)
268,2fc2c2ffb8f439595dd17254686f7b00d1d22fb05e4e31d469e01da7fb830ff6.png,32,30-40,authoritative_subset_annotations,CIMMYT_2,authoritative_subset_annotations,Post-Flowering,authoritative_subset_annotations,0.03793028673052007,Low (<10%)
269,2fe950067586f16b166af6073db8f1d4ff70b0d8ab783ba9bd6af1f26df07482.png,37,30-40,authoritative_subset_annotations,NAU_3,authoritative_subset_annotations,Filling,authoritative_subset_annotations,0.07455331838031745,Low (<10%)
270,3005d16e759a05db093de79140b12b3e0b59d46c39f10ceb9eadbc04d1e0f1f6.png,29,20-30,authoritative_subset_annotations,KSU_3,authoritative_subset_annotations,Filling,authoritative_subset_annotations,0.1018621098057551,Medium (10-30%)
271,302d1a957b908e767b7692170346cd5c12f2c1893e5a29bec762564eef8ddddc.png,73,70-80,authoritative_subset_annotations,NAU_2,authoritative_subset_annotations,Post-Flowering,authoritative_subset_annotations,0.13140897200240506,Medium (10-30%)
272,30f449d0b7abb740975ce55bb5f9c4181617fb14b0469b433f1f35ff4500a0d8.png,69,60-70,authoritative_subset_annotations,KSU_3,authoritative_subset_annotations,Filling,authoritative_subset_annotations,0.13034646140065084,Medium (10-30%)
273,3166bf63efdf71157c84cc56850ec55b4c6671010265cc5ce35a475c3be28c7e.png,54,50-60,authoritative_subset_annotations,KSU_3,authoritative_subset_annotations,Filling,authoritative_subset_annotations,0.08325038248097122,Low (<10%)
274,3182b5829e9c63d2f251adad02e182bdf3446da6ae723f1e66017cf230b570f7.png,32,30-40,authoritative_subset_annotations,Terraref_1,authoritative_subset_annotations,Ripening,authoritative_subset_annotations,0.006989079956925562,Low (<10%)
275,31a9da89d34debd33d52a11966a2dae5f060c545dca390a8cb295ee9875daa17.png,48,40-50,authoritative_subset_annotations,NAU_3,authoritative_subset_annotations,Filling,authoritative_subset_annotations,0.08601482549719279,Low (<10%)
276,31ca2c062a716f30e45f09c90f8b0b83f9158d02712a91efa3c3122fa5029d1e.png,26,20-30,authoritative_subset_annotations,CIMMYT_2,authoritative_subset_annotations,Post-Flowering,authoritative_subset_annotations,0.18161208638601659,Medium (10-30%)
277,3200c86b9d85eedabc75e6a2ccc6a65d455d59defe34242f178ff50f0d6d2cc5.png,71,70-80,authoritative_subset_annotations,KSU_2,authoritative_subset_annotations,Post-Flowering,authoritative_subset_annotations,0.07934150732236908,Low (<10%)
278,3206eca61bfba9990236943bea426444ca77afe0c6629d902ff17b3e9d57b172.png,36,30-40,authoritative_subset_annotations,NAU_3,authoritative_subset_annotations,Filling,authoritative_subset_annotations,0.06648315264172265,Low (<10%)
279,320d65be4720b663001ebfc54ad9bd7c7ce6a83991395681289472d688891184.png,59,50-60,authoritative_subset_annotations,CIMMYT_2,authoritative_subset_annotations,Post-Flowering,authoritative_subset_annotations,0.00956613522701185,Low (<10%)
280,3211d24e6c0e313846fc7344912b89a0000dac3f730c5e052e07413366802160.png,47,40-50,authoritative_subset_annotations,UQ_11,authoritative_subset_annotations,Post-Flowering,authoritative_subset_annotations,0.05507876202428669,Low (<10%)
281,3228c0dc7955a8dc72064acee8abbc65d05980925fda8e98b308296931b91259.png,77,70-80,authoritative_subset_annotations,UQ_10,authoritative_subset_annotations,Filling-Ripening,authoritative_subset_annotations,0.07636078975287496,Low (<10%)
282,32464482cb9f1bc815f55303c36431c4e6afe688fa5f954ff37b8c08406f53ba.png,76,70-80,authoritative_subset_annotations,KSU_1,authoritative_subset_annotations,Post-Flowering,authoritative_subset_annotations,0.11460603290365974,Medium (10-30%)
283,3290a0062dcd61e9d994f9d5d5c8149b2d0afe5ec19559c312c540ab475c6925.png,31,30-40,authoritative_subset_annotations,CIMMYT_2,authoritative_subset_annotations,Post-Flowering,authoritative_subset_annotations,0.04704006347980523,Low (<10%)
284,32990ce309359534e9f26b3e09cd349e2bf3aad3b48ec284091ddaa8ab013460.png,39,30-40,authoritative_subset_annotations,ARC_1,authoritative_subset_annotations,Filling,authoritative_subset_annotations,0.028522871732065882,Low (<10%)
285,32efb7a8276da012b0f6d156cccd6059bac8a43aa31689a260079fc58bd73219.png,97,80-100,authoritative_subset_annotations,UQ_7,authoritative_subset_annotations,Ripening,authoritative_subset_annotations,0.12202658732351424,Medium (10-30%)
286,335ddf93e1d6d02469a2c9554b872bcff10c9900fb05f0efc9707f386ed6b64a.png,29,20-30,authoritative_subset_annotations,CIMMYT_3,authoritative_subset_annotations,Post-Flowering,authoritative_subset_annotations,0.09898173264508278,Low (<10%)
287,336ab02fa8f63ad80a6c3f0c9f24a04097c4f108ad54334f0d519fd7c26b5a93.png,34,30-40,authoritative_subset_annotations,Terraref_1,authoritative_subset_annotations,Ripening,authoritative_subset_annotations,0.024586697552061935,Low (<10%)
288,336bede294591499d5a3447b3b43e8fee5231a11881c75dac1e3540641e2c5ed.png,25,20-30,authoritative_subset_annotations,NAU_3,authoritative_subset_annotations,Filling,authoritative_subset_annotations,0.0026628728414442703,Low (<10%)
289,33714477f88dd444b287ae4907999653d6af54f5f3973737084ad5889b37c56a.png,52,50-60,authoritative_subset_annotations,NAU_2,authoritative_subset_annotations,Post-Flowering,authoritative_subset_annotations,0.07714551462131149,Low (<10%)
290,33c408e74b526b81d69b324247d4f381c5cc2ce8f07ad20e93f879e7414cb7d8.png,24,20-30,authoritative_subset_annotations,NAU_3,authoritative_subset_annotations,Filling,authoritative_subset_annotations,0.021104516238969296,Low (<10%)
291,33d61f54ba990a3386a3c4466cf5ae81d59e2bbf4522907149ef3545e1f67c88.png,82,80-100,authoritative_subset_annotations,UQ_10,authoritative_subset_annotations,Filling-Ripening,authoritative_subset_annotations,0.13573305795679955,Medium (10-30%)
292,33d87623ff0cf75e5a88f34e2b47b7d30da5c371a34d950c058df723e6a6aaf9.png,39,30-40,authoritative_subset_annotations,Terraref_1,authoritative_subset_annotations,Ripening,authoritative_subset_annotations,0.03709479057895348,Low (<10%)
293,3402b022ce92b8ecb32f1baa71f40b2d98e3f4a8c21acd986244d1c91aa469c4.png,39,30-40,authoritative_subset_annotations,Terraref_1,authoritative_subset_annotations,Ripening,authoritative_subset_annotations,0.060945439284139126,Low (<10%)
294,343ffaa9b5648602b6b06cd39af8548633574461fd2262399e80b801dbb13941.png,42,40-50,authoritative_subset_annotations,KSU_2,authoritative_subset_annotations,Post-Flowering,authoritative_subset_annotations,0.013339343650233038,Low (<10%)
295,344657e5264e249f2314d2a41473491ee617ab5aca90de55632a9dadafe4e9a3.png,9,0-10,authoritative_subset_annotations,Terraref_1,authoritative_subset_annotations,Ripening,authoritative_subset_annotations,0.0,Low (<10%)
296,34b7c6020b04a588a0da2347d35cb8e4c901a26961444731a663641045491fd8.png,31,30-40,authoritative_subset_annotations,KSU_2,authoritative_subset_annotations,Post-Flowering,authoritative_subset_annotations,0.05771091933584834,Low (<10%)
297,353abd4169d490deb7b5c519561a317ef572a4a3cd3406864cca7759b6f530a6.png,71,70-80,authoritative_subset_annotations,Ukyoto_1,authoritative_subset_annotations,Post-Flowering,authoritative_subset_annotations,0.30415407701088415,High (>30%)
298,354b50373dc460d07c7e98cf89ad1fc9bdf5c18dea379efe57b370eedac90174.png,45,40-50,authoritative_subset_annotations,KSU_1,authoritative_subset_annotations,Post-Flowering,authoritative_subset_annotations,0.2164286211448075,Medium (10-30%)
299,357defcfdb8d4d08d57a3d82c678b5cb9f5ee485e0ba534ca42d92b8a472b12c.png,16,10-20,authoritative_subset_annotations,Terraref_1,authoritative_subset_annotations,Ripening,authoritative_subset_annotations,0.036190804811254126,Low (<10%)
300,35977130cb503bc72712723620d926fced13a7a84336f361cb8feda90a3d35a8.png,42,40-50,authoritative_subset_annotations,Terraref_1,authoritative_subset_annotations,Ripening,authoritative_subset_annotations,0.014002334321564862,Low (<10%)
301,35eca0aa9c4cdd7e2d90e3c9c45dc71cece58539393cd43b61093fdb181d86c7.png,37,30-40,authoritative_subset_annotations,CIMMYT_1,authoritative_subset_annotations,Post-Flowering,authoritative_subset_annotations,0.05632678464516618,Low (<10%)
302,36064fc36d5d54025c3bafcb0e061cc81347389cc85927855a91dd15d884b231.png,38,30-40,authoritative_subset_annotations,ARC_1,authoritative_subset_annotations,Filling,authoritative_subset_annotations,0.09318184357518489,Low (<10%)
303,36399c67e21101728d5fb0cb97c7f5a0656eef97f75e5da5c85a110692777e07.png,122,>100,authoritative_subset_annotations,UQ_10,authoritative_subset_annotations,Filling-Ripening,authoritative_subset_annotations,0.09767352081699784,Low (<10%)
304,36b21c2e71a11fac43f3b1d26f54c4bd78e1f334065d4143a2f1567bd71071b8.png,63,60-70,authoritative_subset_annotations,NAU_3,authoritative_subset_annotations,Filling,authoritative_subset_annotations,0.060903092329431946,Low (<10%)
305,36c8a234da786680326ef73ee0ea4006fd37eb5c9f00e301616e9bdf4c09eb8f.png,42,40-50,authoritative_subset_annotations,CIMMYT_1,authoritative_subset_annotations,Post-Flowering,authoritative_subset_annotations,0.2650730406467624,Medium (10-30%)
306,36dc0d21118d579f665fa1469c86c32b61647f5c07579937aefd9f825177b379.png,83,80-100,authoritative_subset_annotations,KSU_1,authoritative_subset_annotations,Post-Flowering,authoritative_subset_annotations,0.06146526957914526,Low (<10%)
307,37192bcfc99e7ae0aef62978612d9fcd97be1576c956d73eb69455e5a134d78d.png,57,50-60,authoritative_subset_annotations,NAU_2,authoritative_subset_annotations,Post-Flowering,authoritative_subset_annotations,0.13266894091778839,Medium (10-30%)
308,375c1b92174e59d0e6ee79d0e19740094f4257b9255d4fe0422520ba1ee54707.png,14,10-20,authoritative_subset_annotations,Ukyoto_1,authoritative_subset_annotations,Post-Flowering,authoritative_subset_annotations,0.05813587826828983,Low (<10%)
309,377779984f47d4d5222f62df8ec53800bf031bc155b03d071796e8cc57471406.png,69,60-70,authoritative_subset_annotations,NAU_3,authoritative_subset_annotations,Filling,authoritative_subset_annotations,0.052403327288219746,Low (<10%)
310,37b6e78cce0aaffefc0cbaecdf0c3be7c4446615a7bf53d7e6b17f88055bed22.png,53,50-60,authoritative_subset_annotations,KSU_3,authoritative_subset_annotations,Filling,authoritative_subset_annotations,0.06497867336595935,Low (<10%)
311,38175a75f60e4e352c3a1273eff5d4cd4796f8ac2f683bce37e8306c97ae1d5e.png,143,>100,authoritative_subset_annotations,UQ_8,authoritative_subset_annotations,Ripening,authoritative_subset_annotations,0.23804664575580206,Medium (10-30%)
312,3822143ee806e37bca7e7352538c39ff5b7b2c91f54c3d85763c7ada6b11e7a3.png,66,60-70,authoritative_subset_annotations,KSU_3,authoritative_subset_annotations,Filling,authoritative_subset_annotations,0.24802770224380896,Medium (10-30%)
313,38310fbc802de27fe5b4ce9955deead449d2635cd693ed25d73464fb8643fda3.png,3,0-10,authoritative_subset_annotations,Terraref_2,authoritative_subset_annotations,Filling,authoritative_subset_annotations,0.0,Low (<10%)
314,3848c38de54345c3fbdf8ea26e0f70f6d32f0cf723dae739234508e3f8f054c7.png,59,50-60,authoritative_subset_annotations,KSU_2,authoritative_subset_annotations,Post-Flowering,authoritative_subset_annotations,0.022405874886747487,Low (<10%)
315,384b30ec9aebecb3032402811c1fd567aba886ee292c31a458593c6cf5707d94.png,11,10-20,authoritative_subset_annotations,Terraref_1,authoritative_subset_annotations,Ripening,authoritative_subset_annotations,0.04803561178227967,Low (<10%)
316,385345ab4b25350b8f2fc7ab86b258271dd35b5558b4abc2f89a27ee5c5dd769.png,21,20-30,authoritative_subset_annotations,ARC_1,authoritative_subset_annotations,Filling,authoritative_subset_annotations,0.08234029646534463,Low (<10%)
317,38a4189dcaa7d2ab17a5b37fa18afc52dac2d850576ba50ad2c7e41fb3b7e335.png,34,30-40,authoritative_subset_annotations,NAU_3,authoritative_subset_annotations,Filling,authoritative_subset_annotations,0.0,Low (<10%)
318,38b4f833e85c5587c9b394ae982d375bdc2e1f8293dbceb1d65bbfe2bab2e18f.png,124,>100,authoritative_subset_annotations,UQ_8,authoritative_subset_annotations,Ripening,authoritative_subset_annotations,0.09362296375298705,Low (<10%)
319,38c7a35097d11efba611d47a35ef526b9e375be8d49c999ff6ce7346e5a92aad.png,37,30-40,authoritative_subset_annotations,NAU_3,authoritative_subset_annotations,Filling,authoritative_subset_annotations,0.10893022841996633,Medium (10-30%)
320,38cb838772cadc921cd800a0c731826f64baa836241390a1ede9ac82bc1b1735.png,67,60-70,authoritative_subset_annotations,Ukyoto_1,authoritative_subset_annotations,Post-Flowering,authoritative_subset_annotations,0.16674082281779268,Medium (10-30%)
321,390cb0cb6b50a447f107f26a441e8f3ed58b364b1f6a3275b0f95539c5637b91.png,42,40-50,authoritative_subset_annotations,NAU_3,authoritative_subset_annotations,Filling,authoritative_subset_annotations,0.01646318119511984,Low (<10%)
322,3928f1e276b6ff56dc88af9a73d39eb0b01e7cbef9087f3f398fadd3c33fbd87.png,47,40-50,authoritative_subset_annotations,NAU_2,authoritative_subset_annotations,Post-Flowering,authoritative_subset_annotations,0.06763195373757615,Low (<10%)
323,3946775014b559dbeff68c712de40883609423ade3b8eb27d962c681303683cb.png,38,30-40,authoritative_subset_annotations,NAU_3,authoritative_subset_annotations,Filling,authoritative_subset_annotations,0.036950510975043295,Low (<10%)
324,395b01f7bcd95139d6bdd1996a3b1e6b23d984db0bf13ce75338f381b9bf9675.png,2,0-10,authoritative_subset_annotations,Terraref_2,authoritative_subset_annotations,Filling,authoritative_subset_annotations,0.0,Low (<10%)
325,3960c038d6ebc9fc9e59dc943d39f3b7e2bb6bc72c78c35bff5a880faae8baf4.png,65,60-70,authoritative_subset_annotations,KSU_1,authoritative_subset_annotations,Post-Flowering,authoritative_subset_annotations,0.13091098796408215,Medium (10-30%)
326,3967dd8899c9b60b7af5155965552e48fa633faa9c08c4690f5619f6fff7d7f0.png,61,60-70,authoritative_subset_annotations,NAU_2,authoritative_subset_annotations,Post-Flowering,authoritative_subset_annotations,0.04158747241920086,Low (<10%)
327,3985cdc40ef59855d89e4b1db3dfab3830371cd24266e631dc13217c7a0a55e7.png,23,20-30,authoritative_subset_annotations,Terraref_1,authoritative_subset_annotations,Ripening,authoritative_subset_annotations,0.041596606926965804,Low (<10%)
328,3990b2e6bf796127d6bd5ab5a50a2ea07ac12391328c07c6d9cb85529b6b7f4e.png,44,40-50,authoritative_subset_annotations,CIMMYT_2,authoritative_subset_annotations,Post-Flowering,authoritative_subset_annotations,0.008248462777243353,Low (<10%)
329,39ac604c18b5c20a5146fde05f20951a1fdfb12792b519b333c1ddb69176c5e7.png,59,50-60,authoritative_subset_annotations,UQ_11,authoritative_subset_annotations,Post-Flowering,authoritative_subset_annotations,0.06078268692314941,Low (<10%)
330,3af1eafbafc4bad41537d1e8054858869386c3c5ca678caa2465bb4774a6fec1.png,29,20-30,authoritative_subset_annotations,Terraref_1,authoritative_subset_annotations,Ripening,authoritative_subset_annotations,0.039087545836513075,Low (<10%)
331,3b3f717734331a5502e6c73880472b07dcc103b86813c4022efd0eb456be3083.png,19,10-20,authoritative_subset_annotations,CIMMYT_3,authoritative_subset_annotations,Post-Flowering,authoritative_subset_annotations,0.01081495031001871,Low (<10%)
332,3b5d9666580c02fcf1ffe758f7fbf69a5833efba882f81113363c4350f417e1a.png,44,40-50,authoritative_subset_annotations,CIMMYT_1,authoritative_subset_annotations,Post-Flowering,authoritative_subset_annotations,0.09888188351484203,Low (<10%)
333,3be756fcc2311611443e3a13fa26487941b46633aa82d6d48e92c4c07804c2f1.png,41,40-50,authoritative_subset_annotations,Terraref_1,authoritative_subset_annotations,Ripening,authoritative_subset_annotations,0.047268438359030725,Low (<10%)
334,3bfc2f89a5c72e4f81b5975b611aca03b16622e026a16839404a97d8cb6e1942.png,13,10-20,authoritative_subset_annotations,Terraref_1,authoritative_subset_annotations,Ripening,authoritative_subset_annotations,0.046220594574106176,Low (<10%)
335,3c0e6a27d7f6ac53f4759f3c4ed9b769388b1636830fe0a50fed90f1e7b322ec.png,123,>100,authoritative_subset_annotations,UQ_8,authoritative_subset_annotations,Ripening,authoritative_subset_annotations,0.2092505264028253,Medium (10-30%)
336,3c19f1e0c2755b621a3b0aa96e918fc5746651d9bd8dd0587ae0f426a960e7ee.png,41,40-50,authoritative_subset_annotations,Terraref_1,authoritative_subset_annotations,Ripening,authoritative_subset_annotations,0.01270996158081993,Low (<10%)
337,3c3b97ab808f58aa2669f56e02482e7bcba8bce9b2e0b604fba02a889acf4f98.png,8,0-10,authoritative_subset_annotations,Terraref_2,authoritative_subset_annotations,Filling,authoritative_subset_annotations,0.04172209604153147,Low (<10%)
338,3c49bf0cf9ba5aba258813bc629bdeec63704943dba181553c34f33c9981e55f.png,39,30-40,authoritative_subset_annotations,UQ_11,authoritative_subset_annotations,Post-Flowering,authoritative_subset_annotations,0.0,Low (<10%)
339,3c56f10683bf71a7490c9c0d1fdc9d352833e4f7cb70e60942468899b2f1bf65.png,0,0-10,authoritative_subset_annotations,CIMMYT_2,authoritative_subset_annotations,Post-Flowering,authoritative_subset_annotations,0.0,Low (<10%)
340,3cd770174eb852e25011ac9cd7f935b1f166e05d9e4f83a420713868feb4fce7.png,109,>100,authoritative_subset_annotations,UQ_9,authoritative_subset_annotations,Filling-Ripening,authoritative_subset_annotations,0.4352779297911279,High (>30%)
341,3cdd56e53f4396c16757b115b4d51b1a501049b658842312a71319f01af4e85f.png,130,>100,authoritative_subset_annotations,UQ_8,authoritative_subset_annotations,Ripening,authoritative_subset_annotations,0.10917918975403104,Medium (10-30%)
342,3d2dd2b5040f59e94055c3bc6f6f3fca0264c010d9a0ab3360482e6762308ff0.png,68,60-70,authoritative_subset_annotations,KSU_2,authoritative_subset_annotations,Post-Flowering,authoritative_subset_annotations,0.1652453416515345,Medium (10-30%)
343,3d3dbc1bfd2d0c8e7f1d39e48341a99a1652c16dcae0d64497e226649c919211.png,9,0-10,authoritative_subset_annotations,Terraref_2,authoritative_subset_annotations,Filling,authoritative_subset_annotations,0.0,Low (<10%)
344,3d5dd9d69b906a5769a7d801d252316fd1f5e28009d064eca99e955ba155c473.png,61,60-70,authoritative_subset_annotations,NAU_3,authoritative_subset_annotations,Filling,authoritative_subset_annotations,0.06198865731284242,Low (<10%)
345,3d760ce3d555b49dc4d5108d2e9e6ae0b566ca7af53d06d6525c79bc64b698bf.png,63,60-70,authoritative_subset_annotations,Ukyoto_1,authoritative_subset_annotations,Post-Flowering,authoritative_subset_annotations,0.4048314999867573,High (>30%)
346,3e00eeca73f6407af64142c9f9686eed0d8cd383078554b6f23980a07e42a61b.png,39,30-40,authoritative_subset_annotations,NAU_2,authoritative_subset_annotations,Post-Flowering,authoritative_subset_annotations,0.13640153232647337,Medium (10-30%)
347,3e2b366cd94d5ac24712c6030aa62ffceaf24688ce6aefced253448a5a2fe3f7.png,48,40-50,authoritative_subset_annotations,UQ_11,authoritative_subset_annotations,Post-Flowering,authoritative_subset_annotations,0.05616815982847855,Low (<10%)
348,3e6eaba6e8de9967c06e652a39ad6f4814756e1995ccb2579ee0ff67bea93e91.png,38,30-40,authoritative_subset_annotations,KSU_4,authoritative_subset_annotations,Ripening,authoritative_subset_annotations,0.055171305209616245,Low (<10%)
349,3f0fd03a7294b55b21291c9d72d4dbe2be040e8bf7d55f0456263f991cdb8bae.png,57,50-60,authoritative_subset_annotations,KSU_2,authoritative_subset_annotations,Post-Flowering,authoritative_subset_annotations,0.0462399834856475,Low (<10%)
350,3f62a27282fcdd5e1f22d29afdd1fafb32e02197e9955326d08d855741963e54.png,129,>100,authoritative_subset_annotations,UQ_9,authoritative_subset_annotations,Filling-Ripening,authoritative_subset_annotations,0.15095153527499097,Medium (10-30%)
351,3fa3b13b3d973fb39ef7b912add50d539ba0c4049d19f6ecc30b9663bb3d99e0.png,36,30-40,authoritative_subset_annotations,CIMMYT_2,authoritative_subset_annotations,Post-Flowering,authoritative_subset_annotations,0.04448801019548829,Low (<10%)
352,3fbb8b415529b9c6434655c38278dd270bc2ea10a502683eb5f83f6a13c81956.png,23,20-30,authoritative_subset_annotations,Terraref_2,authoritative_subset_annotations,Filling,authoritative_subset_annotations,0.0035358097688720997,Low (<10%)
353,3fd2c29d533e06033502d73b5af9f46d24fdd949063fc4fdb2f6ed87d854dd78.png,68,60-70,authoritative_subset_annotations,Ukyoto_1,authoritative_subset_annotations,Post-Flowering,authoritative_subset_annotations,0.24566859913851613,Medium (10-30%)
354,4020968ffcac500d3b7c965fcb01ee6abfbed4af79a9a21c0f17e1eeb2bf9049.png,72,70-80,authoritative_subset_annotations,UQ_11,authoritative_subset_annotations,Post-Flowering,authoritative_subset_annotations,0.07491582176675454,Low (<10%)
355,40369da8b3c622d369dc2bca4fb9e59764f7c9179a759878fda95c00fecd45bb.png,53,50-60,authoritative_subset_annotations,KSU_2,authoritative_subset_annotations,Post-Flowering,authoritative_subset_annotations,0.05798812593323508,Low (<10%)
356,4078746c13b750326ba5f07b03821af7a7a3f3e014b0ef877503699324497ff9.png,31,30-40,authoritative_subset_annotations,Ukyoto_1,authoritative_subset_annotations,Post-Flowering,authoritative_subset_annotations,0.04692117914686245,Low (<10%)
357,407ed8814bc0ca7a48154a1d4e2a8b609bfdb6acc38a83cfef60c3aa5a4831b3.png,32,30-40,authoritative_subset_annotations,NAU_2,authoritative_subset_annotations,Post-Flowering,authoritative_subset_annotations,0.04790315464387147,Low (<10%)
358,410ed2dfac0276f0762cbac5c9a89b486f90459d7d8c0bf5fb883473ed53c4e4.png,59,50-60,authoritative_subset_annotations,KSU_1,authoritative_subset_annotations,Post-Flowering,authoritative_subset_annotations,0.14112132647033493,Medium (10-30%)
359,41564afb50b0d22e265b3369df6df1b94e4c08d3e17033ed586766c89bfc85c4.png,31,30-40,authoritative_subset_annotations,CIMMYT_1,authoritative_subset_annotations,Post-Flowering,authoritative_subset_annotations,0.16883640690746007,Medium (10-30%)
360,41818459aa93abe055ec93608e65f90c10e88bd8e35329a721adc75d639fea5f.png,25,20-30,authoritative_subset_annotations,Terraref_1,authoritative_subset_annotations,Ripening,authoritative_subset_annotations,0.025576903686409854,Low (<10%)
361,418eed0fe6a82cd7c58c27e26b92e6b1e549a84c3ecb05db9e0508bcac677258.png,32,30-40,authoritative_subset_annotations,Terraref_1,authoritative_subset_annotations,Ripening,authoritative_subset_annotations,0.04041877593754413,Low (<10%)
362,41961a9b0419719fb6311b6713bbd33b2fd6bb8e02aec99f236b9c6b081f5c73.png,37,30-40,authoritative_subset_annotations,CIMMYT_2,authoritative_subset_annotations,Post-Flowering,authoritative_subset_annotations,0.03374429301107651,Low (<10%)
363,41b40d1564308558b21764299b15851284234a21c2dbf113a3fa1d7d214c2fb4.png,97,80-100,authoritative_subset_annotations,NAU_3,authoritative_subset_annotations,Filling,authoritative_subset_annotations,0.10314530999592053,Medium (10-30%)
364,420ed34dc177acaf74ad3f4b0c03d63025f9d7f92ed7e701127e6df7617d8405.png,62,60-70,authoritative_subset_annotations,NAU_3,authoritative_subset_annotations,Filling,authoritative_subset_annotations,0.08205968367875291,Low (<10%)
365,4234c637112a7c54a572b65c052d9c6e149a78c54af70c3b6b26e7cc27a8ad91.png,2,0-10,authoritative_subset_annotations,CIMMYT_3,authoritative_subset_annotations,Post-Flowering,authoritative_subset_annotations,0.0,Low (<10%)
366,42d8ff107f3020d77c246cac0b18dfac170ab1748dce682f298edd358919fd8f.png,94,80-100,authoritative_subset_annotations,UQ_8,authoritative_subset_annotations,Ripening,authoritative_subset_annotations,0.23309184383491705,Medium (10-30%)
367,4300ddfbce9ece110c96b107a7483103a7aa3c0c253ba469673a5fd576a96cde.png,48,40-50,authoritative_subset_annotations,KSU_2,authoritative_subset_annotations,Post-Flowering,authoritative_subset_annotations,0.028556772598252633,Low (<10%)
368,430b628a3728cbc5b5d73f88b01fc2b2e4828f2e4cf4345f23b14403cc1dfe18.png,70,70-80,authoritative_subset_annotations,KSU_4,authoritative_subset_annotations,Ripening,authoritative_subset_annotations,0.08244075363316963,Low (<10%)
369,435ebfa70061bb0bacc1a1c94e9e203a9e33366f9e195c76c098a660d1bd4064.png,80,80-100,authoritative_subset_annotations,KSU_1,authoritative_subset_annotations,Post-Flowering,authoritative_subset_annotations,0.1048534187704997,Medium (10-30%)
370,43943457d08d14aa1d9e20b5afb5f5fd835b20d3fb6942f5b564682f8655127c.png,57,50-60,authoritative_subset_annotations,CIMMYT_1,authoritative_subset_annotations,Post-Flowering,authoritative_subset_annotations,0.09716468888247529,Low (<10%)
371,43f22701cda58b5b41b68bde3d01fc77825bf8ffb1b7ba9e010cd971a3bb2c66.png,2,0-10,authoritative_subset_annotations,CIMMYT_3,authoritative_subset_annotations,Post-Flowering,authoritative_subset_annotations,0.02793009459676126,Low (<10%)
372,44756ee4a727e4d907183560bd7796806783d469ff3110040139e8c64e30560a.png,64,60-70,authoritative_subset_annotations,KSU_4,authoritative_subset_annotations,Ripening,authoritative_subset_annotations,0.13694359790535962,Medium (10-30%)
373,447aeb648ef415323f0455bcc4fec4644354d792a25b50faf2de748c8580540a.png,61,60-70,authoritative_subset_annotations,UQ_7,authoritative_subset_annotations,Ripening,authoritative_subset_annotations,0.03722569404720053,Low (<10%)
374,4495d2132bc22b9e99905ca02a66e5978e064b4073538a16375e5f5ce8498fc4.png,27,20-30,authoritative_subset_annotations,CIMMYT_3,authoritative_subset_annotations,Post-Flowering,authoritative_subset_annotations,0.14741845859665897,Medium (10-30%)
375,45b60b7c4f1928861f8b79ce2ae9172d706b3c52338f409549e8edc357cfde63.png,15,10-20,authoritative_subset_annotations,Terraref_1,authoritative_subset_annotations,Ripening,authoritative_subset_annotations,0.0,Low (<10%)
376,45e674cc1d9f1b7261fa9020f2f4a80f17f3e59d4f8bcba0d393917fb519fb76.png,39,30-40,authoritative_subset_annotations,UQ_11,authoritative_subset_annotations,Post-Flowering,authoritative_subset_annotations,0.03186432999730734,Low (<10%)
377,45f23cc9450c0e8442da823d579e4b89985c183e01d0a8b24908e52452bb8518.png,54,50-60,authoritative_subset_annotations,CIMMYT_1,authoritative_subset_annotations,Post-Flowering,authoritative_subset_annotations,0.045427697654659566,Low (<10%)
378,460375f69e189a5aafbd7e8e151d13eca7d01c1d569fb583b9b0ff820f8bf615.png,45,40-50,authoritative_subset_annotations,UQ_11,authoritative_subset_annotations,Post-Flowering,authoritative_subset_annotations,0.10662274969011347,Medium (10-30%)
379,461bad3aeeb6ed2329bd4f2c03d684e67b8510569cacca6181e88d5ba533400f.png,52,50-60,authoritative_subset_annotations,KSU_2,authoritative_subset_annotations,Post-Flowering,authoritative_subset_annotations,0.09374941160904796,Low (<10%)
380,462555f4c7563af5dda35949d7da6a6e782c195a3ca0129d04adf3bad9e6abf8.png,3,0-10,authoritative_subset_annotations,Terraref_2,authoritative_subset_annotations,Filling,authoritative_subset_annotations,0.0,Low (<10%)
381,4645657f5fc40d912df2a235721a455ea07c7fffbb505c622be6135417b3c0e9.png,74,70-80,authoritative_subset_annotations,UQ_10,authoritative_subset_annotations,Filling-Ripening,authoritative_subset_annotations,0.11919173725514493,Medium (10-30%)
382,465c82c67884c112a0ad50da955fab9c8bcf04cebaeaafd258dfc24037e78192.png,106,>100,authoritative_subset_annotations,UQ_10,authoritative_subset_annotations,Filling-Ripening,authoritative_subset_annotations,0.11691710549262246,Medium (10-30%)
383,46662fadfe36b0031aa99b1359ffbff398d4f3e8d6976e348c9546dd9fff2fc5.png,3,0-10,authoritative_subset_annotations,Terraref_1,authoritative_subset_annotations,Ripening,authoritative_subset_annotations,0.0,Low (<10%)
384,4736774e2f5d3815452ca3960adbc9e5e56327f99ac3fe903ee876fc1780ba9c.png,41,40-50,authoritative_subset_annotations,CIMMYT_2,authoritative_subset_annotations,Post-Flowering,authoritative_subset_annotations,0.12411091044042692,Medium (10-30%)
385,47528cad7dfc8a054f6389a9d7c1aa827737092561ac3a42e816a8af00acb549.png,32,30-40,authoritative_subset_annotations,UQ_11,authoritative_subset_annotations,Post-Flowering,authoritative_subset_annotations,0.031678611732025436,Low (<10%)
386,476a1b1e8537e56f36054cdd88f2dbacd9421ed036b5c6d5c26b4fa76478dd5d.png,28,20-30,authoritative_subset_annotations,Terraref_1,authoritative_subset_annotations,Ripening,authoritative_subset_annotations,0.02289189301044958,Low (<10%)
387,480596e7dbda83894930478594d5966ce80280b81d098a53a83aad3747b5c8d7.png,42,40-50,authoritative_subset_annotations,KSU_2,authoritative_subset_annotations,Post-Flowering,authoritative_subset_annotations,0.03068000303520067,Low (<10%)
388,488db0b70cbdc3285f210ab1f4cae3104135720f0739762291126830ec76f7e6.png,0,0-10,authoritative_subset_annotations,Terraref_1,authoritative_subset_annotations,Ripening,authoritative_subset_annotations,0.0,Low (<10%)
389,48caa6e55efd6fc995ca127598c5a84b5ca2b5a1528459632d01bebde746566a.png,112,>100,authoritative_subset_annotations,UQ_8,authoritative_subset_annotations,Ripening,authoritative_subset_annotations,0.13200633284188945,Medium (10-30%)
390,48dd3ffc276e4dc36e8e98760c7e3fd7f4b205893c33fe6ea501fd531a9ac016.png,1,0-10,authoritative_subset_annotations,Terraref_2,authoritative_subset_annotations,Filling,authoritative_subset_annotations,0.0,Low (<10%)
391,491c9b3ba9007c97613c5f8586650e7cb7e742df44d2bf6e13cec130036c9bed.png,72,70-80,authoritative_subset_annotations,NAU_3,authoritative_subset_annotations,Filling,authoritative_subset_annotations,0.1403101538702852,Medium (10-30%)
392,492bbabef97a0947036c0a8e9361c2e0c641d9b13ea1a6cd30533830f64426a9.png,80,80-100,authoritative_subset_annotations,UQ_10,authoritative_subset_annotations,Filling-Ripening,authoritative_subset_annotations,0.153466047757984,Medium (10-30%)
393,4931e80ac075aa4812574fdfee99e77572d286f0b14cbaf950826447a2385223.png,74,70-80,authoritative_subset_annotations,KSU_3,authoritative_subset_annotations,Filling,authoritative_subset_annotations,0.16306068738118795,Medium (10-30%)
394,49569df7ecc8a361a1f231c9a873922d8b60a9a40f3215890b9e3ef56e6478a4.png,75,70-80,authoritative_subset_annotations,KSU_2,authoritative_subset_annotations,Post-Flowering,authoritative_subset_annotations,0.1409339618088867,Medium (10-30%)
395,496c7b1e9f74f5d48407e2b01f91ce6d02d4e3e5aaf80da1fe1ade7a74133712.png,57,50-60,authoritative_subset_annotations,KSU_1,authoritative_subset_annotations,Post-Flowering,authoritative_subset_annotations,0.3328793236326989,High (>30%)
396,497f9dd3e34f946e46ebfafca71ac763d5a1adf4ad8db288b11e2240a13d4908.png,62,60-70,authoritative_subset_annotations,ARC_1,authoritative_subset_annotations,Filling,authoritative_subset_annotations,0.13417377731203786,Medium (10-30%)
397,49c022d9eb967fb4aeed7b0c8c84ace621890a2a1bbba99f2e88fad032f3f3da.png,52,50-60,authoritative_subset_annotations,KSU_1,authoritative_subset_annotations,Post-Flowering,authoritative_subset_annotations,0.09501849029843336,Low (<10%)
398,49f17b42c1fb3cafb9726b8f25b5689d6a72487b3680bc5d68d6691bb74f33b4.png,54,50-60,authoritative_subset_annotations,NAU_3,authoritative_subset_annotations,Filling,authoritative_subset_annotations,0.044205398437900695,Low (<10%)
399,4a7acd4614db7450d30615fce2303f5e60a132525f579956b2054aadbb98df67.png,0,0-10,authoritative_subset_annotations,Terraref_2,authoritative_subset_annotations,Filling,authoritative_subset_annotations,0.0,Low (<10%)
400,4a83b1e5609dd8f5bab158021b474db1db7f8466c22ed5ef586283045013a106.png,63,60-70,authoritative_subset_annotations,KSU_3,authoritative_subset_annotations,Filling,authoritative_subset_annotations,0.05416918215269748,Low (<10%)
401,4ad63ec5665deeb67e1c8ab7b5d90c6641c6aa13d853a2213a03a2eabddf86d2.png,39,30-40,authoritative_subset_annotations,ARC_1,authoritative_subset_annotations,Filling,authoritative_subset_annotations,0.18388744573231228,Medium (10-30%)
402,4b8e2c3d7c49fada81a802e06089439c2b64f70e14ec78fad7c7c8746b281490.png,32,30-40,authoritative_subset_annotations,NAU_3,authoritative_subset_annotations,Filling,authoritative_subset_annotations,0.0,Low (<10%)
403,4be18a8228848c366be86379c8a416907da946b5102234ee35b6f0dd98e18ad2.png,7,0-10,authoritative_subset_annotations,Terraref_1,authoritative_subset_annotations,Ripening,authoritative_subset_annotations,0.0,Low (<10%)
404,4c21ed8a9cb9188f44a12db6e7664a01a755866f970881c0273aa3b004cf2546.png,57,50-60,authoritative_subset_annotations,UQ_10,authoritative_subset_annotations,Filling-Ripening,authoritative_subset_annotations,0.09747801089248016,Low (<10%)
405,4c59475244ac66da46ee565caeeba10b964c8d803bbbab5eefeee52379e84a5d.png,33,30-40,authoritative_subset_annotations,Terraref_2,authoritative_subset_annotations,Filling,authoritative_subset_annotations,0.010789715335169882,Low (<10%)
406,4c857b5a806dfde735db3795700d8ce4aacdf17e8a923278b24c724ce087350e.png,40,40-50,authoritative_subset_annotations,KSU_1,authoritative_subset_annotations,Post-Flowering,authoritative_subset_annotations,0.08441181907750765,Low (<10%)
407,4c9c82eeefaaa8b3b7300561820274c0ff576b47ada9239862f4a295cbdb18b7.png,33,30-40,authoritative_subset_annotations,CIMMYT_3,authoritative_subset_annotations,Post-Flowering,authoritative_subset_annotations,0.12419295891798422,Medium (10-30%)
408,4cda09a2ad9be5ece9ccf8ae05b890926141e4b32785b4e3b495bc2315d100ff.png,7,0-10,authoritative_subset_annotations,Terraref_1,authoritative_subset_annotations,Ripening,authoritative_subset_annotations,0.0,Low (<10%)
409,4ce14a086bde8b264b56bf632af7f496045f731ac589b97fcf8dc430d4d27813.png,73,70-80,authoritative_subset_annotations,KSU_3,authoritative_subset_annotations,Filling,authoritative_subset_annotations,0.12409041179771498,Medium (10-30%)
410,4d02b4fe7c0a87bdbc827bf8490d8bfab316e15eee5840ecb540c7bd472d0ead.png,56,50-60,authoritative_subset_annotations,KSU_3,authoritative_subset_annotations,Filling,authoritative_subset_annotations,0.29465498178807825,Medium (10-30%)
411,4d7e8f40db3c8dfb6ce4e6fb79a5834c1d4be46fd36a29a47fb5f65a1b363f63.png,94,80-100,authoritative_subset_annotations,UQ_10,authoritative_subset_annotations,Filling-Ripening,authoritative_subset_annotations,0.27594696220979514,Medium (10-30%)
412,4dd346c0fd3f49fb376435d3a5f1a84dc873783b926e92ebb4a64a88d162cae6.png,66,60-70,authoritative_subset_annotations,KSU_3,authoritative_subset_annotations,Filling,authoritative_subset_annotations,0.12458795055769104,Medium (10-30%)
413,4e0bd2988832088ce33a266911c3583b298b795d9ee149f0699918cc12e93078.png,38,30-40,authoritative_subset_annotations,UQ_11,authoritative_subset_annotations,Post-Flowering,authoritative_subset_annotations,0.0,Low (<10%)
414,4eecbabba82453b246a4713968b9e3c682ada3bbe67950d36c81db8628100e9a.png,45,40-50,authoritative_subset_annotations,KSU_3,authoritative_subset_annotations,Filling,authoritative_subset_annotations,0.10638932435182986,Medium (10-30%)
415,4eff7fe09da396cb90ce0cc009222f60894e411430b62bfb69d23294d30094bc.png,67,60-70,authoritative_subset_annotations,KSU_2,authoritative_subset_annotations,Post-Flowering,authoritative_subset_annotations,0.11936031961643195,Medium (10-30%)
416,4f1f450b1d5af34ebb462b33935029255ca93a9b896c688d2f7c6dfc8ed9b458.png,66,60-70,authoritative_subset_annotations,UQ_11,authoritative_subset_annotations,Post-Flowering,authoritative_subset_annotations,0.11825287320535938,Medium (10-30%)
417,4f2dca7351a98ee65bed808631250a099378e1a32607a37c1e7d0b2f94977b6d.png,31,30-40,authoritative_subset_annotations,CIMMYT_3,authoritative_subset_annotations,Post-Flowering,authoritative_subset_annotations,0.07465846988618018,Low (<10%)
418,4fa8556aa0315a64a1570f45ac95525e07bb5f80763d5d3fcfa7508575139b87.png,45,40-50,authoritative_subset_annotations,KSU_2,authoritative_subset_annotations,Post-Flowering,authoritative_subset_annotations,0.09415569472482783,Low (<10%)
419,4fb068e8c96620ef1d4534024db29fed881268c8fad8a5463938026cab93dc10.png,53,50-60,authoritative_subset_annotations,KSU_4,authoritative_subset_annotations,Ripening,authoritative_subset_annotations,0.11644059611457659,Medium (10-30%)
420,5003d86c9a5beac5b56b17c32a54f996be0b2096ca7383b6428cab7435d182c2.png,40,40-50,authoritative_subset_annotations,NAU_3,authoritative_subset_annotations,Filling,authoritative_subset_annotations,0.028175029393008456,Low (<10%)
421,502e53484406cb76d6e758db70675418f1fe32b61be08623457e03cc06b7791e.png,25,20-30,authoritative_subset_annotations,Terraref_1,authoritative_subset_annotations,Ripening,authoritative_subset_annotations,0.0,Low (<10%)
422,502f3f96c611a8448da86814c448d96d430338e4fd7720d31bee269a266ac22e.png,49,40-50,authoritative_subset_annotations,CIMMYT_1,authoritative_subset_annotations,Post-Flowering,authoritative_subset_annotations,0.16782461552923644,Medium (10-30%)
423,5058e5d10d9498b62c3c28bfd1629a37eba520e3feba48abb34ceef995899b0c.png,36,30-40,authoritative_subset_annotations,NAU_2,authoritative_subset_annotations,Post-Flowering,authoritative_subset_annotations,0.01609743069302568,Low (<10%)
424,5097ecffb3e1a22dd0612d4de4dda5d666fe389b857432cf37e0ad3ac7476080.png,59,50-60,authoritative_subset_annotations,KSU_4,authoritative_subset_annotations,Ripening,authoritative_subset_annotations,0.10737305327652545,Medium (10-30%)
425,50a60c9fa391ab5b74f0ff027eb9f47933139ae17aa30b9727842cccfafb1b21.png,0,0-10,authoritative_subset_annotations,Terraref_2,authoritative_subset_annotations,Filling,authoritative_subset_annotations,0.0,Low (<10%)
426,5188ff96751fa49a393229f9adf32b0c80d692c941e5ca13e1578c329b20d23b.png,42,40-50,authoritative_subset_annotations,NAU_3,authoritative_subset_annotations,Filling,authoritative_subset_annotations,0.05240158501274528,Low (<10%)
427,51983b41d224864885185bf765ed2ec1e04e57327bd4430bf3904458bde0aec8.png,38,30-40,authoritative_subset_annotations,CIMMYT_1,authoritative_subset_annotations,Post-Flowering,authoritative_subset_annotations,0.11732965009482359,Medium (10-30%)
428,51c9584a69c1acef853ad0876b3f5f5777c4bb0ddc22c85be2869c7daa300414.png,31,30-40,authoritative_subset_annotations,KSU_2,authoritative_subset_annotations,Post-Flowering,authoritative_subset_annotations,0.004676754744964706,Low (<10%)
429,52432e62603dca638452cc862ed8992f091ba03e9db6166b30fe9783356adf4b.png,102,>100,authoritative_subset_annotations,UQ_8,authoritative_subset_annotations,Ripening,authoritative_subset_annotations,0.1405219712505111,Medium (10-30%)
430,52678bd65686b853ffb41649ed6f670418f16b90af99fd70a10210c62a315819.png,62,60-70,authoritative_subset_annotations,KSU_4,authoritative_subset_annotations,Ripening,authoritative_subset_annotations,0.040212038234933196,Low (<10%)
431,527d51784bad462e442d762760dc7d93ae92dc5f6310fef6a8853de5745d38d8.png,47,40-50,authoritative_subset_annotations,UQ_11,authoritative_subset_annotations,Post-Flowering,authoritative_subset_annotations,0.004521383076216885,Low (<10%)
432,52b22b72d2f02e8f6d4ac70b2e422aeb63d5b28fe14e687ea81d3e7a4e2d7274.png,69,60-70,authoritative_subset_annotations,NAU_3,authoritative_subset_annotations,Filling,authoritative_subset_annotations,0.03369689216654813,Low (<10%)
433,52dcc07450b2e3168eeeb3679a94840a245c22b3ea20cf324c837ee3373a3d6b.png,45,40-50,authoritative_subset_annotations,CIMMYT_3,authoritative_subset_annotations,Post-Flowering,authoritative_subset_annotations,0.08033824995717953,Low (<10%)
434,52e6fbdd6830d1186fba07e54136da099da9d6bbb8aeefc93bb5d06579393faa.png,78,70-80,authoritative_subset_annotations,UQ_10,authoritative_subset_annotations,Filling-Ripening,authoritative_subset_annotations,0.07646759359182786,Low (<10%)
435,52fe0e7e01ad112fabecb3d1269e58a91929a866fb93028a6c9b5d7ab393ae8c.png,33,30-40,authoritative_subset_annotations,Terraref_2,authoritative_subset_annotations,Filling,authoritative_subset_annotations,0.04942989560109619,Low (<10%)
436,536510f01c5152c7ecf6663e6a99b76a267cf1b047e7b9d3658a4f5305c6aa83.png,71,70-80,authoritative_subset_annotations,Ukyoto_1,authoritative_subset_annotations,Post-Flowering,authoritative_subset_annotations,0.2629154507567252,Medium (10-30%)
437,5372c094d0423525ebee9abb610e7cae92fd7c7e90f3295a0c45e0edd41d1496.png,99,80-100,authoritative_subset_annotations,KSU_1,authoritative_subset_annotations,Post-Flowering,authoritative_subset_annotations,0.09473168246752862,Low (<10%)
438,53e0ec10e3aa1bcd7d63fe6f35ae6569b49c44d79b811edd562d743513edf11d.png,72,70-80,authoritative_subset_annotations,KSU_1,authoritative_subset_annotations,Post-Flowering,authoritative_subset_annotations,0.20330304145787037,Medium (10-30%)
439,53fa80d749774415f8702e0b3972157b747a2075db24815b8492ddc6dcf9b75e.png,51,50-60,authoritative_subset_annotations,NAU_2,authoritative_subset_annotations,Post-Flowering,authoritative_subset_annotations,0.12013964283772331,Medium (10-30%)
440,541451aca1870998f80cddabf735c24cbaa3381cbe0aafcac3cc3df9882697f6.png,76,70-80,authoritative_subset_annotations,UQ_10,authoritative_subset_annotations,Filling-Ripening,authoritative_subset_annotations,0.5363537362970462,High (>30%)
441,54b2f4083a07b81a416e94ec24bd956472e1d55ba0fee478464af3de852a6761.png,94,80-100,authoritative_subset_annotations,UQ_8,authoritative_subset_annotations,Ripening,authoritative_subset_annotations,0.2006069132848225,Medium (10-30%)
442,553b3252fe48946914f351f4d7343ce3803e3ffac6070bcc093d214230ec1c33.png,40,40-50,authoritative_subset_annotations,KSU_2,authoritative_subset_annotations,Post-Flowering,authoritative_subset_annotations,0.05504950459045047,Low (<10%)
443,55778ad9182f4187f7f6a6de6b5d61284c316800b1c9d11229fb0c52240d0b69.png,101,>100,authoritative_subset_annotations,UQ_10,authoritative_subset_annotations,Filling-Ripening,authoritative_subset_annotations,0.14114637303181876,Medium (10-30%)
444,55e99cdc137ec9efdb2c547b574921d19e429556c2084a2450cb04ffe2920ddd.png,91,80-100,authoritative_subset_annotations,UQ_10,authoritative_subset_annotations,Filling-Ripening,authoritative_subset_annotations,0.14528002776082605,Medium (10-30%)
445,55e9ec047e81a9e4c219b207ae6bba12a34ba91588d17b0a73f0d344dd6201d3.png,29,20-30,authoritative_subset_annotations,CIMMYT_3,authoritative_subset_annotations,Post-Flowering,authoritative_subset_annotations,0.03580529953873611,Low (<10%)
446,55f613fed42697e3a265a798fb0cb58d54f54b6a867a42e4b418c2e35297870e.png,49,40-50,authoritative_subset_annotations,KSU_3,authoritative_subset_annotations,Filling,authoritative_subset_annotations,0.4449951013768446,High (>30%)
447,55fd3409643644b282122f9ad3c2e5ea42c373a26fb4d7382fae5e80105900a3.png,94,80-100,authoritative_subset_annotations,KSU_1,authoritative_subset_annotations,Post-Flowering,authoritative_subset_annotations,0.09344739995421449,Low (<10%)
448,5615a23435baab649d86cb8de27acba9c8b4102806df261b7346aaaa820b3028.png,66,60-70,authoritative_subset_annotations,NAU_3,authoritative_subset_annotations,Filling,authoritative_subset_annotations,0.09352582807700066,Low (<10%)
449,5661a9fa96878dce3615c40405f8bec8d9de3bf66da76b5dbe869c2d5e1cc343.png,20,20-30,authoritative_subset_annotations,Terraref_1,authoritative_subset_annotations,Ripening,authoritative_subset_annotations,0.03534181091204338,Low (<10%)
450,56b4152cc3d940c7174d3aabae5d6803079238f88d447907f0ac8a2cd34b4a06.png,50,50-60,authoritative_subset_annotations,NAU_3,authoritative_subset_annotations,Filling,authoritative_subset_annotations,0.5062679589877267,High (>30%)
451,5731c4f7f6d3d9dc218f6bcf1fff645c98f1af3e83e1750d4897c6efccc8e7eb.png,40,40-50,authoritative_subset_annotations,Ukyoto_1,authoritative_subset_annotations,Post-Flowering,authoritative_subset_annotations,0.18783021045530812,Medium (10-30%)
452,574287fa4224f7c5af2b3afbe33db59178ea73a490b12cdf231f359a66353939.png,14,10-20,authoritative_subset_annotations,Terraref_1,authoritative_subset_annotations,Ripening,authoritative_subset_annotations,0.02285241174525702,Low (<10%)
453,57c9175f4d5ba4f1726e833bb03c6e7191e60e41a6c9401b07c2f84247b315dd.png,63,60-70,authoritative_subset_annotations,KSU_2,authoritative_subset_annotations,Post-Flowering,authoritative_subset_annotations,0.04904664036218237,Low (<10%)
454,5821c65b4d9dda2ab8d3c0740d80562161865961bfcbcdf758ce034d1b91dab0.png,68,60-70,authoritative_subset_annotations,NAU_3,authoritative_subset_annotations,Filling,authoritative_subset_annotations,0.056914244707741965,Low (<10%)
455,5838ee6aa16a22bdb93900a916757b3eedce2092fd2189cf18ef14e72340f341.png,45,40-50,authoritative_subset_annotations,Ukyoto_1,authoritative_subset_annotations,Post-Flowering,authoritative_subset_annotations,0.13152911891441016,Medium (10-30%)
456,58f310e9309163313e1c91850cf1f5b623dbe6caf2252d9ae050119e93e22ce3.png,4,0-10,authoritative_subset_annotations,Terraref_2,authoritative_subset_annotations,Filling,authoritative_subset_annotations,0.0,Low (<10%)
457,593d470af416151d387ee3c2a6a5cac8227d0efdc1b466b84925518a99f81e2b.png,78,70-80,authoritative_subset_annotations,KSU_4,authoritative_subset_annotations,Ripening,authoritative_subset_annotations,0.07599371854439399,Low (<10%)
458,595d0c033cbda236c1cd008be31d8e60b0d00423d8440c29ba62c14357dd575a.png,38,30-40,authoritative_subset_annotations,NAU_3,authoritative_subset_annotations,Filling,authoritative_subset_annotations,0.01799754488551523,Low (<10%)
459,597727012ebbe12b4a24307fa2205e9ab6bca0277e431a54da5340f36d1b5c68.png,12,10-20,authoritative_subset_annotations,Terraref_2,authoritative_subset_annotations,Filling,authoritative_subset_annotations,0.0,Low (<10%)
460,599468c838c6dc6bb38f9e1240d6c4506e6cbfe7e8eee55697cdb8554676abdc.png,47,40-50,authoritative_subset_annotations,CIMMYT_1,authoritative_subset_annotations,Post-Flowering,authoritative_subset_annotations,0.1529862449973283,Medium (10-30%)
461,59a92f3d11aff0c824db3d247c203ab76f4f454f8bb77b6d39400238679c8a4f.png,38,30-40,authoritative_subset_annotations,CIMMYT_2,authoritative_subset_annotations,Post-Flowering,authoritative_subset_annotations,0.08413653218368737,Low (<10%)
462,59b855a1cee8167cdf8722082c9e2871ba311c996ace170b59b06b103f53c6b5.png,23,20-30,authoritative_subset_annotations,Terraref_1,authoritative_subset_annotations,Ripening,authoritative_subset_annotations,0.03279978901906153,Low (<10%)
463,5a41c0dde9df85947dca94c432cfa99badd9870e1379ebc60059513cc99a6376.png,69,60-70,authoritative_subset_annotations,KSU_4,authoritative_subset_annotations,Ripening,authoritative_subset_annotations,0.14340658109204812,Medium (10-30%)
464,5a57a094f8df533ba95447eabf6a79afc1334c97f9c5071387c29881e8105847.png,107,>100,authoritative_subset_annotations,UQ_10,authoritative_subset_annotations,Filling-Ripening,authoritative_subset_annotations,0.1536639081908071,Medium (10-30%)
465,5a82342755757a94c3b71c5133745b7d0832f40db32d500df4895d9d52cf5968.png,59,50-60,authoritative_subset_annotations,KSU_4,authoritative_subset_annotations,Ripening,authoritative_subset_annotations,0.1166842446265571,Medium (10-30%)
466,5acb9f057f3c072ef777d3eae2044f9509fb29659f25868cc333f6a8b64301fd.png,61,60-70,authoritative_subset_annotations,KSU_3,authoritative_subset_annotations,Filling,authoritative_subset_annotations,0.03319244866421513,Low (<10%)
467,5af01718453d0438fe38aef4e6ebc9443ecb2b2599814935a727f62e3e275f24.png,58,50-60,authoritative_subset_annotations,KSU_1,authoritative_subset_annotations,Post-Flowering,authoritative_subset_annotations,0.05946073822383342,Low (<10%)
468,5b0d1008637f29e5fe860c62c894563e6b63fdfc036eff2790387a6cb27edcce.png,55,50-60,authoritative_subset_annotations,UQ_11,authoritative_subset_annotations,Post-Flowering,authoritative_subset_annotations,0.015248717297553427,Low (<10%)
469,5b1daeffdf00abd3712b7754902da5fdd4e18351303c37489bdf251ee16ec473.png,84,80-100,authoritative_subset_annotations,KSU_2,authoritative_subset_annotations,Post-Flowering,authoritative_subset_annotations,0.08931153045930279,Low (<10%)
470,5b21aeaf8d83903c96e58bfe80a450aa7cbb5ddf04242262a5548220188540e7.png,55,50-60,authoritative_subset_annotations,KSU_1,authoritative_subset_annotations,Post-Flowering,authoritative_subset_annotations,0.24652815665613595,Medium (10-30%)
471,5b3ee410f98801ff447e7ac9282c06404d6dc2fdd5117a4961cdb94c023309b5.png,75,70-80,authoritative_subset_annotations,UQ_10,authoritative_subset_annotations,Filling-Ripening,authoritative_subset_annotations,0.07757328620412365,Low (<10%)
472,5b75c3599a6f9b1277068e8a3a9d9a812190f99fb0194a0ef0b7028da51db287.png,52,50-60,authoritative_subset_annotations,CIMMYT_1,authoritative_subset_annotations,Post-Flowering,authoritative_subset_annotations,0.01654616370479604,Low (<10%)
473,5b862ad5f0c786daf377a2038a775d339905cdfae4869e07fc6fe4d0d969f269.png,34,30-40,authoritative_subset_annotations,CIMMYT_1,authoritative_subset_annotations,Post-Flowering,authoritative_subset_annotations,0.055782202347542185,Low (<10%)
474,5ba87579dadaaf1ea09e4530ef24be0dd5ce5c1edff9b809eaa848c62f1d4765.png,36,30-40,authoritative_subset_annotations,CIMMYT_3,authoritative_subset_annotations,Post-Flowering,authoritative_subset_annotations,0.14796530198059668,Medium (10-30%)
475,5c2fc1d09574b26e5c8206d4fd54fdc550140f71d0bb25a805fb30c8b62e190e.png,8,0-10,authoritative_subset_annotations,Terraref_2,authoritative_subset_annotations,Filling,authoritative_subset_annotations,0.06351853600209187,Low (<10%)
476,5c2fc730b350101dfff45ed8825b50bb8c7506bcbc23786ec55268b74ae1233b.png,44,40-50,authoritative_subset_annotations,KSU_1,authoritative_subset_annotations,Post-Flowering,authoritative_subset_annotations,0.1597223502522836,Medium (10-30%)
477,5c58ed14c3488b1bc50bb9842053d8e985226a7144afd6613cf621e5c17cf89c.png,31,30-40,authoritative_subset_annotations,KSU_2,authoritative_subset_annotations,Post-Flowering,authoritative_subset_annotations,0.12636373918867266,Medium (10-30%)
478,5ccbe5d8161c90e9804a7b1c162745d502493d8fe12c5f3461bc347d77397487.png,40,40-50,authoritative_subset_annotations,CIMMYT_2,authoritative_subset_annotations,Post-Flowering,authoritative_subset_annotations,0.09896414235877751,Low (<10%)
479,5d13a2ba3ff1a01980d929c1876a9aff679c0e92691acfb812893d0539ddfa0b.png,19,10-20,authoritative_subset_annotations,Terraref_2,authoritative_subset_annotations,Filling,authoritative_subset_annotations,0.05401704082266314,Low (<10%)
480,5d31ce44edd6bb868b88300dc0b1e24f19cd9819acae031539e54fac3edeb9da.png,0,0-10,authoritative_subset_annotations,CIMMYT_1,authoritative_subset_annotations,Post-Flowering,authoritative_subset_annotations,0.0,Low (<10%)
481,5d3e2109802b202f55229ce79094650c803d658379504efae680bb6e2e779082.png,31,30-40,authoritative_subset_annotations,CIMMYT_3,authoritative_subset_annotations,Post-Flowering,authoritative_subset_annotations,0.10525429959358204,Medium (10-30%)
482,5d47eb56ce414c6ae841735baf0375e7657c23995d44edcaf43a08822f0472dc.png,43,40-50,authoritative_subset_annotations,NAU_2,authoritative_subset_annotations,Post-Flowering,authoritative_subset_annotations,0.25850883525952295,Medium (10-30%)
483,5d79ad5021d6601c2622dcbe5c736d34d10386132a110674d5f70b95560d31e8.png,36,30-40,authoritative_subset_annotations,NAU_2,authoritative_subset_annotations,Post-Flowering,authoritative_subset_annotations,0.01779163537780694,Low (<10%)
484,5d8aeadb88917be3bdbc9dbc3b9864c4c73eac71ba6ae0963d27ab1cb9b1d633.png,79,70-80,authoritative_subset_annotations,NAU_2,authoritative_subset_annotations,Post-Flowering,authoritative_subset_annotations,0.02344408224859028,Low (<10%)
485,5d93275c77c08fe77caff8ccb6b0a2612aa443b5b6fc20ce520d0eb39a67280d.png,15,10-20,authoritative_subset_annotations,CIMMYT_3,authoritative_subset_annotations,Post-Flowering,authoritative_subset_annotations,0.005381263616557734,Low (<10%)
486,5da635047be58a3af960f8d67bdfe09c829a81938f763cb4341f7f886eaac036.png,55,50-60,authoritative_subset_annotations,KSU_4,authoritative_subset_annotations,Ripening,authoritative_subset_annotations,0.08209925257477078,Low (<10%)
487,5da9d6e59df9fde4e41e4672c00d2c77459baec0844fa906aeda823b28cc1611.png,78,70-80,authoritative_subset_annotations,Ukyoto_1,authoritative_subset_annotations,Post-Flowering,authoritative_subset_annotations,0.45919721691752485,High (>30%)
488,5dd2895a335ca68c9cb7d4c3a9d5970b349e24128904bc787e2579f24695e99d.png,76,70-80,authoritative_subset_annotations,KSU_1,authoritative_subset_annotations,Post-Flowering,authoritative_subset_annotations,0.10179404904835791,Medium (10-30%)
489,5e2ba571f8dce782af6f54fe1fde2f01561753d8c91b2b90da8e1f69431f5fb0.png,51,50-60,authoritative_subset_annotations,KSU_3,authoritative_subset_annotations,Filling,authoritative_subset_annotations,0.052664310734163194,Low (<10%)
490,5e5ad8b73482222eac1c6a2b973d76fb27a0d40c334d769eebb767e8b7ea509e.png,6,0-10,authoritative_subset_annotations,Terraref_2,authoritative_subset_annotations,Filling,authoritative_subset_annotations,0.0,Low (<10%)
491,5ebac9ed40313bd330260836e231ce1dd014d7dbbe7f3ffac22d7fe316f98783.png,26,20-30,authoritative_subset_annotations,Terraref_2,authoritative_subset_annotations,Filling,authoritative_subset_annotations,0.0,Low (<10%)
492,5ed5383abafe71472952ac0fcfe95bb9d48dc15abf814185ca0277f640feaa64.png,108,>100,authoritative_subset_annotations,KSU_3,authoritative_subset_annotations,Filling,authoritative_subset_annotations,0.05143502421417638,Low (<10%)
493,5ed60d5ae36e37cb75d6bd7fce12ac78f9fbe648de5db839c2507c9ce3540c89.png,27,20-30,authoritative_subset_annotations,UQ_11,authoritative_subset_annotations,Post-Flowering,authoritative_subset_annotations,0.10347735809839602,Medium (10-30%)
494,5edc56e2eb7fa513a308521dbaf2193dc99aa048a7b472c29ac4d663d841d640.png,60,60-70,authoritative_subset_annotations,NAU_2,authoritative_subset_annotations,Post-Flowering,authoritative_subset_annotations,0.03288980191481204,Low (<10%)
495,5efdd8e22fa6982d6d806699d1e91cdfec9d3f1a011221b3f143202879931e68.png,39,30-40,authoritative_subset_annotations,CIMMYT_2,authoritative_subset_annotations,Post-Flowering,authoritative_subset_annotations,0.1451704371412953,Medium (10-30%)
496,5f5172a606daa823850444be2c23208701d61c27eeb6d9ec656fcf78733ebdcd.png,64,60-70,authoritative_subset_annotations,UQ_10,authoritative_subset_annotations,Filling-Ripening,authoritative_subset_annotations,0.12153572896394145,Medium (10-30%)
497,5f60431e02c4d776181ff6f487765d7fbcb15e16d4a917b3639ced3ac8b0187e.png,45,40-50,authoritative_subset_annotations,CIMMYT_3,authoritative_subset_annotations,Post-Flowering,authoritative_subset_annotations,0.13988254731838645,Medium (10-30%)
498,5f6c998055bac1f8a39c4d3bbedffc804eb9af18ffce2c82bc6905e9afd6c74c.png,2,0-10,authoritative_subset_annotations,Terraref_2,authoritative_subset_annotations,Filling,authoritative_subset_annotations,0.0,Low (<10%)
499,5fc558c53edc9c86cfe9e7aea4703dc658e3da5b28c1680f7b1e7c9bf1e2c91a.png,90,80-100,authoritative_subset_annotations,UQ_10,authoritative_subset_annotations,Filling-Ripening,authoritative_subset_annotations,0.04063096946430294,Low (<10%)
500,5fd2c2add8f92cf0e0fc00736a2ca9d06116a3e207956a0be6a0c4e278b55017.png,21,20-30,authoritative_subset_annotations,Terraref_2,authoritative_subset_annotations,Filling,authoritative_subset_annotations,0.0,Low (<10%)
501,5fea2d98cc55b5718120936b799897896681a80e8821ff19eac40e81a74101b5.png,54,50-60,authoritative_subset_annotations,KSU_3,authoritative_subset_annotations,Filling,authoritative_subset_annotations,0.3095335034410043,High (>30%)
502,605f0513efee615ebcac4985c58fc7e489ef5b0cf85cfea60a703f344726ba0c.png,103,>100,authoritative_subset_annotations,UQ_10,authoritative_subset_annotations,Filling-Ripening,authoritative_subset_annotations,0.09390749211237365,Low (<10%)
503,60ca34e925ce0fb69d3afc4b2f7f9d0d06cf8608249a68c9f805aff17a645ab1.png,25,20-30,authoritative_subset_annotations,Terraref_2,authoritative_subset_annotations,Filling,authoritative_subset_annotations,0.027607674602788457,Low (<10%)
504,60cf53154dbc6c7d8db6ba34a61b35044cb9088196656dca4d8e6e302c261067.png,30,30-40,authoritative_subset_annotations,NAU_2,authoritative_subset_annotations,Post-Flowering,authoritative_subset_annotations,0.017960880658236207,Low (<10%)
505,60f5cfd1ee74e17dea80dbc74c26777e89c861dac7096c2918511a06efd7cb20.png,81,80-100,authoritative_subset_annotations,NAU_2,authoritative_subset_annotations,Post-Flowering,authoritative_subset_annotations,0.03610942452800796,Low (<10%)
506,61067dd1a1fb31214d1eb6442ae30554aa7c5653c64dcf2795f4005a825d42c9.png,57,50-60,authoritative_subset_annotations,NAU_2,authoritative_subset_annotations,Post-Flowering,authoritative_subset_annotations,0.04985034625067875,Low (<10%)
507,6182f9f90298d7d22d3483637436d5de864e56ceee2fa9790b1c62ac92542b4f.png,143,>100,authoritative_subset_annotations,UQ_9,authoritative_subset_annotations,Filling-Ripening,authoritative_subset_annotations,0.30925731882703833,High (>30%)
508,61d9ad2002e4f17842d08728cb07b131277a957a9f6a19dcb3efe60f4164bb26.png,82,80-100,authoritative_subset_annotations,KSU_3,authoritative_subset_annotations,Filling,authoritative_subset_annotations,0.0012616616689480884,Low (<10%)
509,61ec8ff68bf1a878c3ad39e9a1a14ff746311422370c815324163c0cae12c764.png,63,60-70,authoritative_subset_annotations,UQ_11,authoritative_subset_annotations,Post-Flowering,authoritative_subset_annotations,0.06518858526101559,Low (<10%)
510,61f3dd2db4478469c3fbbd69436ad7ae167213a8568919fdc69e6bea8a6f7a61.png,41,40-50,authoritative_subset_annotations,ARC_1,authoritative_subset_annotations,Filling,authoritative_subset_annotations,0.12424607949868346,Medium (10-30%)
511,622878c19fb24ee7dff5758699c77e3147199463aa0733819874eeae50375f49.png,31,30-40,authoritative_subset_annotations,CIMMYT_3,authoritative_subset_annotations,Post-Flowering,authoritative_subset_annotations,0.11683457303228435,Medium (10-30%)
512,622da278c5ed64f9e5e4c4824783c15f82ebdc5c5b5bab2990ed2f3919a470fa.png,44,40-50,authoritative_subset_annotations,NAU_2,authoritative_subset_annotations,Post-Flowering,authoritative_subset_annotations,0.034111555237909735,Low (<10%)
513,625b4dab56011b351ae4da713b648cfc32d273bea1e20bb38a83a4ee590b4097.png,29,20-30,authoritative_subset_annotations,KSU_2,authoritative_subset_annotations,Post-Flowering,authoritative_subset_annotations,0.015095786254470596,Low (<10%)
514,626710943f56cb225583d3b013f3fa00ab21c9ca63f5c9a18c80d6c50c5aebd5.png,5,0-10,authoritative_subset_annotations,Terraref_1,authoritative_subset_annotations,Ripening,authoritative_subset_annotations,0.27537647537647536,Medium (10-30%)
515,62dd2aca4dd6b9803d074d66776ea4b9c5c5f3c3bcc5d21a4fb2da67ab8be93c.png,33,30-40,authoritative_subset_annotations,Terraref_1,authoritative_subset_annotations,Ripening,authoritative_subset_annotations,0.06148642226739243,Low (<10%)
516,62ebc44b3fab81873cc7be3aac5d5bcb7b976c7bc9138c03d143a34854d80397.png,72,70-80,authoritative_subset_annotations,NAU_2,authoritative_subset_annotations,Post-Flowering,authoritative_subset_annotations,0.02467414384857138,Low (<10%)
517,62fb5679ef9b87c66ad2cdf58a3b2870521f3bcfa391f12ad7995c1260f4c7c6.png,18,10-20,authoritative_subset_annotations,Terraref_2,authoritative_subset_annotations,Filling,authoritative_subset_annotations,0.0,Low (<10%)
518,63e2316e276e7ed5b4517cb292cc8b50f27f9419de79a16c1efe407e4e0d42bb.png,4,0-10,authoritative_subset_annotations,Ukyoto_1,authoritative_subset_annotations,Post-Flowering,authoritative_subset_annotations,0.0,Low (<10%)
519,64585517e8c410934700794a2d94eee11ec430fc771c3e2d7505426b447d5a16.png,41,40-50,authoritative_subset_annotations,Terraref_1,authoritative_subset_annotations,Ripening,authoritative_subset_annotations,0.02103889721468037,Low (<10%)
520,6479d1867597d256dc6183a58d7aabcf9644ebae7e61d06c65586d1b3aff8930.png,14,10-20,authoritative_subset_annotations,NAU_2,authoritative_subset_annotations,Post-Flowering,authoritative_subset_annotations,0.020227162301763125,Low (<10%)
521,647ea3240834c9e6d051d659c8e5cda5dcdb12220d527f0af1b96b5d471066a4.png,42,40-50,authoritative_subset_annotations,ARC_1,authoritative_subset_annotations,Filling,authoritative_subset_annotations,0.44545084575707833,High (>30%)
522,648120f3b0556cb91ecddc40584cfb61085f2f553a3327d6745ef9dfc5141d0e.png,63,60-70,authoritative_subset_annotations,KSU_1,authoritative_subset_annotations,Post-Flowering,authoritative_subset_annotations,0.09508787606900261,Low (<10%)
523,64ec942049b0e344b264261fa56d9480d13b81a1533ca6dcdcc54da9cc2a8a22.png,10,10-20,authoritative_subset_annotations,CIMMYT_1,authoritative_subset_annotations,Post-Flowering,authoritative_subset_annotations,0.0,Low (<10%)
524,651a857814608a95d2d070cd7146c1ed27877c3fd6899a03e31939d23582464d.png,55,50-60,authoritative_subset_annotations,UQ_11,authoritative_subset_annotations,Post-Flowering,authoritative_subset_annotations,0.040598988157204405,Low (<10%)
525,654163f05ac349dde58f5b2338bcb85e61c2218e462215e275a4fe7cd47b45b3.png,78,70-80,authoritative_subset_annotations,Ukyoto_1,authoritative_subset_annotations,Post-Flowering,authoritative_subset_annotations,0.13700721251934286,Medium (10-30%)
526,656e0483e22c6e89ae05bfd1c340514cadeacab0e66da1934904093b890dc239.png,40,40-50,authoritative_subset_annotations,CIMMYT_3,authoritative_subset_annotations,Post-Flowering,authoritative_subset_annotations,0.07525960732742806,Low (<10%)
527,65ac55e8b5f847c977994724e51d8b1fcca7963c5ab025fe977ff4a3ddf52e0f.png,72,70-80,authoritative_subset_annotations,KSU_4,authoritative_subset_annotations,Ripening,authoritative_subset_annotations,0.19068646611731574,Medium (10-30%)
528,66118725992c8d8daecd1f34f5fb0d4c428d4efb9264d1ca271d889914b83901.png,16,10-20,authoritative_subset_annotations,Terraref_1,authoritative_subset_annotations,Ripening,authoritative_subset_annotations,0.0,Low (<10%)
529,668d1a68d2d58e630f80751f802d90513196ffd437bd14ae78f5c8fbe1b37871.png,62,60-70,authoritative_subset_annotations,UQ_10,authoritative_subset_annotations,Filling-Ripening,authoritative_subset_annotations,0.03175911140128597,Low (<10%)
530,66e9fa7379fd7b7fd64024ac1b03b8e56f9ad020c106354f00d7329b44b24615.png,67,60-70,authoritative_subset_annotations,UQ_7,authoritative_subset_annotations,Ripening,authoritative_subset_annotations,0.1219514822106454,Medium (10-30%)
531,66f7ee4338467f29756ffc735fb96f6ed8251f38ede0210f6a710cb45a0fcad3.png,104,>100,authoritative_subset_annotations,UQ_10,authoritative_subset_annotations,Filling-Ripening,authoritative_subset_annotations,0.09928266197142802,Low (<10%)
532,67007297ab3f8f552a36b4d0eebf5c28716ef1f60350c981006580cbef85a2dd.png,43,40-50,authoritative_subset_annotations,KSU_2,authoritative_subset_annotations,Post-Flowering,authoritative_subset_annotations,0.10031707387348932,Medium (10-30%)
533,676ce14572ed594253af5da89d5e81ab54c770bb8c481a4d23c621e4e598a11a.png,64,60-70,authoritative_subset_annotations,NAU_2,authoritative_subset_annotations,Post-Flowering,authoritative_subset_annotations,0.043589295169068794,Low (<10%)
534,67ac2ccd3bfab42fb31a4f966accf76373364a6356a262e85adbbb172a5ddcc0.png,112,>100,authoritative_subset_annotations,UQ_8,authoritative_subset_annotations,Ripening,authoritative_subset_annotations,0.061285924352443004,Low (<10%)
535,68884ab5f637e3954c33838e750f8d43fb6daed1a71f632d45b363223ed9eb45.png,20,20-30,authoritative_subset_annotations,Terraref_1,authoritative_subset_annotations,Ripening,authoritative_subset_annotations,0.0055715282895152235,Low (<10%)
536,688c305b14cd1d8ff516fed147679d03491974d629d82c8be1ea4457c8dd268b.png,33,30-40,authoritative_subset_annotations,Terraref_1,authoritative_subset_annotations,Ripening,authoritative_subset_annotations,0.02350354003508629,Low (<10%)
537,68a81f9303733108ba3f2c7c8042f66a6c4883884f1a10e109209ca4caa4e761.png,68,60-70,authoritative_subset_annotations,KSU_2,authoritative_subset_annotations,Post-Flowering,authoritative_subset_annotations,0.04956203215356318,Low (<10%)
538,68e0ebae1ccb658855395b7314e654204c95b00e90a1c3f6531c93137bf34029.png,50,50-60,authoritative_subset_annotations,NAU_3,authoritative_subset_annotations,Filling,authoritative_subset_annotations,0.09375376132409925,Low (<10%)
539,68e3ca1b4700a4d6fd2ad8ea11f30e316422991415f272147f3860bf1638c912.png,0,0-10,authoritative_subset_annotations,Ukyoto_1,authoritative_subset_annotations,Post-Flowering,authoritative_subset_annotations,0.0,Low (<10%)
540,68ff6e53d5ae4cf653b64ddc08a3c4a2e3f8d91429343394e8185a30d54198c4.png,62,60-70,authoritative_subset_annotations,KSU_3,authoritative_subset_annotations,Filling,authoritative_subset_annotations,0.2880731701776386,Medium (10-30%)
541,697ed3208cbefc506ae1d4d520259670a0af926468f99d9531abe6682903527e.png,55,50-60,authoritative_subset_annotations,UQ_7,authoritative_subset_annotations,Ripening,authoritative_subset_annotations,0.04829373144019723,Low (<10%)
542,698f03b9067b13a5481c6995d3d8bbac48cd8649b968a05dd4e8709eedc75bcc.png,136,>100,authoritative_subset_annotations,UQ_9,authoritative_subset_annotations,Filling-Ripening,authoritative_subset_annotations,0.1375671924548667,Medium (10-30%)
543,699cc82e46a2ddd6e9438646e35b5de65d50526b4b77bcab66aa6c6146e109c4.png,60,60-70,authoritative_subset_annotations,KSU_2,authoritative_subset_annotations,Post-Flowering,authoritative_subset_annotations,0.0668923167081598,Low (<10%)
544,69cef3b3493c4b3fd219fafea26c3cef6a3a5f494bbe1b4d37d4c94023777c9d.png,41,40-50,authoritative_subset_annotations,UQ_11,authoritative_subset_annotations,Post-Flowering,authoritative_subset_annotations,0.15434450682935325,Medium (10-30%)
545,6a02dc86bca25abd236fd36c82634e67218779d575291ee2297cc95e05003998.png,38,30-40,authoritative_subset_annotations,Ukyoto_1,authoritative_subset_annotations,Post-Flowering,authoritative_subset_annotations,0.13198259660908673,Medium (10-30%)
546,6a3cbc40632ef4e19be69827284d24e98a85744d1c6acf0436649ea2e4222e01.png,85,80-100,authoritative_subset_annotations,UQ_10,authoritative_subset_annotations,Filling-Ripening,authoritative_subset_annotations,0.10162690131068844,Medium (10-30%)
547,6a65530cfc93b42c2d09b6c759112c4206752482b07ae77c8494fe6e06b48806.png,48,40-50,authoritative_subset_annotations,CIMMYT_2,authoritative_subset_annotations,Post-Flowering,authoritative_subset_annotations,0.050735784162902496,Low (<10%)
548,6a70fab32c7dcfca3076b88cfc39fe0aadcd87f15b1ec52d38fb8af596cb4fcf.png,67,60-70,authoritative_subset_annotations,Ukyoto_1,authoritative_subset_annotations,Post-Flowering,authoritative_subset_annotations,0.2162241983523078,Medium (10-30%)
549,6abce6c3e1028727672c866a906c1ba764bb383dd524dc1d7b22c9842e12b56e.png,30,30-40,authoritative_subset_annotations,CIMMYT_2,authoritative_subset_annotations,Post-Flowering,authoritative_subset_annotations,0.0425074671465266,Low (<10%)
550,6ac7e9e1a379d6a201ec77743b79e122cc7b07ac5188334a11c112610eb85293.png,33,30-40,authoritative_subset_annotations,NAU_3,authoritative_subset_annotations,Filling,authoritative_subset_annotations,0.07898577452315877,Low (<10%)
551,6afc1e0bffd4cc1ab7c08a28eb955a03deaae73d9903df4c68d8408abebf1143.png,66,60-70,authoritative_subset_annotations,KSU_1,authoritative_subset_annotations,Post-Flowering,authoritative_subset_annotations,0.09716948785452212,Low (<10%)
552,6b074bccdbeebf28487d41c6b960bb6fd1cfa702abbaf21dae9ae911b2bd65bc.png,32,30-40,authoritative_subset_annotations,CIMMYT_1,authoritative_subset_annotations,Post-Flowering,authoritative_subset_annotations,0.08709809254883302,Low (<10%)
553,6b747753eba20b58b1ecd0568661e6d8437a495d4ec5e30d9a06b347b994c470.png,33,30-40,authoritative_subset_annotations,CIMMYT_3,authoritative_subset_annotations,Post-Flowering,authoritative_subset_annotations,0.07421532802664015,Low (<10%)
554,6b96b5e5753de2d603f6c8071cef5e68c1ab6b29f1ba6e335e76add2a68df765.png,100,>100,authoritative_subset_annotations,UQ_8,authoritative_subset_annotations,Ripening,authoritative_subset_annotations,0.10456918175056876,Medium (10-30%)
555,6be51c1a5132034427ecabaafa679fcac7c8f95e05a595df69401766b90d7890.png,33,30-40,authoritative_subset_annotations,CIMMYT_3,authoritative_subset_annotations,Post-Flowering,authoritative_subset_annotations,0.2673225335547018,Medium (10-30%)
556,6c0cb861abea91c0f7766f1609172059df0593235b33b05cea08103521b35a60.png,53,50-60,authoritative_subset_annotations,KSU_1,authoritative_subset_annotations,Post-Flowering,authoritative_subset_annotations,0.08738695974024362,Low (<10%)
557,6c2e124884cd6df4656355ba57acf79144bbcadc6c5569f963dfd50a0fdcfc23.png,61,60-70,authoritative_subset_annotations,KSU_3,authoritative_subset_annotations,Filling,authoritative_subset_annotations,0.09368206890102068,Low (<10%)
558,6c31aede2f3fbb044b49aefaca5f14de2e2e5e1d5f460523e9fb44c42017ba3a.png,41,40-50,authoritative_subset_annotations,UQ_11,authoritative_subset_annotations,Post-Flowering,authoritative_subset_annotations,0.016830919877674596,Low (<10%)
559,6c60892c43be9f93d9628d0b7fb6d36af209ddff8a99c9349aa4ec0334251165.png,78,70-80,authoritative_subset_annotations,KSU_1,authoritative_subset_annotations,Post-Flowering,authoritative_subset_annotations,0.0939365298068338,Low (<10%)
560,6ca93102b13e1766f2d912dc4fbde2871e615e536ab29df7ca6b16389398587b.png,95,80-100,authoritative_subset_annotations,UQ_10,authoritative_subset_annotations,Filling-Ripening,authoritative_subset_annotations,0.08324335959398042,Low (<10%)
561,6cc29b0ac94e461ed08d09c0da9dad202c4e71b9b0f9d02d0e951e4b34013d8f.png,0,0-10,authoritative_subset_annotations,Terraref_2,authoritative_subset_annotations,Filling,authoritative_subset_annotations,0.0,Low (<10%)
562,6d161ec67829e579887bddbbb290562e92878767bb1ac322e2c08e4fcdca9b92.png,23,20-30,authoritative_subset_annotations,CIMMYT_1,authoritative_subset_annotations,Post-Flowering,authoritative_subset_annotations,0.06102923489010833,Low (<10%)
563,6d3df5767810d0c1953114b107accc6d7e18e53bcb3d765463988272f4c730c7.png,78,70-80,authoritative_subset_annotations,KSU_2,authoritative_subset_annotations,Post-Flowering,authoritative_subset_annotations,0.05006679622974987,Low (<10%)
564,6d4e15673136498f650848737f878a3ae9b260de11277d72cf62e89c0c8a0b6e.png,24,20-30,authoritative_subset_annotations,NAU_3,authoritative_subset_annotations,Filling,authoritative_subset_annotations,0.04921090545342736,Low (<10%)
565,6d65b6726262faf1c0fd8b0a58681246b54c6b57ec818711d54707d69bd502fc.png,59,50-60,authoritative_subset_annotations,UQ_11,authoritative_subset_annotations,Post-Flowering,authoritative_subset_annotations,0.0571909953538658,Low (<10%)
566,6dc4265c10509e7589992b16d54d04413868133b4d1605ecac8f77b4703a086b.png,71,70-80,authoritative_subset_annotations,UQ_10,authoritative_subset_annotations,Filling-Ripening,authoritative_subset_annotations,0.06429462652930744,Low (<10%)
567,6dc4fe223cb752fd3066c060c0b86e315f624746b893fdcba61d67f9c844f120.png,46,40-50,authoritative_subset_annotations,KSU_4,authoritative_subset_annotations,Ripening,authoritative_subset_annotations,0.048701799731174,Low (<10%)
568,6defcc5eb234f5fb88d27a5533d7747858075d9d171d9c2e7973eece4abd81e5.png,32,30-40,authoritative_subset_annotations,NAU_3,authoritative_subset_annotations,Filling,authoritative_subset_annotations,0.023596291571909546,Low (<10%)
569,6e5044beeca7e1c4679749561cfbde7937c75c87a28bfab47de8b78be5e9aa0d.png,80,80-100,authoritative_subset_annotations,KSU_3,authoritative_subset_annotations,Filling,authoritative_subset_annotations,0.09935572755618552,Low (<10%)
570,6e90424ce44f2a161b5ccd1a65cf89c2eb9f1ffbf2f974584d010f4da015b5ab.png,100,>100,authoritative_subset_annotations,UQ_10,authoritative_subset_annotations,Filling-Ripening,authoritative_subset_annotations,0.1005384231850168,Medium (10-30%)
571,6ea231aacc54bba3b40fb93756278f72427c46a51eecd1b690aa414440ada740.png,12,10-20,authoritative_subset_annotations,Terraref_2,authoritative_subset_annotations,Filling,authoritative_subset_annotations,0.0,Low (<10%)
572,6ece38ed50b85a8d74b7a30577ecf169d150243142ce2775c90ecf6260ac392c.png,32,30-40,authoritative_subset_annotations,Terraref_2,authoritative_subset_annotations,Filling,authoritative_subset_annotations,0.0,Low (<10%)
573,6eeb8859956a3797f72bc8449b1c526deeacf6af3dbef14fb061eb82c7005758.png,22,20-30,authoritative_subset_annotations,ARC_1,authoritative_subset_annotations,Filling,authoritative_subset_annotations,0.08952516533451674,Low (<10%)
574,6f54d92f9e08c293aa20b1e3dff7cf7d117126a6f17e609d38b386bad559949d.png,43,40-50,authoritative_subset_annotations,KSU_1,authoritative_subset_annotations,Post-Flowering,authoritative_subset_annotations,0.02447469510213255,Low (<10%)
575,6f6cfc538474fdf65d7300fd95448db77f0410457333f7992f80472e98ba7f75.png,89,80-100,authoritative_subset_annotations,UQ_11,authoritative_subset_annotations,Post-Flowering,authoritative_subset_annotations,0.1745283762434449,Medium (10-30%)
576,6f9fd8f63066ebafa56e4d3e4e4aa778c93e4a5f7a24221dfecd439fd2b1c7ce.png,31,30-40,authoritative_subset_annotations,NAU_3,authoritative_subset_annotations,Filling,authoritative_subset_annotations,0.002068590887840537,Low (<10%)
577,6fa3e0d13456cfd90d7fd2fb8c5205ea9122ded42ca43625b3da320ae5932b87.png,65,60-70,authoritative_subset_annotations,KSU_1,authoritative_subset_annotations,Post-Flowering,authoritative_subset_annotations,0.17077911903648516,Medium (10-30%)
578,6fc97dd7da7798440581d67082792e904501ab03d451ad3958430b868b9168d0.png,61,60-70,authoritative_subset_annotations,NAU_3,authoritative_subset_annotations,Filling,authoritative_subset_annotations,0.03391059070708349,Low (<10%)
579,7035eec5364f1f6d2a09a395858e9bf535328a4c3ca8a2140e195d3fe552745a.png,83,80-100,authoritative_subset_annotations,UQ_10,authoritative_subset_annotations,Filling-Ripening,authoritative_subset_annotations,0.07782317225518276,Low (<10%)
580,7061f8284f59f6048da518e3aded633441dfda579ffb4b7f54921d612ec212c4.png,53,50-60,authoritative_subset_annotations,UQ_10,authoritative_subset_annotations,Filling-Ripening,authoritative_subset_annotations,0.13705193775728838,Medium (10-30%)
581,7086d51e751f7f0d546d81c90567336e5149a8a3b5ff4217954d069988805445.png,75,70-80,authoritative_subset_annotations,KSU_1,authoritative_subset_annotations,Post-Flowering,authoritative_subset_annotations,0.12176777380926034,Medium (10-30%)
582,708ffd13ef89ef81f304299d60dfb7e5d5eb8df3d02c25c3459228c0379b345b.png,44,40-50,authoritative_subset_annotations,CIMMYT_2,authoritative_subset_annotations,Post-Flowering,authoritative_subset_annotations,0.022804777408413957,Low (<10%)
583,709557b6d47c65feb157460f3fe525b6d9ec6fc4600dbd61b529142fb64c14a9.png,43,40-50,authoritative_subset_annotations,CIMMYT_2,authoritative_subset_annotations,Post-Flowering,authoritative_subset_annotations,0.07850988370459039,Low (<10%)
584,70967257f6c6a56a61598ab7c1e3dbf18466076e34923a9effad1e5ed86277d5.png,37,30-40,authoritative_subset_annotations,KSU_1,authoritative_subset_annotations,Post-Flowering,authoritative_subset_annotations,0.058901788072483516,Low (<10%)
585,71227ebb3734e0867e8d873d866850bc17fe57b21a72ab02dab7d08f6c989890.png,24,20-30,authoritative_subset_annotations,Ukyoto_1,authoritative_subset_annotations,Post-Flowering,authoritative_subset_annotations,0.07948310029717583,Low (<10%)
586,71d37ce941d4a2d5e280dd36d9d9d71cfc757f115bf5a59695a17cc65d45e186.png,81,80-100,authoritative_subset_annotations,Ukyoto_1,authoritative_subset_annotations,Post-Flowering,authoritative_subset_annotations,0.4019648918668587,High (>30%)
587,71f35a33f0ef40dd4295b8dac4fd17b902477c14daf5494474c1727c2e661381.png,46,40-50,authoritative_subset_annotations,KSU_4,authoritative_subset_annotations,Ripening,authoritative_subset_annotations,0.1418918331820228,Medium (10-30%)
588,7208471c829b3cee78ed6b7f5d6d61d114917f0d39c63fdcf5ccd5cb34f31fb3.png,48,40-50,authoritative_subset_annotations,Ukyoto_1,authoritative_subset_annotations,Post-Flowering,authoritative_subset_annotations,0.18315543850941055,Medium (10-30%)
589,7219c020afe9ff7b5651da94894f2c8f8726de96688d5649ded10c91376cb86d.png,93,80-100,authoritative_subset_annotations,UQ_9,authoritative_subset_annotations,Filling-Ripening,authoritative_subset_annotations,0.16647602751197577,Medium (10-30%)
590,7228cb212d5496d80c4d3b4b5ffb61206d2ff1e8a4da739aeb8b137454797c51.png,40,40-50,authoritative_subset_annotations,CIMMYT_3,authoritative_subset_annotations,Post-Flowering,authoritative_subset_annotations,0.06181270345169911,Low (<10%)
591,723d833b4aed3d21e54556cf3c771a7a0fb1c178701146cd1e47d9f0c1c92674.png,56,50-60,authoritative_subset_annotations,KSU_2,authoritative_subset_annotations,Post-Flowering,authoritative_subset_annotations,0.026524349183050713,Low (<10%)
592,72a8441037c23879192315653f833769e26ee23fc7434933eb295bf68879647f.png,78,70-80,authoritative_subset_annotations,UQ_9,authoritative_subset_annotations,Filling-Ripening,authoritative_subset_annotations,0.2265314820965743,Medium (10-30%)
593,72ca5cdf78a1651d9b4519e457b3269c0d82e6ecffed674658356d16c1e4b7f4.png,12,10-20,authoritative_subset_annotations,Terraref_2,authoritative_subset_annotations,Filling,authoritative_subset_annotations,0.0,Low (<10%)
594,7449ab782a4c5fb3ee10971bb4a187ebc5b757e7b6d9b031784b5c890a62cccd.png,68,60-70,authoritative_subset_annotations,NAU_2,authoritative_subset_annotations,Post-Flowering,authoritative_subset_annotations,0.06353985665671354,Low (<10%)
595,746e49bcf157a43428fc5d1449dedce8bf3192c8726e42d44ff285e0dfda9cc5.png,69,60-70,authoritative_subset_annotations,UQ_11,authoritative_subset_annotations,Post-Flowering,authoritative_subset_annotations,0.09180222931391643,Low (<10%)
596,7483ecb57658fdcfc13c5f5ec7c8af2bb6bc6b6fd1dd742a13ce7bbabb24ba9d.png,45,40-50,authoritative_subset_annotations,UQ_11,authoritative_subset_annotations,Post-Flowering,authoritative_subset_annotations,0.02852639115204641,Low (<10%)
597,74c140cbdd824720010ace8c0d35c2dcf8eaab24c427d0de97569cf229f16e1a.png,40,40-50,authoritative_subset_annotations,UQ_11,authoritative_subset_annotations,Post-Flowering,authoritative_subset_annotations,0.005087719298245614,Low (<10%)
598,74d624012e6020f43d6bd94198d03f667a9d3c35a6f1cda083fcb2be7d99b69c.png,30,30-40,authoritative_subset_annotations,UQ_11,authoritative_subset_annotations,Post-Flowering,authoritative_subset_annotations,0.005179717517327782,Low (<10%)
599,74dbe7cea864c92587bd4d9ebd678ab9df448fe0cbf418f078f33ea072a3620c.png,80,80-100,authoritative_subset_annotations,UQ_10,authoritative_subset_annotations,Filling-Ripening,authoritative_subset_annotations,0.10283433904530437,Medium (10-30%)
600,74ff1546f774ca1e2887720d18ced22948259fc6920211b70efdda7f90379fb0.png,31,30-40,authoritative_subset_annotations,ARC_1,authoritative_subset_annotations,Filling,authoritative_subset_annotations,0.13981649848551225,Medium (10-30%)
601,7583a5d07e1e50e620c7fe015ff16f22d3a7e4680143790197b5edf27d5c0e4d.png,27,20-30,authoritative_subset_annotations,Ukyoto_1,authoritative_subset_annotations,Post-Flowering,authoritative_subset_annotations,0.19970964369524882,Medium (10-30%)
602,7588cd2bbc383996980686619cc28da2f62bace44110895100397de8bd1f4a54.png,22,20-30,authoritative_subset_annotations,Terraref_1,authoritative_subset_annotations,Ripening,authoritative_subset_annotations,0.021762570651459538,Low (<10%)
603,75bfe7aa36c8e689e23df76efcd77685bf454f3158181e6eaddae6e3765d6c1f.png,88,80-100,authoritative_subset_annotations,UQ_10,authoritative_subset_annotations,Filling-Ripening,authoritative_subset_annotations,0.09163456519035398,Low (<10%)
604,75c37190394df2cda39a2a8fefa2235fec944f291d648fa599eb98b74730a6d1.png,74,70-80,authoritative_subset_annotations,KSU_1,authoritative_subset_annotations,Post-Flowering,authoritative_subset_annotations,0.13669864550919142,Medium (10-30%)
605,75e1f2cd69bdba1cb30cd2b1b719ec085ea1f0fb01044f4c8f63c317e64cba3c.png,35,30-40,authoritative_subset_annotations,Terraref_2,authoritative_subset_annotations,Filling,authoritative_subset_annotations,0.032676304018176734,Low (<10%)
606,762fe0084c260d803534e1bb12e4b2a0e0b096fd882b0bf469b9d5756290df44.png,51,50-60,authoritative_subset_annotations,KSU_4,authoritative_subset_annotations,Ripening,authoritative_subset_annotations,0.15217956753825565,Medium (10-30%)
607,768f5af09bed0cf5eabcd357f98242892d39a1507d7c29e76d1f1bd86986f295.png,49,40-50,authoritative_subset_annotations,KSU_4,authoritative_subset_annotations,Ripening,authoritative_subset_annotations,0.17074809771183613,Medium (10-30%)
608,76d2ee9963bf01ce6fe174f216041a764f314828cd19c1c3472a6cc717ac5475.png,28,20-30,authoritative_subset_annotations,CIMMYT_3,authoritative_subset_annotations,Post-Flowering,authoritative_subset_annotations,0.0333023537718432,Low (<10%)
609,76da62c80917df1242c95b65866356ed750e7b2c0ac6b9710ca2f38141a2dd53.png,69,60-70,authoritative_subset_annotations,KSU_1,authoritative_subset_annotations,Post-Flowering,authoritative_subset_annotations,0.11307191285907946,Medium (10-30%)
610,76ff8967e9cd094ffb841e3963ddf186afbd760c435fd40c3331b22b14ae04ff.png,1,0-10,authoritative_subset_annotations,Terraref_2,authoritative_subset_annotations,Filling,authoritative_subset_annotations,0.0,Low (<10%)
611,7708de2a53afffc9166c57c7bd59f8a0cfb8fad8588e53ad0b5f6393639982b0.png,60,60-70,authoritative_subset_annotations,KSU_3,authoritative_subset_annotations,Filling,authoritative_subset_annotations,0.1764133084430818,Medium (10-30%)
612,7766d1353a78b2f9df7fcb2baab9a8a03c7d415761946ff630c93a2b9fbaa9ef.png,0,0-10,authoritative_subset_annotations,Terraref_2,authoritative_subset_annotations,Filling,authoritative_subset_annotations,0.0,Low (<10%)
613,7768e43d4f3324dc495b3961576b8939ac1ff262a741f1399c3a0567aa3e3bda.png,0,0-10,authoritative_subset_annotations,Terraref_2,authoritative_subset_annotations,Filling,authoritative_subset_annotations,0.0,Low (<10%)
614,78918766e3b548b10556e2222a25bbb996fc12096183cafd292008bfceb0d5a4.png,1,0-10,authoritative_subset_annotations,Terraref_2,authoritative_subset_annotations,Filling,authoritative_subset_annotations,0.0,Low (<10%)
615,789451809b124b61af0920fed5b00b2955c3e1725aa886b5d4d6e51950ca0cd4.png,51,50-60,authoritative_subset_annotations,UQ_11,authoritative_subset_annotations,Post-Flowering,authoritative_subset_annotations,0.07852398924078142,Low (<10%)
616,78954acd0cf961f888061eab0e447586bcca5db2c5522c9575275832a068f81d.png,102,>100,authoritative_subset_annotations,UQ_10,authoritative_subset_annotations,Filling-Ripening,authoritative_subset_annotations,0.09052363785787343,Low (<10%)
617,78b5a9e27f5b788c5afae5f43fb6e176127b277f4e3a60a48a7934929892a984.png,27,20-30,authoritative_subset_annotations,NAU_3,authoritative_subset_annotations,Filling,authoritative_subset_annotations,0.0,Low (<10%)
618,79802a53355ed8a0145c41c04c0e8530fb4e8da2089521f2a18c9b5570a0f848.png,0,0-10,authoritative_subset_annotations,Terraref_2,authoritative_subset_annotations,Filling,authoritative_subset_annotations,0.0,Low (<10%)
619,7993c519b5a9ad7a5bdd04b80724d68d8e7417c3a38ef37db3c9e9686e6ecf14.png,39,30-40,authoritative_subset_annotations,CIMMYT_2,authoritative_subset_annotations,Post-Flowering,authoritative_subset_annotations,0.02268298579945531,Low (<10%)
620,79aecc08ed6360c80c786c9eb8921f76a343ede33ca902ed32ef3b2b67f7592b.png,53,50-60,authoritative_subset_annotations,NAU_2,authoritative_subset_annotations,Post-Flowering,authoritative_subset_annotations,0.06680641739941535,Low (<10%)
621,79b108ebc26db504accec479c9ecd2c8305d1607cbaf31ffc2b4aed36634d152.png,49,40-50,authoritative_subset_annotations,KSU_4,authoritative_subset_annotations,Ripening,authoritative_subset_annotations,0.1448070090554493,Medium (10-30%)
622,7a334737eabca9ab7e1f2ecab35a6126125041b50c77f44c7c01ceb59431ec4e.png,122,>100,authoritative_subset_annotations,UQ_8,authoritative_subset_annotations,Ripening,authoritative_subset_annotations,0.11234150800699443,Medium (10-30%)
623,7a8289b72c045d509d5b206cbd07fb960a44140923eaa354a9270cc322f959c6.png,92,80-100,authoritative_subset_annotations,UQ_7,authoritative_subset_annotations,Ripening,authoritative_subset_annotations,0.05271448825154865,Low (<10%)
624,7ade0594b306545767f1e81589af6eee3d25948fd933008b3999c1a97fcf2f7e.png,62,60-70,authoritative_subset_annotations,KSU_3,authoritative_subset_annotations,Filling,authoritative_subset_annotations,0.1461008441080781,Medium (10-30%)
625,7af308d49bfb66da4021469d072b6cb70020257371d23810c474f526350fcefa.png,63,60-70,authoritative_subset_annotations,Ukyoto_1,authoritative_subset_annotations,Post-Flowering,authoritative_subset_annotations,0.2412336092308452,Medium (10-30%)
626,7b1ddbae9bed9a2f2b11f1bba5df6d29ee17a7a21c5226f9b16c3cc2d6128227.png,27,20-30,authoritative_subset_annotations,NAU_3,authoritative_subset_annotations,Filling,authoritative_subset_annotations,0.01746601632978016,Low (<10%)
627,7b2b8d8215a8a3ff1206391fef0a3e1ec80ca9f4389b6ec3e5d1e0ce34f290da.png,64,60-70,authoritative_subset_annotations,KSU_3,authoritative_subset_annotations,Filling,authoritative_subset_annotations,0.33219928026850326,High (>30%)
628,7b870886f72a872c65c28536d300e1bdf5639aa20786c0f9986532ef1f3e863e.png,74,70-80,authoritative_subset_annotations,UQ_10,authoritative_subset_annotations,Filling-Ripening,authoritative_subset_annotations,0.09031043433118434,Low (<10%)
629,7bcf0b07a23a26a9b355c1a61a4c8d36cf745cc2f2dfe8d2e72fac30da734042.png,30,30-40,authoritative_subset_annotations,CIMMYT_2,authoritative_subset_annotations,Post-Flowering,authoritative_subset_annotations,0.03363822139216266,Low (<10%)
630,7bcfff43b356f4a94948367782aa704a37ff4579baf45d6f7b58f54681ea73eb.png,94,80-100,authoritative_subset_annotations,UQ_7,authoritative_subset_annotations,Ripening,authoritative_subset_annotations,0.05066807411367743,Low (<10%)
631,7be93c8cc86f2bd7714449e2cc69c792d9c552f1901772239c31bb506bb9e059.png,38,30-40,authoritative_subset_annotations,UQ_11,authoritative_subset_annotations,Post-Flowering,authoritative_subset_annotations,0.0450582848842514,Low (<10%)
632,7c527f4366c935819acdd7f7ac01c13dc8a0f11674dc9c8b0661ffd523d9c02f.png,103,>100,authoritative_subset_annotations,UQ_10,authoritative_subset_annotations,Filling-Ripening,authoritative_subset_annotations,0.1020703136801069,Medium (10-30%)
633,7cb7b8f44607b30478b01824db8a911be18d8bb791d813e6efae72b379219832.png,35,30-40,authoritative_subset_annotations,Terraref_1,authoritative_subset_annotations,Ripening,authoritative_subset_annotations,0.06597668350659515,Low (<10%)
634,7cbfc17b975730707810fea5a16c831be2dfc72a7ae432b8d62d077b241dcc16.png,37,30-40,authoritative_subset_annotations,NAU_2,authoritative_subset_annotations,Post-Flowering,authoritative_subset_annotations,0.10678527489093148,Medium (10-30%)
635,7cdd7373595b4f4539760d42ddd61e5883501c45d31760d8c48e4fd25f36396b.png,52,50-60,authoritative_subset_annotations,Ukyoto_1,authoritative_subset_annotations,Post-Flowering,authoritative_subset_annotations,0.43556928741952344,High (>30%)
636,7cecb64061fc5ad856523148f4c19a91a51093a2c0406442a88970519f7b85d1.png,0,0-10,authoritative_subset_annotations,CIMMYT_3,authoritative_subset_annotations,Post-Flowering,authoritative_subset_annotations,0.0,Low (<10%)
637,7cf68949aa01efc6dce1c58247f550d986fec20c15d947af8bf64471826a3f2f.png,3,0-10,authoritative_subset_annotations,Terraref_2,authoritative_subset_annotations,Filling,authoritative_subset_annotations,0.0,Low (<10%)
638,7d27275f0c825f094ab84cb07fd007f6cea899b0d7e07b4ac5247f2427681cb7.png,117,>100,authoritative_subset_annotations,UQ_8,authoritative_subset_annotations,Ripening,authoritative_subset_annotations,0.1814445306904909,Medium (10-30%)
639,7d4d92b585b210dfa95de11d1a7cec964a0d4cce83fa19cde14d5c25da9efd98.png,59,50-60,authoritative_subset_annotations,KSU_3,authoritative_subset_annotations,Filling,authoritative_subset_annotations,0.08649254032341236,Low (<10%)
640,7dce454c6a0824c183d5de165af026de2da002eaabf237cba97124583af5a835.png,56,50-60,authoritative_subset_annotations,KSU_3,authoritative_subset_annotations,Filling,authoritative_subset_annotations,0.27900825530171874,Medium (10-30%)
641,7deec399dd27593011a3b50e5ffa0c15a4fdda497506a24888b22b8040537cfa.png,28,20-30,authoritative_subset_annotations,UQ_11,authoritative_subset_annotations,Post-Flowering,authoritative_subset_annotations,0.043327617015231246,Low (<10%)
642,7df3da8abac059db38fb98540b0d52ac48f55c0816693d1796f363686842f12e.png,47,40-50,authoritative_subset_annotations,Terraref_1,authoritative_subset_annotations,Ripening,authoritative_subset_annotations,0.017529831230453475,Low (<10%)
643,7e03e5b3e57215d1a1850b3b7c7bbe9be924c5648d466bc83148e02fc08ea12b.png,0,0-10,authoritative_subset_annotations,Terraref_1,authoritative_subset_annotations,Ripening,authoritative_subset_annotations,0.0,Low (<10%)
644,7e5615b901aee353dc2553f3070e4dda6a88a2ccfe410cbab8668f84ce64f4d7.png,116,>100,authoritative_subset_annotations,UQ_11,authoritative_subset_annotations,Post-Flowering,authoritative_subset_annotations,0.06607498715302132,Low (<10%)
645,7e95055d39f1e3517e6a946a11f916a0770825c37ca2a77fb3b1aa522e9cac75.png,20,20-30,authoritative_subset_annotations,NAU_3,authoritative_subset_annotations,Filling,authoritative_subset_annotations,0.0015352182539682538,Low (<10%)
646,7e9b929f086d3f354309937adfff17a5dd46a969bc5f79b0809fdfecca51b421.png,52,50-60,authoritative_subset_annotations,CIMMYT_1,authoritative_subset_annotations,Post-Flowering,authoritative_subset_annotations,0.17343597842289385,Medium (10-30%)
647,7e9c90256b68a447b3757649b25351b73cb5757c4293d54c8e9fb8e1a077e21c.png,81,80-100,authoritative_subset_annotations,UQ_10,authoritative_subset_annotations,Filling-Ripening,authoritative_subset_annotations,0.16705596814647314,Medium (10-30%)
648,7f16a775a5d8cdb7e16fb1cacb3248552558634bb6dba7c58626f7558388d2be.png,82,80-100,authoritative_subset_annotations,NAU_2,authoritative_subset_annotations,Post-Flowering,authoritative_subset_annotations,0.082262815291998,Low (<10%)
649,7f30948703c75091baa3c3734b00e1bf0a92ffad232dd3a94fbe594b3f448201.png,33,30-40,authoritative_subset_annotations,UQ_11,authoritative_subset_annotations,Post-Flowering,authoritative_subset_annotations,0.11824961568465177,Medium (10-30%)
650,7f5cf836f926582ff0ae00f4adf0435c61899e19db50afbbdaeddb0fa39fbaa3.png,100,>100,authoritative_subset_annotations,UQ_9,authoritative_subset_annotations,Filling-Ripening,authoritative_subset_annotations,0.42506642767439495,High (>30%)
651,7f5eb37cab658de6fd0d688bf27f16e423794fed6184d8b82a42612e20ff01ce.png,75,70-80,authoritative_subset_annotations,UQ_7,authoritative_subset_annotations,Ripening,authoritative_subset_annotations,0.08559919406382462,Low (<10%)
652,7f93ee58cac5c4939378c5c7448d7e2bd6477be800b32e2fa9cc917327a546a6.png,16,10-20,authoritative_subset_annotations,KSU_4,authoritative_subset_annotations,Ripening,authoritative_subset_annotations,0.0,Low (<10%)
653,7fd3a6c45c9427bc925d88cf5a4e887b0a5f4c327134593d8aab10f07a01effa.png,61,60-70,authoritative_subset_annotations,NAU_2,authoritative_subset_annotations,Post-Flowering,authoritative_subset_annotations,0.06321064790247237,Low (<10%)
654,8019232a4e2c4e5c16a4674cee677ecd894f57492a31d7d6ba9ce2dc9864c210.png,0,0-10,authoritative_subset_annotations,Terraref_2,authoritative_subset_annotations,Filling,authoritative_subset_annotations,0.0,Low (<10%)
655,8044f74d832563ce910c935f6741606cee46f2c1c80e9c2dbd1895ae497b0c80.png,41,40-50,authoritative_subset_annotations,NAU_3,authoritative_subset_annotations,Filling,authoritative_subset_annotations,0.0215278998908533,Low (<10%)
656,80608694e1e3d15376a9d0d8b21983ec65641e0b6f4b16af0533142fb2e409ff.png,42,40-50,authoritative_subset_annotations,CIMMYT_2,authoritative_subset_annotations,Post-Flowering,authoritative_subset_annotations,0.04472224023500978,Low (<10%)
657,8064725104be128f59d397b643020dad13be7bcb41245f6af9cedb3fdda9ede3.png,32,30-40,authoritative_subset_annotations,CIMMYT_3,authoritative_subset_annotations,Post-Flowering,authoritative_subset_annotations,0.05859373239352809,Low (<10%)
658,81459d7e2f9a99bdc89af50526f3fa681a28682b91ab3de89eb2a6c7803bc82a.png,45,40-50,authoritative_subset_annotations,KSU_3,authoritative_subset_annotations,Filling,authoritative_subset_annotations,0.04009661276685245,Low (<10%)
659,814bc2f3a39a4cc2e45c382b36e669bbc3363b9a8c6697aa879f40b890abc371.png,49,40-50,authoritative_subset_annotations,NAU_2,authoritative_subset_annotations,Post-Flowering,authoritative_subset_annotations,0.013172993692349822,Low (<10%)
660,815c1a8a808115e2462667ac569b3c688ad3e903b3f925be4e4760c5b2912db0.png,68,60-70,authoritative_subset_annotations,KSU_1,authoritative_subset_annotations,Post-Flowering,authoritative_subset_annotations,0.05888523529484056,Low (<10%)
661,81642d9c967d57b583f6f80dec848f07db97329ff4c93ae39aafe04a56aeaaff.png,110,>100,authoritative_subset_annotations,UQ_8,authoritative_subset_annotations,Ripening,authoritative_subset_annotations,0.15585300854746056,Medium (10-30%)
662,817a0c8bafe74ee9cc7d4c3276780a5bfb1c33b583c69faaa58118610763ea8c.png,56,50-60,authoritative_subset_annotations,KSU_2,authoritative_subset_annotations,Post-Flowering,authoritative_subset_annotations,0.05316676173472037,Low (<10%)
663,81a71d47dfebbadc0ca9f9300442bf1b47102b610e36e357e1a17546463bc696.png,76,70-80,authoritative_subset_annotations,UQ_10,authoritative_subset_annotations,Filling-Ripening,authoritative_subset_annotations,0.137918168389238,Medium (10-30%)
664,81c2ecfaa1991200a5705d4d100d094a254d26da9b519b35ea584092a1bd53c2.png,58,50-60,authoritative_subset_annotations,KSU_2,authoritative_subset_annotations,Post-Flowering,authoritative_subset_annotations,0.04274921761839028,Low (<10%)
665,8230b0c8f3cb659ce352b05b241d022181dbf482d1321c869ed1713942ffc36b.png,77,70-80,authoritative_subset_annotations,UQ_11,authoritative_subset_annotations,Post-Flowering,authoritative_subset_annotations,0.017589860404082513,Low (<10%)
666,829f2da632b09d6c8815539b483355b5cfaa30b23ed9aeb3acff51d8a63f0edc.png,70,70-80,authoritative_subset_annotations,UQ_10,authoritative_subset_annotations,Filling-Ripening,authoritative_subset_annotations,0.09344907988567246,Low (<10%)
667,82a3ed9b5a2cc1ca1a5062b29b99d47c75ce0a79c86798f2d3fc19a363c9eedc.png,38,30-40,authoritative_subset_annotations,KSU_3,authoritative_subset_annotations,Filling,authoritative_subset_annotations,0.07943505556980399,Low (<10%)
668,83a956624ba04e143d34a03761b083ffb644b47a039ab28b10122e14ff312fb3.png,48,40-50,authoritative_subset_annotations,KSU_4,authoritative_subset_annotations,Ripening,authoritative_subset_annotations,0.07395465824859952,Low (<10%)
669,84185ca9e0886adf5349b2540ca11062bf1ad9813fe5a2c6cf6a597df09f3247.png,15,10-20,authoritative_subset_annotations,UQ_11,authoritative_subset_annotations,Post-Flowering,authoritative_subset_annotations,0.0,Low (<10%)
670,841aa9f74dc5d4f8acc78cc594949bdc0875d896f3a8d5d6fa74421105093f24.png,53,50-60,authoritative_subset_annotations,KSU_4,authoritative_subset_annotations,Ripening,authoritative_subset_annotations,0.19325165951886744,Medium (10-30%)
671,844e0003778ccb066807fc2320410bbcc0d58b4d6f744619259838106f093738.png,115,>100,authoritative_subset_annotations,UQ_8,authoritative_subset_annotations,Ripening,authoritative_subset_annotations,0.35796283242135896,High (>30%)
672,84667ced8e62bbf68390fe60c2e0a440d1dde25e084fa86f6c98026a3319567a.png,45,40-50,authoritative_subset_annotations,CIMMYT_1,authoritative_subset_annotations,Post-Flowering,authoritative_subset_annotations,0.045520660266943194,Low (<10%)
673,84762b69719f022ded468ecad248b3f910e0e11fc690d741fd12d26e414ead5e.png,146,>100,authoritative_subset_annotations,UQ_8,authoritative_subset_annotations,Ripening,authoritative_subset_annotations,0.2547395136167225,Medium (10-30%)
674,84bfacc21a50fa34d629d4e9305a76e2082014b9c84a83ebe0618af715fa4f9f.png,60,60-70,authoritative_subset_annotations,UQ_11,authoritative_subset_annotations,Post-Flowering,authoritative_subset_annotations,0.053976599556196415,Low (<10%)
675,84e164930e4c64b384b50657651041aed9dabfd2df3d1302c11383d88623adf7.png,59,50-60,authoritative_subset_annotations,NAU_3,authoritative_subset_annotations,Filling,authoritative_subset_annotations,0.16185081572161175,Medium (10-30%)
676,8504a2e8ac06104be7a465ac784127ab8d13324132a9ea0cf40cd3a9a65d102a.png,73,70-80,authoritative_subset_annotations,UQ_10,authoritative_subset_annotations,Filling-Ripening,authoritative_subset_annotations,0.07132087452880247,Low (<10%)
677,8551a08d4cb7c2831ddb1a4b0a6f6ffa37ab227f4e644ff6452711d33f90b622.png,72,70-80,authoritative_subset_annotations,KSU_2,authoritative_subset_annotations,Post-Flowering,authoritative_subset_annotations,0.11122839410650166,Medium (10-30%)
678,8554d02673c8077041b571f6ddaaa5364791cfa47c8f9adfd699b0bbc6988a66.png,102,>100,authoritative_subset_annotations,UQ_8,authoritative_subset_annotations,Ripening,authoritative_subset_annotations,0.17300330932009036,Medium (10-30%)
679,85fc18aa3f405296db7abbb320ea5653d6855fb2533e10be3ad43c87b6fc7666.png,1,0-10,authoritative_subset_annotations,Terraref_1,authoritative_subset_annotations,Ripening,authoritative_subset_annotations,0.0,Low (<10%)
680,8601a9383da7f276f5674b982a0ec26a70dcba8507881aa8dc1c6a6c1c657c16.png,47,40-50,authoritative_subset_annotations,CIMMYT_2,authoritative_subset_annotations,Post-Flowering,authoritative_subset_annotations,0.053675605404426355,Low (<10%)
681,86510d602e0865316f45e3b577179f154640a7352ee861bfe02d37cdabfd3da6.png,39,30-40,authoritative_subset_annotations,Terraref_1,authoritative_subset_annotations,Ripening,authoritative_subset_annotations,0.007414121855499493,Low (<10%)
682,865715be8ba900c27a29f498ac1cdfcb0a6479262383209d5ce83839beadb2c9.png,59,50-60,authoritative_subset_annotations,KSU_1,authoritative_subset_annotations,Post-Flowering,authoritative_subset_annotations,0.19250614426063037,Medium (10-30%)
683,866098f002f6ddc445b20dd3b0f524a0e6f9c36fb45c352dd7d557d7c575a8c4.png,51,50-60,authoritative_subset_annotations,KSU_3,authoritative_subset_annotations,Filling,authoritative_subset_annotations,0.06781893224556523,Low (<10%)
684,86879db47d8ac920b307ece55cc9e6146fa99e89680403b0fd35735d9d509ab2.png,63,60-70,authoritative_subset_annotations,NAU_3,authoritative_subset_annotations,Filling,authoritative_subset_annotations,0.18324358885117686,Medium (10-30%)
685,869e268c7b7b654ba9d0d3ba32584bb29e11059e0eda4fd25093b230f0201f8b.png,48,40-50,authoritative_subset_annotations,KSU_2,authoritative_subset_annotations,Post-Flowering,authoritative_subset_annotations,0.10103135742352452,Medium (10-30%)
686,86cd2755c368ad6eb2fb1981286905f269485384d5142ec6d456af0441aab003.png,25,20-30,authoritative_subset_annotations,KSU_4,authoritative_subset_annotations,Ripening,authoritative_subset_annotations,0.06560868572677507,Low (<10%)
687,86d0e487162cd4f06c23f9998caddb2e67ba66b9cbd136cd2847b1021db3bfb0.png,2,0-10,authoritative_subset_annotations,Terraref_1,authoritative_subset_annotations,Ripening,authoritative_subset_annotations,0.0,Low (<10%)
688,870ace8f99b366b018090f8f9283b62a4eff6f523026217ac34808c53f084fca.png,77,70-80,authoritative_subset_annotations,KSU_1,authoritative_subset_annotations,Post-Flowering,authoritative_subset_annotations,0.06817236248675952,Low (<10%)
689,872b32019a3a748bd527bb597a7269615fa66d7b852f7e4d5aba9c6e5c448005.png,31,30-40,authoritative_subset_annotations,NAU_2,authoritative_subset_annotations,Post-Flowering,authoritative_subset_annotations,0.09866050764144171,Low (<10%)
690,8738d526d5d904a932eeef3be7fe03997d4db93c741d436d6e577f81934e1eed.png,54,50-60,authoritative_subset_annotations,CIMMYT_1,authoritative_subset_annotations,Post-Flowering,authoritative_subset_annotations,0.25078134523449663,Medium (10-30%)
691,873aad8a266d9372f5ab5469c5fa5f8a8b9bd128ee3b15b10c7dc6a042ca9a2e.png,101,>100,authoritative_subset_annotations,UQ_10,authoritative_subset_annotations,Filling-Ripening,authoritative_subset_annotations,0.25119806570364844,Medium (10-30%)
692,874c27be569fc7c91f1ea9da43e76bde86feb6a268214496ed917ec6b1239c4f.png,46,40-50,authoritative_subset_annotations,NAU_2,authoritative_subset_annotations,Post-Flowering,authoritative_subset_annotations,0.007753609940812453,Low (<10%)
693,87554d15c2df906a0f0c884ce41e58f5538a3de76713dff2e7d655c14bbdd1ba.png,98,80-100,authoritative_subset_annotations,UQ_11,authoritative_subset_annotations,Post-Flowering,authoritative_subset_annotations,0.04742710477725188,Low (<10%)
694,8766fb6da157939fbab16702821bb6aa16b30b28cbf2c8e477e4c12a04d81284.png,19,10-20,authoritative_subset_annotations,Terraref_2,authoritative_subset_annotations,Filling,authoritative_subset_annotations,0.0,Low (<10%)
695,877157db6f6769990be088227654ec97c9d517ed24c42c4c88c56f9bd756e5b6.png,18,10-20,authoritative_subset_annotations,NAU_2,authoritative_subset_annotations,Post-Flowering,authoritative_subset_annotations,0.03452419908089133,Low (<10%)
696,877f7f6695bbb52a71256e3456c86ab58cdfad669eb492cd9e917cf8e1e77ae6.png,55,50-60,authoritative_subset_annotations,KSU_4,authoritative_subset_annotations,Ripening,authoritative_subset_annotations,0.10476832491692255,Medium (10-30%)
697,87d2baf49fda11cb9744e7079ccb1451890735ce3ddfb29769df624c1d685763.png,4,0-10,authoritative_subset_annotations,CIMMYT_3,authoritative_subset_annotations,Post-Flowering,authoritative_subset_annotations,0.0,Low (<10%)
698,87e0fbed19da21ebaf1f20a0d0a1deb623781848698801c5625c3cffbad05198.png,89,80-100,authoritative_subset_annotations,UQ_9,authoritative_subset_annotations,Filling-Ripening,authoritative_subset_annotations,0.1516469459444883,Medium (10-30%)
699,87e4cbc9f98b1cb6f0ea3461eddb9102b14e963061f09e3b45e6971d29966df1.png,48,40-50,authoritative_subset_annotations,UQ_11,authoritative_subset_annotations,Post-Flowering,authoritative_subset_annotations,0.03551732252504564,Low (<10%)
700,8864f6c429abe44777563828e6245147899ee41f547a29937bb58157442414bd.png,62,60-70,authoritative_subset_annotations,KSU_1,authoritative_subset_annotations,Post-Flowering,authoritative_subset_annotations,0.044447903562524024,Low (<10%)
701,886e9ef461898c5cb8d90366c5513e55586fb0744095b0c4351100459cde5c30.png,43,40-50,authoritative_subset_annotations,CIMMYT_2,authoritative_subset_annotations,Post-Flowering,authoritative_subset_annotations,0.016575421931403527,Low (<10%)
702,88c7af814844d065fb63836c4a2ba004e6191c03916812eb53ed154e61550165.png,61,60-70,authoritative_subset_annotations,KSU_4,authoritative_subset_annotations,Ripening,authoritative_subset_annotations,0.14695222077815,Medium (10-30%)
703,89396b396ce443f8da11a8e665f68f7e91392aeafb137da1ce5124a61caf601c.png,14,10-20,authoritative_subset_annotations,NAU_2,authoritative_subset_annotations,Post-Flowering,authoritative_subset_annotations,0.032278112697124155,Low (<10%)
704,89502979a1e0623794d5271ebf1b754fc5506c9421beea6353eb9bae46cbe099.png,64,60-70,authoritative_subset_annotations,KSU_1,authoritative_subset_annotations,Post-Flowering,authoritative_subset_annotations,0.09446592354106448,Low (<10%)
705,8962a6cea5c4abbbca60d261e8948918ed1e254735dd279e2589c34090c8f3c8.png,19,10-20,authoritative_subset_annotations,Terraref_2,authoritative_subset_annotations,Filling,authoritative_subset_annotations,0.004027895049566876,Low (<10%)
706,89a2daaafcd81cd4b25ed13ce77fc438aa2b7d0f1c047ab92a846b3438c2b52c.png,56,50-60,authoritative_subset_annotations,KSU_1,authoritative_subset_annotations,Post-Flowering,authoritative_subset_annotations,0.05363359430384039,Low (<10%)
707,89b4d95722e4351e7ab23614ff00cf1782bfb8c4e323c843c6b2b835de8d3dce.png,12,10-20,authoritative_subset_annotations,Terraref_2,authoritative_subset_annotations,Filling,authoritative_subset_annotations,0.0,Low (<10%)
708,89ec0ea9d89697d36785414c72be7e1ae87d19304a11aaf223cd1169f47a8336.png,116,>100,authoritative_subset_annotations,UQ_10,authoritative_subset_annotations,Filling-Ripening,authoritative_subset_annotations,0.08952296260906029,Low (<10%)
709,8a1147d065d3e343fcc091953e4e9d1f21e7d67fffee3e20a9581d6f664690e2.png,43,40-50,authoritative_subset_annotations,CIMMYT_2,authoritative_subset_annotations,Post-Flowering,authoritative_subset_annotations,0.0033584077918285744,Low (<10%)
710,8a1b059491fd5925b058cea8967c61b18b30ed5a7348f206d31f5f117ea059e0.png,55,50-60,authoritative_subset_annotations,NAU_2,authoritative_subset_annotations,Post-Flowering,authoritative_subset_annotations,0.07124745405235434,Low (<10%)
711,8a3cf717f854dd048365222630a3b7641386eff2d0836aafd2fb0208d360aac6.png,15,10-20,authoritative_subset_annotations,Terraref_1,authoritative_subset_annotations,Ripening,authoritative_subset_annotations,0.09784143272927229,Low (<10%)
712,8ab5a48ed05e583219eb425acc8fd010a7c21f7ff4bbfd88db162dc6e4a9c591.png,39,30-40,authoritative_subset_annotations,CIMMYT_1,authoritative_subset_annotations,Post-Flowering,authoritative_subset_annotations,0.2229677357646513,Medium (10-30%)
713,8abdf5f3a9b15de338a7547a9d72077dace6fe76b6f9193e8ecd024d23e9a36e.png,47,40-50,authoritative_subset_annotations,KSU_3,authoritative_subset_annotations,Filling,authoritative_subset_annotations,0.2150102882825783,Medium (10-30%)
714,8ac32dd8d655d52f1801e3869c722061262d2834ed275a38211d3723b64c3e8f.png,47,40-50,authoritative_subset_annotations,NAU_2,authoritative_subset_annotations,Post-Flowering,authoritative_subset_annotations,0.1810792022525203,Medium (10-30%)
715,8b0f84a6952446a474c1f9d821fd04b307bc24d5f9b654472c90469b250d8725.png,41,40-50,authoritative_subset_annotations,UQ_11,authoritative_subset_annotations,Post-Flowering,authoritative_subset_annotations,0.016303952044848007,Low (<10%)
716,8b1981c667df62d047a601f829e180fb14aba73126685b751a12a949eb10c576.png,18,10-20,authoritative_subset_annotations,UQ_11,authoritative_subset_annotations,Post-Flowering,authoritative_subset_annotations,0.0,Low (<10%)
717,8b494a8cdba82826ae268370a89f13ee4daebe4d706e80b2e42ab3cfe9120ed9.png,68,60-70,authoritative_subset_annotations,KSU_2,authoritative_subset_annotations,Post-Flowering,authoritative_subset_annotations,0.08056576974496141,Low (<10%)
718,8ba1df2526af2d3f1b0aad7f292109d729c8c751bc6f97cbbaec3562d70576fd.png,32,30-40,authoritative_subset_annotations,CIMMYT_2,authoritative_subset_annotations,Post-Flowering,authoritative_subset_annotations,0.12699410353548407,Medium (10-30%)
719,8bb6fdbd1c5b96d549de35ba22fa9f8e8c88a2653453287843c9126d09e5eda4.png,106,>100,authoritative_subset_annotations,UQ_8,authoritative_subset_annotations,Ripening,authoritative_subset_annotations,0.09905936460532345,Low (<10%)
720,8bb9c0a93bd8b18ebb9b7fc9363bf4fd8fe94f4c626cd2845ce045c1ea5ff07b.png,100,>100,authoritative_subset_annotations,UQ_9,authoritative_subset_annotations,Filling-Ripening,authoritative_subset_annotations,0.09015496570974697,Low (<10%)
721,8bcec5a96815a8cf9b365f7e0c9fca4db5824cf3d5e9d43dd6c51dd661c9024d.png,17,10-20,authoritative_subset_annotations,NAU_3,authoritative_subset_annotations,Filling,authoritative_subset_annotations,0.020556319256050136,Low (<10%)
722,8c02bba56d303ce9747fbd6509682d06faa55a247471c76b869e65481a4d7cae.png,61,60-70,authoritative_subset_annotations,KSU_4,authoritative_subset_annotations,Ripening,authoritative_subset_annotations,0.1318501774948639,Medium (10-30%)
723,8c33e11d1fe056147d20d3b71b3d681089ea70d0473b1972b68c3a365f234fb2.png,44,40-50,authoritative_subset_annotations,CIMMYT_1,authoritative_subset_annotations,Post-Flowering,authoritative_subset_annotations,0.05174771748243428,Low (<10%)
724,8c4b5e8707198ec05ef8fb69974d2d3d47e160ac18c4bfcddd6e43eb57acdddc.png,53,50-60,authoritative_subset_annotations,NAU_2,authoritative_subset_annotations,Post-Flowering,authoritative_subset_annotations,0.01845623366328564,Low (<10%)
725,8c4da9f46280c42563b338cdd6cfd048220af261da48c0a9d062be3eeb66cfbc.png,62,60-70,authoritative_subset_annotations,UQ_10,authoritative_subset_annotations,Filling-Ripening,authoritative_subset_annotations,0.04920437074011503,Low (<10%)
726,8ca9504234d4798bc57a12edcc4bfee60d81eb5688582d28280bdceee1550666.png,27,20-30,authoritative_subset_annotations,CIMMYT_2,authoritative_subset_annotations,Post-Flowering,authoritative_subset_annotations,0.0852418811956147,Low (<10%)
727,8dc9839b80b9c50237b98348b91822ecba95929c40be6e4f960f895ddf41349c.png,120,>100,authoritative_subset_annotations,UQ_10,authoritative_subset_annotations,Filling-Ripening,authoritative_subset_annotations,0.22670612431551787,Medium (10-30%)
728,8ddc1eb55668070b2cc5c0d3a23f27080dbab2c367fd6733a2dc87c9a0a55b72.png,11,10-20,authoritative_subset_annotations,UQ_11,authoritative_subset_annotations,Post-Flowering,authoritative_subset_annotations,0.0926424615312441,Low (<10%)
729,8dffe47c7acdc4d307da85d5d0e52c3faca110a2efaff9f259c1fb1f3f903078.png,25,20-30,authoritative_subset_annotations,KSU_3,authoritative_subset_annotations,Filling,authoritative_subset_annotations,0.08568120789667319,Low (<10%)
730,8e484a105658965f20dab8763d6b2f35b4d3f5e78f04a5dbe4a3d0a5b7d28007.png,24,20-30,authoritative_subset_annotations,Terraref_1,authoritative_subset_annotations,Ripening,authoritative_subset_annotations,0.0,Low (<10%)
731,8e573281b52893a254252cdc2db942beae2a449f7995d2a1e8a980d1045de06f.png,35,30-40,authoritative_subset_annotations,UQ_11,authoritative_subset_annotations,Post-Flowering,authoritative_subset_annotations,0.0017651888341543515,Low (<10%)
732,8e58c8ad8227cd1ce7d03dd0bf627fd817482135f3a60a10bff47d6c70cdb680.png,27,20-30,authoritative_subset_annotations,Terraref_2,authoritative_subset_annotations,Filling,authoritative_subset_annotations,0.16863093939779183,Medium (10-30%)
733,8e5ea9b54b64fc095c82a9d4f62f9126a03825b0b5e23ab670cfaf851c051879.png,64,60-70,authoritative_subset_annotations,NAU_2,authoritative_subset_annotations,Post-Flowering,authoritative_subset_annotations,0.12258637919135644,Medium (10-30%)
734,8e641ed54abd522079ecf562bd3de6994e8be7c58589121b5d923db28ff5c703.png,34,30-40,authoritative_subset_annotations,Terraref_1,authoritative_subset_annotations,Ripening,authoritative_subset_annotations,0.025346444523255823,Low (<10%)
735,8ea258a6b05d14ec998ec7b14bff566e9933537d62255fed52b1a24782fc3533.png,25,20-30,authoritative_subset_annotations,CIMMYT_2,authoritative_subset_annotations,Post-Flowering,authoritative_subset_annotations,0.06998761299043128,Low (<10%)
736,8eeedf1522011a94a761ea64e21e88c7cd372c30dae9bcad58aa6e91076fc7ae.png,82,80-100,authoritative_subset_annotations,KSU_1,authoritative_subset_annotations,Post-Flowering,authoritative_subset_annotations,0.11789061102462808,Medium (10-30%)
737,8f19092909cd997462af123d98fcc0946fc95c13008c497cf453b7354cca997d.png,44,40-50,authoritative_subset_annotations,KSU_2,authoritative_subset_annotations,Post-Flowering,authoritative_subset_annotations,0.04174098850949276,Low (<10%)
738,8f206d1d2a12835ce31e67f2897864aafa1a53c64e5979b408da163371798211.png,68,60-70,authoritative_subset_annotations,NAU_3,authoritative_subset_annotations,Filling,authoritative_subset_annotations,0.1609285298563886,Medium (10-30%)
739,8f2a5df2b7ffcfbf297ab47fba87716572bb0d8696d9411d0ea9a3f8a55711bf.png,44,40-50,authoritative_subset_annotations,UQ_11,authoritative_subset_annotations,Post-Flowering,authoritative_subset_annotations,0.1699469552255798,Medium (10-30%)
740,8f323955e41e047886ddaf6037b8b8b8c6f4fad5864157a61cf564ec9c09d1c4.png,25,20-30,authoritative_subset_annotations,Terraref_2,authoritative_subset_annotations,Filling,authoritative_subset_annotations,0.04460092436997955,Low (<10%)
741,8f34acefa82d16269858fd9e017e8001ec8e4c25a1d8a6221572c949f4ef76e1.png,60,60-70,authoritative_subset_annotations,KSU_3,authoritative_subset_annotations,Filling,authoritative_subset_annotations,0.02504348721196887,Low (<10%)
742,8f6e94b0905b4f58fd886c85e598b2557cebe3881738791095bb6ea7a32dde9a.png,61,60-70,authoritative_subset_annotations,UQ_10,authoritative_subset_annotations,Filling-Ripening,authoritative_subset_annotations,0.09424003639460973,Low (<10%)
743,8fa0c328a7ef9cf66fef1d511234a2e9f11518814ba5447d72122545e76161e1.png,3,0-10,authoritative_subset_annotations,Terraref_1,authoritative_subset_annotations,Ripening,authoritative_subset_annotations,0.0,Low (<10%)
744,8fb895d68039fc8eb3c49102a224580e16057e25ffb91ef0c9d52cb8a4abf4ea.png,149,>100,authoritative_subset_annotations,UQ_8,authoritative_subset_annotations,Ripening,authoritative_subset_annotations,0.07122772200905082,Low (<10%)
745,8fce7a1b72112589c766a665f94790d493eba22cf41ff40365a517015e0cfce4.png,58,50-60,authoritative_subset_annotations,KSU_1,authoritative_subset_annotations,Post-Flowering,authoritative_subset_annotations,0.15080616378415346,Medium (10-30%)
746,903cd50e9764e20e3b7cccfec326d99dd6653a08faaee01dd81b4f0d14d43470.png,85,80-100,authoritative_subset_annotations,UQ_7,authoritative_subset_annotations,Ripening,authoritative_subset_annotations,0.0996747054949174,Low (<10%)
747,9055b7dc5a0a0ed79d907c080cc7bf80b129c38e71836aded03ec2d93edc48ae.png,29,20-30,authoritative_subset_annotations,KSU_1,authoritative_subset_annotations,Post-Flowering,authoritative_subset_annotations,0.10021695617469357,Medium (10-30%)
748,9068fbb4fc6ba5c4b7b80fc67a72f0b58a23d68809104bc805ac5f02b3bd6d19.png,57,50-60,authoritative_subset_annotations,KSU_2,authoritative_subset_annotations,Post-Flowering,authoritative_subset_annotations,0.055256707990190945,Low (<10%)
749,90757cb25b0314ef69bf281336f7779927647d575dd35f6dabe12fa60834c8f5.png,49,40-50,authoritative_subset_annotations,UQ_11,authoritative_subset_annotations,Post-Flowering,authoritative_subset_annotations,0.03942507977103601,Low (<10%)
750,907598ab2abf5f8de43474012879c214671130a0fc437f4479380563ea555194.png,39,30-40,authoritative_subset_annotations,NAU_2,authoritative_subset_annotations,Post-Flowering,authoritative_subset_annotations,0.008750153377933115,Low (<10%)
751,90c7949299958b96a80077b7c11f147cd1534c1213e6c7c50e67bfc2e2b97a31.png,23,20-30,authoritative_subset_annotations,Terraref_1,authoritative_subset_annotations,Ripening,authoritative_subset_annotations,0.08039038595466942,Low (<10%)
752,90d9cbda11e5dd52d49cc7567879eb2c544a6614ef11330db259e07378d98e4d.png,43,40-50,authoritative_subset_annotations,CIMMYT_1,authoritative_subset_annotations,Post-Flowering,authoritative_subset_annotations,0.26426982240820196,Medium (10-30%)
753,90e589c9dd81ff7ff749cbe855573686dd2cea940a0a60c0e96fd5a71e9da168.png,56,50-60,authoritative_subset_annotations,KSU_4,authoritative_subset_annotations,Ripening,authoritative_subset_annotations,0.09535291854448856,Low (<10%)
754,90ed7ba84d65fd32db41ee514a17093b3556f6699c83e42fb952fca1fc129821.png,33,30-40,authoritative_subset_annotations,NAU_3,authoritative_subset_annotations,Filling,authoritative_subset_annotations,0.03106494723590729,Low (<10%)
755,910c0b3691d387100253cdda1c35cf1ba126d276d4d8223f1a568ff6528d3608.png,37,30-40,authoritative_subset_annotations,CIMMYT_2,authoritative_subset_annotations,Post-Flowering,authoritative_subset_annotations,0.04313581749884758,Low (<10%)
756,91554722b47f6fedd25920a6a5c5cb9c510bfc886a9956fff283f3acf66d609d.png,0,0-10,authoritative_subset_annotations,Terraref_1,authoritative_subset_annotations,Ripening,authoritative_subset_annotations,0.0,Low (<10%)
757,916e376ce07f7f29b7a45dbac497c27d2bf2b6a714e44c83706380e6f1ae1897.png,98,80-100,authoritative_subset_annotations,UQ_9,authoritative_subset_annotations,Filling-Ripening,authoritative_subset_annotations,0.12094784825769923,Medium (10-30%)
758,9198bfa24c9030a132bdcb2a93560074022596e8ca4e383e5e5bb7c1d794dd6a.png,35,30-40,authoritative_subset_annotations,NAU_3,authoritative_subset_annotations,Filling,authoritative_subset_annotations,0.01840809354667541,Low (<10%)
759,91a1ae548c3f81fc4b18e3493d7d5ff9d501bff53b31d450c88e888caa844c7b.png,41,40-50,authoritative_subset_annotations,NAU_3,authoritative_subset_annotations,Filling,authoritative_subset_annotations,0.044029270448974284,Low (<10%)
760,91dd705bd1700e3e9f97d6f24b0660109dc3aae44e7e83cfe783972155860a78.png,51,50-60,authoritative_subset_annotations,NAU_2,authoritative_subset_annotations,Post-Flowering,authoritative_subset_annotations,0.24589099869306733,Medium (10-30%)
761,91e63e7c2e84328dce33fbe746097fac1b841d362a558ebe5e854087b81ca39b.png,0,0-10,authoritative_subset_annotations,Terraref_1,authoritative_subset_annotations,Ripening,authoritative_subset_annotations,0.0,Low (<10%)
762,91e9c63721f5a110c5161a4f08524c16694d2771a4447c821bfab6e30bc82af3.png,70,70-80,authoritative_subset_annotations,UQ_10,authoritative_subset_annotations,Filling-Ripening,authoritative_subset_annotations,0.04173076952408128,Low (<10%)
763,91edc93bee2deaa58b729fa77041bd73649301fa62fea357c9ce2929c5830b0a.png,67,60-70,authoritative_subset_annotations,CIMMYT_1,authoritative_subset_annotations,Post-Flowering,authoritative_subset_annotations,0.2207446230319949,Medium (10-30%)
764,91fc6a7e811d6d9768d25510026a673b603da11cd79ca4b77d957561e95625cc.png,107,>100,authoritative_subset_annotations,UQ_10,authoritative_subset_annotations,Filling-Ripening,authoritative_subset_annotations,0.19519635946462946,Medium (10-30%)
765,9246678ff8d6983f7ea2a72346bea70c2ced40eddfd70e3742c15b6a371fb2e6.png,95,80-100,authoritative_subset_annotations,UQ_11,authoritative_subset_annotations,Post-Flowering,authoritative_subset_annotations,0.06067288245151122,Low (<10%)
766,92e363996758d6261726abf33f7555b4f1503306b198877d77ca9dd04998bd39.png,34,30-40,authoritative_subset_annotations,ARC_1,authoritative_subset_annotations,Filling,authoritative_subset_annotations,0.039875968659391234,Low (<10%)
767,93525ac76fb048e74d4a372d8a652a12dc2f293b5fadbd90d2d694677a47fdef.png,57,50-60,authoritative_subset_annotations,KSU_2,authoritative_subset_annotations,Post-Flowering,authoritative_subset_annotations,0.15168680360782844,Medium (10-30%)
768,937cb5b935726dfc42cec18ab4f09eb581831ab1c83978234db1b2239980d370.png,68,60-70,authoritative_subset_annotations,KSU_4,authoritative_subset_annotations,Ripening,authoritative_subset_annotations,0.2681849708877921,Medium (10-30%)
769,938287213cc96845f92e42fc0cf962d4d9910e54d7ed6896027bda7720d5f822.png,29,20-30,authoritative_subset_annotations,Ukyoto_1,authoritative_subset_annotations,Post-Flowering,authoritative_subset_annotations,0.26036336850200004,Medium (10-30%)
770,938aab2c101acff6bb963513b20fd872582cbfaba55a86291df3bc64f9e15f5b.png,18,10-20,authoritative_subset_annotations,UQ_11,authoritative_subset_annotations,Post-Flowering,authoritative_subset_annotations,0.025842131724484668,Low (<10%)
771,93b7ab177a788822e3d750d799ef6a1f3f41e8cfa0580513ac6ec21ff4c426f6.png,32,30-40,authoritative_subset_annotations,Terraref_2,authoritative_subset_annotations,Filling,authoritative_subset_annotations,0.02167419341372659,Low (<10%)
772,93c029fe9f037deb156389ef511a62adddb53c2e6534e855b596ff73e64a5581.png,0,0-10,authoritative_subset_annotations,CIMMYT_1,authoritative_subset_annotations,Post-Flowering,authoritative_subset_annotations,0.0,Low (<10%)
773,93d3aae87ec06bb8d6d22cef3fead230f0bfe13d8c5a9dbcb75bcc817a1ef94c.png,71,70-80,authoritative_subset_annotations,NAU_2,authoritative_subset_annotations,Post-Flowering,authoritative_subset_annotations,0.04740722012269252,Low (<10%)
774,93f18fd8cb2b5aad6319f4ccbf7af48d1df32b3be6ecf53ebcf5d9b6c7255ec3.png,2,0-10,authoritative_subset_annotations,Terraref_2,authoritative_subset_annotations,Filling,authoritative_subset_annotations,0.0,Low (<10%)
775,941bbf5732cb830f8d7c74b4b318f63d3a664d47e9c447619af43438bf31c430.png,34,30-40,authoritative_subset_annotations,KSU_2,authoritative_subset_annotations,Post-Flowering,authoritative_subset_annotations,0.0,Low (<10%)
776,947f78a68b6469840d27d81a76a62d82ac3f9b76abe47e41dba6d5436c2b2a7b.png,29,20-30,authoritative_subset_annotations,Terraref_2,authoritative_subset_annotations,Filling,authoritative_subset_annotations,0.05673713414098597,Low (<10%)
777,94bb74e1a908938e443f9f6836f01e3aec9296247a324fbe3e5823be83f309b4.png,70,70-80,authoritative_subset_annotations,NAU_3,authoritative_subset_annotations,Filling,authoritative_subset_annotations,0.051581111992040816,Low (<10%)
778,94d1c33a5fc954a65519ae94242221f3ac04d6d623b13f72f9e95a947f6f5dce.png,70,70-80,authoritative_subset_annotations,KSU_2,authoritative_subset_annotations,Post-Flowering,authoritative_subset_annotations,0.3958479743261351,High (>30%)
779,9559e085297f18baf1c28f9cb308c82fb774e3523647cd7dd2abad4cd7d527f0.png,51,50-60,authoritative_subset_annotations,KSU_3,authoritative_subset_annotations,Filling,authoritative_subset_annotations,0.0717168879502913,Low (<10%)
780,955c84eba5eceeb476e13321a261e7c80207a7b6a85ce7c6e82f13b1d99099b2.png,2,0-10,authoritative_subset_annotations,Terraref_2,authoritative_subset_annotations,Filling,authoritative_subset_annotations,0.0,Low (<10%)
781,956a2539fbde803f2bc6dd0d1f2fc2e381657448f0504c594b8d3dcda5e7542c.png,54,50-60,authoritative_subset_annotations,NAU_3,authoritative_subset_annotations,Filling,authoritative_subset_annotations,0.017256075431987802,Low (<10%)
782,959e1d5d4d9e087ae911dfb91b68d1c182446f06eeaf2d16868ca5b05921ea09.png,33,30-40,authoritative_subset_annotations,KSU_3,authoritative_subset_annotations,Filling,authoritative_subset_annotations,0.03834383032737123,Low (<10%)
783,95e5ad4cefbaa236cf8fdb6be8bb5c526e40a376378a1656662a25fbcb402262.png,96,80-100,authoritative_subset_annotations,UQ_9,authoritative_subset_annotations,Filling-Ripening,authoritative_subset_annotations,0.2739470631322082,Medium (10-30%)
784,962b48919e0f504dfacf6457b8863890624262eb6c7cd5da2cdec17b88900178.png,55,50-60,authoritative_subset_annotations,UQ_11,authoritative_subset_annotations,Post-Flowering,authoritative_subset_annotations,0.08969617804068224,Low (<10%)
785,9635e0dc21dbf35c29897738582836154d5ca067efa05a442f15a39f2219d628.png,106,>100,authoritative_subset_annotations,UQ_10,authoritative_subset_annotations,Filling-Ripening,authoritative_subset_annotations,0.14914216317331758,Medium (10-30%)
786,9660025b57a3859e39cca88f4927bb62eb4a371c6c8e651896390ec309879856.png,73,70-80,authoritative_subset_annotations,KSU_1,authoritative_subset_annotations,Post-Flowering,authoritative_subset_annotations,0.12228556119603717,Medium (10-30%)
787,96b9230a6f570769328a2133e86283c6117bccaa20a9844783105b4693adfcb3.png,37,30-40,authoritative_subset_annotations,NAU_2,authoritative_subset_annotations,Post-Flowering,authoritative_subset_annotations,0.022960323281205026,Low (<10%)
788,96c8dcee268eb96b6f02d0e290fd95479770ea6be0dae0b1c6a593936f0ae579.png,23,20-30,authoritative_subset_annotations,Terraref_2,authoritative_subset_annotations,Filling,authoritative_subset_annotations,0.0,Low (<10%)
789,96def36b86beba38e7cdaf0d44d9dc632d7bcb73a3ab3388b473ae4bbfeb048e.png,43,40-50,authoritative_subset_annotations,UQ_11,authoritative_subset_annotations,Post-Flowering,authoritative_subset_annotations,0.06813079374354569,Low (<10%)
790,973af41ae92aa1a7c0485b2d1e35199d0d8a99cf87438214fe198c4c0d18f92d.png,10,10-20,authoritative_subset_annotations,Terraref_1,authoritative_subset_annotations,Ripening,authoritative_subset_annotations,0.017574076790494702,Low (<10%)
791,975607c43fc3867771902ecb95b96562fac54ff064648d3257cde17833520e23.png,59,50-60,authoritative_subset_annotations,KSU_2,authoritative_subset_annotations,Post-Flowering,authoritative_subset_annotations,0.08237930318405537,Low (<10%)
792,975add81ec3a29fee4717c04e73d69c8942c966779d991ec3cf19bdd442061dc.png,52,50-60,authoritative_subset_annotations,KSU_3,authoritative_subset_annotations,Filling,authoritative_subset_annotations,0.08952677097310469,Low (<10%)
793,97828338fa71ddfec65118f2b056942315e2de3a7328e109683d4e9e016a77ea.png,55,50-60,authoritative_subset_annotations,KSU_2,authoritative_subset_annotations,Post-Flowering,authoritative_subset_annotations,0.016357576293184503,Low (<10%)
794,97e57ca9e6cf120c90f04b6dfe5436399edfcf270f0b0c87a30f08d0f68beed9.png,46,40-50,authoritative_subset_annotations,CIMMYT_1,authoritative_subset_annotations,Post-Flowering,authoritative_subset_annotations,0.01943832225152031,Low (<10%)
795,981b3419872230212bcf31afb78beee2c91224c672fa0493ebcc8410ff6429f7.png,104,>100,authoritative_subset_annotations,UQ_9,authoritative_subset_annotations,Filling-Ripening,authoritative_subset_annotations,0.20868381483129667,Medium (10-30%)
796,982dfbbc5b5eca9017fe407b9befdd3e709600ce9ae44695a85bfa343396242a.png,28,20-30,authoritative_subset_annotations,ARC_1,authoritative_subset_annotations,Filling,authoritative_subset_annotations,0.19898163073144529,Medium (10-30%)
797,984cfadb044f896a2028fb291271e535f23fe10db8a3471b5d1863bc9356b74c.png,23,20-30,authoritative_subset_annotations,CIMMYT_3,authoritative_subset_annotations,Post-Flowering,authoritative_subset_annotations,0.19624117101092448,Medium (10-30%)
798,985659d053d912bfc10b0248022aabae4571da4bd24da65b842dc3cb49a7c5f8.png,8,0-10,authoritative_subset_annotations,Terraref_1,authoritative_subset_annotations,Ripening,authoritative_subset_annotations,0.0,Low (<10%)
799,9885e513c185801cde988758d23fc799d1a2819e276aaea57e8a969f2e756975.png,14,10-20,authoritative_subset_annotations,Ukyoto_1,authoritative_subset_annotations,Post-Flowering,authoritative_subset_annotations,0.11997326658634351,Medium (10-30%)
800,98a692c8e86268e7abc0e60b862f3a02212c7824ff41f502ac71097e69e0753d.png,70,70-80,authoritative_subset_annotations,KSU_3,authoritative_subset_annotations,Filling,authoritative_subset_annotations,0.2538562976038187,Medium (10-30%)
801,99171365a43884b9a4ab51de47187f3825decbbf2a5d8076fcac6d77dbb686b7.png,90,80-100,authoritative_subset_annotations,UQ_10,authoritative_subset_annotations,Filling-Ripening,authoritative_subset_annotations,0.11498438481880685,Medium (10-30%)
802,994e7bbea06ce29e9e9fa7c63328c19b111d809efbf18d40aa9f3b005eaf3436.png,32,30-40,authoritative_subset_annotations,ARC_1,authoritative_subset_annotations,Filling,authoritative_subset_annotations,0.04101974722435201,Low (<10%)
803,99927050a2dd45722b320880974509d75d02d9c74c4c1970a1068131a954d8a2.png,52,50-60,authoritative_subset_annotations,ARC_1,authoritative_subset_annotations,Filling,authoritative_subset_annotations,0.08462910938075512,Low (<10%)
804,99ccb1eb8f6b99599f4daa2a4bdd882f4d586eafa72878dde2bde9930925413a.png,62,60-70,authoritative_subset_annotations,KSU_4,authoritative_subset_annotations,Ripening,authoritative_subset_annotations,0.1856017806802936,Medium (10-30%)
805,99eacd59d2d25ed8578c80f9660c8e34fe35d6d713dec371efe100a6f6e59b6b.png,12,10-20,authoritative_subset_annotations,Terraref_2,authoritative_subset_annotations,Filling,authoritative_subset_annotations,0.0,Low (<10%)
806,9a2a803c992254c8f13e7504c04a7f57787a727acb3615130b42bcd37091e916.png,55,50-60,authoritative_subset_annotations,UQ_10,authoritative_subset_annotations,Filling-Ripening,authoritative_subset_annotations,0.24041505249938286,Medium (10-30%)
807,9a5173e66cb780ae03d0baca9332d547b8dcc932c602f2cc474755fd29a639f4.png,115,>100,authoritative_subset_annotations,UQ_8,authoritative_subset_annotations,Ripening,authoritative_subset_annotations,0.11338870059410082,Medium (10-30%)
808,9a5e5e3465b45fbe06b3d415345217e69d63e36e31613b2a26cfd3884bc35a14.png,42,40-50,authoritative_subset_annotations,UQ_11,authoritative_subset_annotations,Post-Flowering,authoritative_subset_annotations,0.041233638428938894,Low (<10%)
809,9a65adae31802d7d91cc498b5fd2659080a7da9110aefe13bf822818473f8c03.png,64,60-70,authoritative_subset_annotations,KSU_1,authoritative_subset_annotations,Post-Flowering,authoritative_subset_annotations,0.17628626429131433,Medium (10-30%)
810,9a89c5fc7dd18e9da767cc0e410b6ae10c989861c0058078ef59de0f1413e62b.png,50,50-60,authoritative_subset_annotations,ARC_1,authoritative_subset_annotations,Filling,authoritative_subset_annotations,0.08327009663042327,Low (<10%)
811,9ab68561c7791b90267f70d13db4e750c84a4cf7fd6f2f74d3bcd2ae975b1bba.png,48,40-50,authoritative_subset_annotations,CIMMYT_3,authoritative_subset_annotations,Post-Flowering,authoritative_subset_annotations,0.1639522133673543,Medium (10-30%)
812,9b0f7ee37c94b5bbe8b3098cbafaee175cd8912d2ff63d31f72b647a1bdaf2c2.png,50,50-60,authoritative_subset_annotations,UQ_10,authoritative_subset_annotations,Filling-Ripening,authoritative_subset_annotations,0.03332132575939872,Low (<10%)
813,9b25c17838aeec4292bfa68ffa7d6c1f76cc3936a08909dbb73f559c681c6e0d.png,41,40-50,authoritative_subset_annotations,NAU_2,authoritative_subset_annotations,Post-Flowering,authoritative_subset_annotations,0.08383354222778519,Low (<10%)
814,9b2b9f82d30ff01c8b8d951b53b294fb0ce84e2f352000545057077c92c20da7.png,45,40-50,authoritative_subset_annotations,CIMMYT_2,authoritative_subset_annotations,Post-Flowering,authoritative_subset_annotations,0.05849708853016478,Low (<10%)
815,9b7601df6bb42fc8222f54a8ab24ccda931f5c5fe4763197f1ed7e6348d62189.png,57,50-60,authoritative_subset_annotations,CIMMYT_2,authoritative_subset_annotations,Post-Flowering,authoritative_subset_annotations,0.05623564264671415,Low (<10%)
816,9bde2bc3a2041961afbea874465e71bab765454df77740a75eb759456d7d6df3.png,0,0-10,authoritative_subset_annotations,CIMMYT_3,authoritative_subset_annotations,Post-Flowering,authoritative_subset_annotations,0.0,Low (<10%)
817,9bded9d1e1d182df0e45503f1b5a1c64c96f46962ada1f9f6ba0a20c17d347f4.png,23,20-30,authoritative_subset_annotations,KSU_3,authoritative_subset_annotations,Filling,authoritative_subset_annotations,0.0941211352883698,Low (<10%)
818,9bdf30febc4f35d68fafeeea388373bf79bff64508e231723221da2b06c33c9a.png,30,30-40,authoritative_subset_annotations,NAU_3,authoritative_subset_annotations,Filling,authoritative_subset_annotations,0.038836491629699585,Low (<10%)
819,9c7f47ae6871bbf182f57da08fb6370ac088db944dd1dfd5eb9acaf89879aa17.png,94,80-100,authoritative_subset_annotations,NAU_3,authoritative_subset_annotations,Filling,authoritative_subset_annotations,0.12449211259606695,Medium (10-30%)
820,9cac717349cd69d7438256cea7006ba3292d2640632bf8e843b949986bb296ce.png,67,60-70,authoritative_subset_annotations,UQ_11,authoritative_subset_annotations,Post-Flowering,authoritative_subset_annotations,0.11166601422086847,Medium (10-30%)
821,9d3aa700667eaf84d4502baa8c03fd1a7165e94c068df112622f28ff083fea08.png,57,50-60,authoritative_subset_annotations,NAU_3,authoritative_subset_annotations,Filling,authoritative_subset_annotations,0.03929794351434786,Low (<10%)
822,9d71f09ddb49082fb1341cda98a1e3ff83fa285b4fb165dbb2a10b1f9aa8614a.png,43,40-50,authoritative_subset_annotations,NAU_2,authoritative_subset_annotations,Post-Flowering,authoritative_subset_annotations,0.018160054430604467,Low (<10%)
823,9ddc7002ea0ba42f270f1495eb49ffaed74f579899a965fcd72f690c0fa500e1.png,44,40-50,authoritative_subset_annotations,UQ_9,authoritative_subset_annotations,Filling-Ripening,authoritative_subset_annotations,0.09868357265030094,Low (<10%)
824,9df4686a0b1d612d042f3b3068077ec2d67beaedf16231355e2f2fa4450704b2.png,59,50-60,authoritative_subset_annotations,UQ_9,authoritative_subset_annotations,Filling-Ripening,authoritative_subset_annotations,0.42237310444773163,High (>30%)
825,9dfa3a87e9dfcd74e18c5a732926c4638b89d551c355d68981ac81a027f49c2c.png,3,0-10,authoritative_subset_annotations,Terraref_1,authoritative_subset_annotations,Ripening,authoritative_subset_annotations,0.0,Low (<10%)
826,9e5ee701b1f383cc5234c2505a66880b00ca3bbabd1e98d9284fc714f887152d.png,25,20-30,authoritative_subset_annotations,CIMMYT_1,authoritative_subset_annotations,Post-Flowering,authoritative_subset_annotations,0.039101301536804176,Low (<10%)
827,9e9486f2c32b2dc63dc525a8d24ee8371a7ac32b0a988b1ac647e6ec01be2c89.png,2,0-10,authoritative_subset_annotations,CIMMYT_3,authoritative_subset_annotations,Post-Flowering,authoritative_subset_annotations,0.0,Low (<10%)
828,9ebdebdc059dac4df1f979b5756a54f475855a0efd3658c50f9a29e7dcee6b9d.png,61,60-70,authoritative_subset_annotations,KSU_3,authoritative_subset_annotations,Filling,authoritative_subset_annotations,0.0700787261610456,Low (<10%)
829,9f6b3dccbecfc358a9855d9941bbf46eaaddcbbd799586056ad81de1c22e5f6d.png,40,40-50,authoritative_subset_annotations,NAU_3,authoritative_subset_annotations,Filling,authoritative_subset_annotations,0.215959638994436,Medium (10-30%)
830,9fa269c9d6284702728d35eeff3b092776e02aa69cb425953add11bc617b8f4e.png,33,30-40,authoritative_subset_annotations,CIMMYT_2,authoritative_subset_annotations,Post-Flowering,authoritative_subset_annotations,0.125662066753986,Medium (10-30%)
831,9ff94154faa0cdfee63f88f0d87aefbef02443a9c9286af3ae1eb52086169e6b.png,0,0-10,authoritative_subset_annotations,Terraref_2,authoritative_subset_annotations,Filling,authoritative_subset_annotations,0.0,Low (<10%)
832,a04185c38623d984ff46909b496f5a599c3b8b0333df3542d772e065d018dabf.png,58,50-60,authoritative_subset_annotations,NAU_2,authoritative_subset_annotations,Post-Flowering,authoritative_subset_annotations,0.0794243136669845,Low (<10%)
833,a04499298a190450b4385eaafb137d39d8d8ebfbe23b997ff56da08f670fb00e.png,87,80-100,authoritative_subset_annotations,UQ_10,authoritative_subset_annotations,Filling-Ripening,authoritative_subset_annotations,0.08087873599604384,Low (<10%)
834,a064c81b6084cfd39b53f71663c18e8163016388ae8b7ab2193c3d5febe3561c.png,6,0-10,authoritative_subset_annotations,Terraref_2,authoritative_subset_annotations,Filling,authoritative_subset_annotations,0.0225386943237525,Low (<10%)
835,a08b73664838ffb5a02e4c9edc97923d7953d6551a3c4790ff2ae26be81ad292.png,54,50-60,authoritative_subset_annotations,NAU_2,authoritative_subset_annotations,Post-Flowering,authoritative_subset_annotations,0.04386878966022363,Low (<10%)
836,a0c4dca49ec75a1189b4f9d191047bd4b924dc63b961f7baa564e3f1a69f0923.png,52,50-60,authoritative_subset_annotations,ARC_1,authoritative_subset_annotations,Filling,authoritative_subset_annotations,0.26187282818256025,Medium (10-30%)
837,a11ba7a1a5b18efa742b12bcb6ce35584751507ec7fdba4a79d3a7d490a3ea3e.png,84,80-100,authoritative_subset_annotations,UQ_10,authoritative_subset_annotations,Filling-Ripening,authoritative_subset_annotations,0.05050910597515438,Low (<10%)
838,a13aaaec78f992bebc751cc36c6be5e4a018e7264e9f70309dd3bd91e9d3112a.png,80,80-100,authoritative_subset_annotations,KSU_1,authoritative_subset_annotations,Post-Flowering,authoritative_subset_annotations,0.15152798924007474,Medium (10-30%)
839,a1a380e440ff79ab96714fd85b164e09cf43fceb6a48267105356d35b3f38a52.png,72,70-80,authoritative_subset_annotations,UQ_10,authoritative_subset_annotations,Filling-Ripening,authoritative_subset_annotations,0.08660689373003726,Low (<10%)
840,a1c758770db7377f3259cb0a3fa5827edabac90736fda353340210c94153fb71.png,27,20-30,authoritative_subset_annotations,Terraref_2,authoritative_subset_annotations,Filling,authoritative_subset_annotations,0.08159737068414549,Low (<10%)
841,a1e9ee83d275eaedf5ec1c5821740622ecb0c53359f534dfb79b505c7d42a41e.png,54,50-60,authoritative_subset_annotations,UQ_10,authoritative_subset_annotations,Filling-Ripening,authoritative_subset_annotations,0.041512500387900206,Low (<10%)
842,a1f0df2a270a19884c91ad75ecb690cbf7d0d05004822092b54624745549cd7d.png,56,50-60,authoritative_subset_annotations,UQ_10,authoritative_subset_annotations,Filling-Ripening,authoritative_subset_annotations,0.1398664475694866,Medium (10-30%)
843,a205e23ea1ae4d65b56a781828ae52b04bdce41ee6071b2d5b12229b62ad7b4d.png,9,0-10,authoritative_subset_annotations,Terraref_1,authoritative_subset_annotations,Ripening,authoritative_subset_annotations,0.04446799740917388,Low (<10%)
844,a220e591681c7236f18757cfbf85818261c1d2085fbf6931c5e5c7d0f345f34a.png,57,50-60,authoritative_subset_annotations,Ukyoto_1,authoritative_subset_annotations,Post-Flowering,authoritative_subset_annotations,0.17603994975946585,Medium (10-30%)
845,a2483c4c6e3e8040ab159503cf1061fa098837367aca99f439a499db2439b67e.png,52,50-60,authoritative_subset_annotations,NAU_3,authoritative_subset_annotations,Filling,authoritative_subset_annotations,0.18440875317523808,Medium (10-30%)
846,a26431764aa26663126b5b70e862d3adcfc15b364df9c2acf6fb780c49dadc8c.png,6,0-10,authoritative_subset_annotations,Terraref_2,authoritative_subset_annotations,Filling,authoritative_subset_annotations,0.0,Low (<10%)
847,a2ab9be107e37e82e06a22ab9fc8945230d7327b5006b720e4007718eb3acc21.png,39,30-40,authoritative_subset_annotations,KSU_2,authoritative_subset_annotations,Post-Flowering,authoritative_subset_annotations,0.041653883278614565,Low (<10%)
848,a2bbc0c13317f4d9b68c06fa6a1b9f955583f16d5f81bcdfa720f57e587b247e.png,38,30-40,authoritative_subset_annotations,UQ_9,authoritative_subset_annotations,Filling-Ripening,authoritative_subset_annotations,0.16220350762107016,Medium (10-30%)
849,a33692139ac730c09e181e6bb8f5de9346aac239554e26768d0082709deb71b7.png,80,80-100,authoritative_subset_annotations,NAU_2,authoritative_subset_annotations,Post-Flowering,authoritative_subset_annotations,0.05875459739864451,Low (<10%)
850,a38743fae24a7d70da9333de9d1972b3bfdaa4490ae7e3d590cbc46221fae174.png,8,0-10,authoritative_subset_annotations,Ukyoto_1,authoritative_subset_annotations,Post-Flowering,authoritative_subset_annotations,0.0,Low (<10%)
851,a398c60d4a03c68cfa79f7a50de846b7d2f5da56ed27533e05bcb2c19ec3fb5b.png,78,70-80,authoritative_subset_annotations,KSU_3,authoritative_subset_annotations,Filling,authoritative_subset_annotations,0.3671292441208159,High (>30%)
852,a39e0942f4b2313a77879a58ec3cb04e2e1c6df7c0582b5c2d20105f7991ffbb.png,51,50-60,authoritative_subset_annotations,NAU_2,authoritative_subset_annotations,Post-Flowering,authoritative_subset_annotations,0.06397738720835361,Low (<10%)
853,a3bd5347349a3b694b5c1c0ab968321d2158ff676855722fa84cda3f00142dcc.png,33,30-40,authoritative_subset_annotations,CIMMYT_2,authoritative_subset_annotations,Post-Flowering,authoritative_subset_annotations,0.0,Low (<10%)
854,a3d0ee4d4b5053af48e6e83b1e94e8819d105379a55d0157a63d150b5e3f53b8.png,65,60-70,authoritative_subset_annotations,KSU_1,authoritative_subset_annotations,Post-Flowering,authoritative_subset_annotations,0.07455059795685055,Low (<10%)
855,a3da2937a29e40d3efca9c59b9b4f2cce81304c39957b35302c85da51dabf57d.png,113,>100,authoritative_subset_annotations,UQ_10,authoritative_subset_annotations,Filling-Ripening,authoritative_subset_annotations,0.18575826718502983,Medium (10-30%)
856,a3f0a170c0b513cf5a652c975eb2a364da392a7eb406f8c6f922e1ceb90c8934.png,71,70-80,authoritative_subset_annotations,KSU_3,authoritative_subset_annotations,Filling,authoritative_subset_annotations,0.20453655998817177,Medium (10-30%)
857,a48b3c29641994236c696f8d38cf6a77402e310c79a0b638eaf5a7d9f0b8f1bd.png,18,10-20,authoritative_subset_annotations,Terraref_1,authoritative_subset_annotations,Ripening,authoritative_subset_annotations,0.027403515691039375,Low (<10%)
858,a4ca8d25143201849b57f6d0178af4c15b8fd3c3dbd88fd0eaf516e606d506a6.png,56,50-60,authoritative_subset_annotations,KSU_2,authoritative_subset_annotations,Post-Flowering,authoritative_subset_annotations,0.20694793473000556,Medium (10-30%)
859,a4fa833c6bbb635cfef718e28f04a8e8c39c37e5e9189cf597db7e7762e7b8a0.png,118,>100,authoritative_subset_annotations,UQ_8,authoritative_subset_annotations,Ripening,authoritative_subset_annotations,0.10787432438357342,Medium (10-30%)
860,a515f06688eed914ae730f3ed1916fb621f9f911011f6b308876332ea5983ae0.png,87,80-100,authoritative_subset_annotations,KSU_3,authoritative_subset_annotations,Filling,authoritative_subset_annotations,0.1660938089730415,Medium (10-30%)
861,a52752ce0d1040abb950876a7c4508412069c3c48c345b134feea871f9a22143.png,32,30-40,authoritative_subset_annotations,KSU_2,authoritative_subset_annotations,Post-Flowering,authoritative_subset_annotations,0.03388691907524208,Low (<10%)
862,a52bd7c95790aa9eb404bb1e70ff4736b1f99f61aa3aacd139183933b84d846a.png,28,20-30,authoritative_subset_annotations,Terraref_1,authoritative_subset_annotations,Ripening,authoritative_subset_annotations,0.0,Low (<10%)
863,a533aade379304736898e70b37d5bd03f92f51390fdf96a43cf2ede2af97b465.png,55,50-60,authoritative_subset_annotations,KSU_4,authoritative_subset_annotations,Ripening,authoritative_subset_annotations,0.09541812358757748,Low (<10%)
864,a5983d413893ff332a0c429aa1c8a6f3995eedfffd2c8f42ba65950c3d2a01b2.png,57,50-60,authoritative_subset_annotations,NAU_3,authoritative_subset_annotations,Filling,authoritative_subset_annotations,0.14843815364019217,Medium (10-30%)
865,a62f6724804c6163b963b041a9acaf1847908ad6b1cd2822b7ab05648408f74b.png,55,50-60,authoritative_subset_annotations,KSU_3,authoritative_subset_annotations,Filling,authoritative_subset_annotations,0.24643596488170888,Medium (10-30%)
866,a65f702d0d01925c14d70973463ae0fad266bb2fe5e193e832cb5cfd5f036ce5.png,52,50-60,authoritative_subset_annotations,KSU_4,authoritative_subset_annotations,Ripening,authoritative_subset_annotations,0.05939236787866176,Low (<10%)
867,a69fc29cc5f298de306092c617714e499e00c29618a5bf359a85f44beb5d829a.png,44,40-50,authoritative_subset_annotations,KSU_2,authoritative_subset_annotations,Post-Flowering,authoritative_subset_annotations,0.02446513513921993,Low (<10%)
868,a6d27af3c25509d95e78793dcdc23763413373d6a37830076c65e2001ef7d2eb.png,17,10-20,authoritative_subset_annotations,Terraref_1,authoritative_subset_annotations,Ripening,authoritative_subset_annotations,0.08228381469423394,Low (<10%)
869,a6dd80ce453bb0fec8c28106cd0c5f22152aa12b922621d787f23ce293586fdc.png,54,50-60,authoritative_subset_annotations,NAU_2,authoritative_subset_annotations,Post-Flowering,authoritative_subset_annotations,0.06509422463182456,Low (<10%)
870,a761221dfc077ce0f6e849d510669495e1e9cb4a1fcd1750fc02579f50bf756f.png,18,10-20,authoritative_subset_annotations,Ukyoto_1,authoritative_subset_annotations,Post-Flowering,authoritative_subset_annotations,0.2582991040050985,Medium (10-30%)
871,a76f2ea983c9224c6d08cda7c957e540ac0710cb07482526daf91828a8cac653.png,0,0-10,authoritative_subset_annotations,Terraref_1,authoritative_subset_annotations,Ripening,authoritative_subset_annotations,0.0,Low (<10%)
872,a774c15d17be83d928f4cc011f5c41bf9c519afea847599691b1f48dd4fb3a3c.png,28,20-30,authoritative_subset_annotations,CIMMYT_3,authoritative_subset_annotations,Post-Flowering,authoritative_subset_annotations,0.06162070511738886,Low (<10%)
873,a78f889b83294e2bdf12ceb6e0eeea8e8330e86847380ac1aed6deb50b9aa1f0.png,51,50-60,authoritative_subset_annotations,Terraref_1,authoritative_subset_annotations,Ripening,authoritative_subset_annotations,0.06996430062836202,Low (<10%)
874,a7c7fdca1a62f6befa357f14aa606f36c2d2134f050a27f1aaaf38a28003b413.png,53,50-60,authoritative_subset_annotations,KSU_2,authoritative_subset_annotations,Post-Flowering,authoritative_subset_annotations,0.09403223111936636,Low (<10%)
875,a832fedbb9d747782c47d673dd7b3784043a3891cacba9ff069c705a2decbdcc.png,78,70-80,authoritative_subset_annotations,ARC_1,authoritative_subset_annotations,Filling,authoritative_subset_annotations,0.2279506686253297,Medium (10-30%)
876,a8437be5d822422057651f2985a80f80be77a7510c5cf3a8940f3c45b100cffb.png,20,20-30,authoritative_subset_annotations,Terraref_2,authoritative_subset_annotations,Filling,authoritative_subset_annotations,0.00554317235168299,Low (<10%)
877,a86e97b33aa3de5ba42fb4e658792d0aa0905aa9996c7823e6304457509448ac.png,94,80-100,authoritative_subset_annotations,UQ_9,authoritative_subset_annotations,Filling-Ripening,authoritative_subset_annotations,0.21740332780593002,Medium (10-30%)
878,a8dcd25d76116021b8c43ee57c1afe68ea203edaed3de0ab6314fa74d34f25ec.png,57,50-60,authoritative_subset_annotations,CIMMYT_1,authoritative_subset_annotations,Post-Flowering,authoritative_subset_annotations,0.03184887014100017,Low (<10%)
879,a91a5bc2f1366cd4dece1f3ce0bad27325726c5a224e5aab64bac6e9b8e62b18.png,63,60-70,authoritative_subset_annotations,NAU_2,authoritative_subset_annotations,Post-Flowering,authoritative_subset_annotations,0.09684584929676053,Low (<10%)
880,a963af63506282f15974b27a3614d0a11d2e3cd7724278859245033c86191ecf.png,46,40-50,authoritative_subset_annotations,CIMMYT_2,authoritative_subset_annotations,Post-Flowering,authoritative_subset_annotations,0.06779987419684641,Low (<10%)
881,a981b3674d8fb6aaaab46b3bb7ad0bf52f8aca96032a69fcac43a72c462c7dd2.png,0,0-10,authoritative_subset_annotations,CIMMYT_3,authoritative_subset_annotations,Post-Flowering,authoritative_subset_annotations,0.0,Low (<10%)
882,a98445525337f1e27d45c087526bb21da42edc3c0c918e84686d381eb43cf1f6.png,49,40-50,authoritative_subset_annotations,NAU_2,authoritative_subset_annotations,Post-Flowering,authoritative_subset_annotations,0.11043325021183414,Medium (10-30%)
883,a9a27c87ebf79d31a723b7b9c0c4caf585f6fb4bba02653ff3dd3b0c78a95d84.png,39,30-40,authoritative_subset_annotations,KSU_4,authoritative_subset_annotations,Ripening,authoritative_subset_annotations,0.21104921315580077,Medium (10-30%)
884,a9b4754257f068e11e56bb93bccfb05b0a3b06df423103c89d34bbc14db3ad4e.png,79,70-80,authoritative_subset_annotations,UQ_9,authoritative_subset_annotations,Filling-Ripening,authoritative_subset_annotations,0.299499895795763,Medium (10-30%)
885,a9c27f2c787c8769d223914cfeb5ab86174dff2ae52122f1edb55572c3fa8fb3.png,12,10-20,authoritative_subset_annotations,Ukyoto_1,authoritative_subset_annotations,Post-Flowering,authoritative_subset_annotations,0.09757711860644769,Low (<10%)
886,a9ca88d7a1cbd454f1532b45052968e1a4d41fce4ab8c325ae1181244daf6da2.png,43,40-50,authoritative_subset_annotations,UQ_11,authoritative_subset_annotations,Post-Flowering,authoritative_subset_annotations,0.03803102329257727,Low (<10%)
887,aa0402d51e6f989a4699ac198e6119f9a3b8455fe1a8354f3cb72e2f7f5424d5.png,108,>100,authoritative_subset_annotations,UQ_8,authoritative_subset_annotations,Ripening,authoritative_subset_annotations,0.10089382237511042,Medium (10-30%)
888,aa129c822a41a71116445e08d58041654862c1debd64f0cdc79eefc7e204d0d5.png,51,50-60,authoritative_subset_annotations,ARC_1,authoritative_subset_annotations,Filling,authoritative_subset_annotations,0.07744001484614504,Low (<10%)
889,aa26a42481567e261c2d6b0ca0fd8108754becf82c3e5d5726f07ec855a5871f.png,75,70-80,authoritative_subset_annotations,KSU_4,authoritative_subset_annotations,Ripening,authoritative_subset_annotations,0.16208287420134504,Medium (10-30%)
890,aa6e74fe6e06278a362029b4707405f3b56869d65e3b312897a6bd547b01a07f.png,41,40-50,authoritative_subset_annotations,CIMMYT_2,authoritative_subset_annotations,Post-Flowering,authoritative_subset_annotations,0.08100103595132624,Low (<10%)
891,aa91ba0c72b8b44a17ed990f590d2aa01005a4a34c44a8d8e30df952d386ec06.png,25,20-30,authoritative_subset_annotations,Terraref_1,authoritative_subset_annotations,Ripening,authoritative_subset_annotations,0.028273256607902933,Low (<10%)
892,aaa3744bc5033e9d3a66bc227360783fc3edffeaa34e1992c3eec41ca720ad94.png,20,20-30,authoritative_subset_annotations,Terraref_1,authoritative_subset_annotations,Ripening,authoritative_subset_annotations,0.05128016129233938,Low (<10%)
893,aabdb87885266ac940e96519ef84ad9e66f3a6adb16ccc959b47def3d8414640.png,79,70-80,authoritative_subset_annotations,UQ_7,authoritative_subset_annotations,Ripening,authoritative_subset_annotations,0.05143632833939824,Low (<10%)
894,aade33bc2fab9160ef9703c8c08fefbc6184e2869ef27b1b5b552455c30beee5.png,32,30-40,authoritative_subset_annotations,KSU_4,authoritative_subset_annotations,Ripening,authoritative_subset_annotations,0.01387422323750902,Low (<10%)
895,ab2a05e4b6b30430ae40c9a2988b28c02eb5a7a1ded693f86c2ca32c491b7a40.png,64,60-70,authoritative_subset_annotations,KSU_1,authoritative_subset_annotations,Post-Flowering,authoritative_subset_annotations,0.10028866906013262,Medium (10-30%)
896,ab3d9e006f100794a24e5a979f31138b6001496427715b63ed57c8ea01e838ad.png,39,30-40,authoritative_subset_annotations,KSU_3,authoritative_subset_annotations,Filling,authoritative_subset_annotations,0.055513544962044234,Low (<10%)
897,ab528428cc2eca7d60ec55f2b9a26746cdc20cd66094deb4fafd0ccddc05b089.png,78,70-80,authoritative_subset_annotations,KSU_1,authoritative_subset_annotations,Post-Flowering,authoritative_subset_annotations,0.0738182250228325,Low (<10%)
898,ab660ccf78fccfb3901eb8d1998f9f2bb6272b03be41f644f7f430db797789ef.png,93,80-100,authoritative_subset_annotations,KSU_1,authoritative_subset_annotations,Post-Flowering,authoritative_subset_annotations,0.14533815979105127,Medium (10-30%)
899,ab8dd3402038f8b5822ced9efb3d1491eb749bcbcdb33b452fc4c7dbe0a19d6e.png,35,30-40,authoritative_subset_annotations,UQ_11,authoritative_subset_annotations,Post-Flowering,authoritative_subset_annotations,0.02620705205220587,Low (<10%)
900,abd1e022446ef0ec5830d02fa59fa7fc715d9f9910ed596cb11c2d77cf1ca0f3.png,54,50-60,authoritative_subset_annotations,KSU_1,authoritative_subset_annotations,Post-Flowering,authoritative_subset_annotations,0.12059367091081732,Medium (10-30%)
901,abf160ae15e38235b39de9af610351617a2a3277000bfb2c1c31977e60f9db36.png,60,60-70,authoritative_subset_annotations,NAU_2,authoritative_subset_annotations,Post-Flowering,authoritative_subset_annotations,0.03495077138353044,Low (<10%)
902,ac60dac7951623ca9745c80b3c64167376bb93a2ab25558aa96f6a3f0d0363fc.png,22,20-30,authoritative_subset_annotations,CIMMYT_3,authoritative_subset_annotations,Post-Flowering,authoritative_subset_annotations,0.08288232505436456,Low (<10%)
903,ac92beab4a8732f89d54223986faa42c9a0599149bd7451a7aa4eba8e47236ca.png,9,0-10,authoritative_subset_annotations,Terraref_2,authoritative_subset_annotations,Filling,authoritative_subset_annotations,0.0,Low (<10%)
904,aca187538a414dc44f2db9372a532e3e47ed07b533059bb7f8ca148082d014ba.png,60,60-70,authoritative_subset_annotations,UQ_10,authoritative_subset_annotations,Filling-Ripening,authoritative_subset_annotations,0.12279349113670933,Medium (10-30%)
905,ad049a7f12381ae6b277078e69a7eebc2f5b49ebf99cbcaac02b51a463045f11.png,0,0-10,authoritative_subset_annotations,Terraref_2,authoritative_subset_annotations,Filling,authoritative_subset_annotations,0.0,Low (<10%)
906,ad05e3b63547c1df6383b778905a4f4335f5daca8843337df3de63df098de474.png,38,30-40,authoritative_subset_annotations,Terraref_1,authoritative_subset_annotations,Ripening,authoritative_subset_annotations,0.005039436587565204,Low (<10%)
907,ad0d94309c53fab42484e0c3c5f83ac1e56cb5dd2f9d4305169bb8c72cf2bcb8.png,48,40-50,authoritative_subset_annotations,Ukyoto_1,authoritative_subset_annotations,Post-Flowering,authoritative_subset_annotations,0.13770670205383198,Medium (10-30%)
908,ad1840073a32e1de8622d00b49ffe3c47ffcd33557de100a90a0239ab643e342.png,8,0-10,authoritative_subset_annotations,Ukyoto_1,authoritative_subset_annotations,Post-Flowering,authoritative_subset_annotations,0.0362928055386459,Low (<10%)
909,ad1bcc8a48435e3909825482d0f6f7e3a7294808fcffe0c2a617982759846d82.png,25,20-30,authoritative_subset_annotations,KSU_1,authoritative_subset_annotations,Post-Flowering,authoritative_subset_annotations,0.14424328448135723,Medium (10-30%)
910,ad2e531cdf13091d2b8ccfe2f68708946adc8b108a6e683b69411ef11f39baf2.png,50,50-60,authoritative_subset_annotations,KSU_3,authoritative_subset_annotations,Filling,authoritative_subset_annotations,0.022949765042554887,Low (<10%)
911,ad7c0868a217ec77a5600af9fa549286d9b5a2cd12e0dad05d73f9d3ec679ff0.png,125,>100,authoritative_subset_annotations,UQ_8,authoritative_subset_annotations,Ripening,authoritative_subset_annotations,0.2548963352912674,Medium (10-30%)
912,ad9866fc46b78f9be1d107634c67817e7cd5148dd813151648d92589727be9b8.png,47,40-50,authoritative_subset_annotations,KSU_2,authoritative_subset_annotations,Post-Flowering,authoritative_subset_annotations,0.04686672695424976,Low (<10%)
913,adfa48e6f61e1af0e8729839f970a574f4d5fb5b3f71cf69b939ff66c7076cd9.png,4,0-10,authoritative_subset_annotations,Terraref_1,authoritative_subset_annotations,Ripening,authoritative_subset_annotations,0.11796623398273812,Medium (10-30%)
914,adfff04af99c658eb17eb8f62045627e110b97940b0cdbd807bb8000554740b7.png,88,80-100,authoritative_subset_annotations,KSU_1,authoritative_subset_annotations,Post-Flowering,authoritative_subset_annotations,0.15508099265459965,Medium (10-30%)
915,ae0ffe5574ce99cf700416c0d2cb92f8842a9fd4479bd18feef9b2dd12c0296e.png,49,40-50,authoritative_subset_annotations,KSU_2,authoritative_subset_annotations,Post-Flowering,authoritative_subset_annotations,0.05782897856432964,Low (<10%)
916,ae245b1dff5d4f8201bf760500153fc5011983d9b4f09772e35e794b4361c780.png,33,30-40,authoritative_subset_annotations,Terraref_1,authoritative_subset_annotations,Ripening,authoritative_subset_annotations,0.03003291817610406,Low (<10%)
917,ae3f7232d92b1d6dceb023504624aa07e4b27db57b93c9ac69c7131bd9c3e6b8.png,49,40-50,authoritative_subset_annotations,KSU_2,authoritative_subset_annotations,Post-Flowering,authoritative_subset_annotations,0.0320810350813167,Low (<10%)
918,ae4682ae15287ea01b4aede3292f80db390ff1a2fc3b1b1d99b53636fffef83d.png,2,0-10,authoritative_subset_annotations,CIMMYT_2,authoritative_subset_annotations,Post-Flowering,authoritative_subset_annotations,0.5595581630898007,High (>30%)
919,ae72774a04b894047e2583b6cc1104a580b343a665d16df84509daf05638fa36.png,45,40-50,authoritative_subset_annotations,ARC_1,authoritative_subset_annotations,Filling,authoritative_subset_annotations,0.08340745082017524,Low (<10%)
920,aed7a5168b246971fc57c0ef526b3067d8ab5453843d655bc0d0fd68af041941.png,78,70-80,authoritative_subset_annotations,KSU_1,authoritative_subset_annotations,Post-Flowering,authoritative_subset_annotations,0.10950865095510132,Medium (10-30%)
921,aeda3e9ee7e220051f68390f722974ee299c9ba5e598db1ea6f2452f0a0f3f70.png,37,30-40,authoritative_subset_annotations,CIMMYT_3,authoritative_subset_annotations,Post-Flowering,authoritative_subset_annotations,0.05206288467472604,Low (<10%)
922,af3a498d91208b3f9611ec10d03e92a0fc4f7b39c7e5c3f6e664c324121b3f46.png,35,30-40,authoritative_subset_annotations,NAU_2,authoritative_subset_annotations,Post-Flowering,authoritative_subset_annotations,0.04070223226342558,Low (<10%)
923,af75bab9ebb593dc3506115f6e9316745524dfdd924c5ea42f94f54020a1b66e.png,70,70-80,authoritative_subset_annotations,UQ_10,authoritative_subset_annotations,Filling-Ripening,authoritative_subset_annotations,0.04444678796198332,Low (<10%)
924,af81af2188d7948fa5977b2d98a5d09f0ad44a4c245bf817fc32cc302f750ce1.png,47,40-50,authoritative_subset_annotations,Terraref_1,authoritative_subset_annotations,Ripening,authoritative_subset_annotations,0.006522671135557946,Low (<10%)
925,afc376ae558d1c66f69d99059d5e869e76ac95a88ddfb154be87188d5a36b794.png,45,40-50,authoritative_subset_annotations,KSU_3,authoritative_subset_annotations,Filling,authoritative_subset_annotations,0.04089675637879079,Low (<10%)
926,b03e71dd7b8d4a4bd968da281f4a7e584eccedb3f0ecdc70027202778e6a7a9b.png,0,0-10,authoritative_subset_annotations,Terraref_1,authoritative_subset_annotations,Ripening,authoritative_subset_annotations,0.0,Low (<10%)
927,b069f30d438d7c74dfef76f7ac1d545de12688e94d199472504682c03fb82c6b.png,50,50-60,authoritative_subset_annotations,Terraref_1,authoritative_subset_annotations,Ripening,authoritative_subset_annotations,0.04288487286106908,Low (<10%)
928,b0e8a987a6a59bc4638855b6407683d0a078dbec29adad21c96c77275c8c4fce.png,63,60-70,authoritative_subset_annotations,NAU_3,authoritative_subset_annotations,Filling,authoritative_subset_annotations,0.05140105724781395,Low (<10%)
929,b0eeb18bcc7860a7ff0d2ff9ead8481bd491af643b3bb8c28fd66a714dbd4282.png,45,40-50,authoritative_subset_annotations,NAU_2,authoritative_subset_annotations,Post-Flowering,authoritative_subset_annotations,0.09073081979401088,Low (<10%)
930,b15a611bb1ca5a51a949544147d57235116e98799fe09c4636b4c7f448e1b999.png,42,40-50,authoritative_subset_annotations,NAU_2,authoritative_subset_annotations,Post-Flowering,authoritative_subset_annotations,0.03132760242398543,Low (<10%)
931,b17ed3dd2bf5fbdfc5bd2255267866ec610854fa881e412e9c35a48394ef714c.png,31,30-40,authoritative_subset_annotations,UQ_11,authoritative_subset_annotations,Post-Flowering,authoritative_subset_annotations,0.03418634995326455,Low (<10%)
932,b1c23bbffb5cb8de1554b1cfc0ca8bc5f52c8461bfe2ed6473c3a70b53029ec9.png,40,40-50,authoritative_subset_annotations,CIMMYT_2,authoritative_subset_annotations,Post-Flowering,authoritative_subset_annotations,0.22659561705616435,Medium (10-30%)
933,b2787a2ed51174242a31a85f994684c76399baf5943f83398d0933b4af6e1946.png,15,10-20,authoritative_subset_annotations,Terraref_1,authoritative_subset_annotations,Ripening,authoritative_subset_annotations,0.0,Low (<10%)
934,b2dda51a3cd7422218282f13fd762e405dcbcdae00327f79601ec91d821e7aad.png,78,70-80,authoritative_subset_annotations,UQ_9,authoritative_subset_annotations,Filling-Ripening,authoritative_subset_annotations,0.09432672102711886,Low (<10%)
935,b31ec878b6119db24e47a6e6cdb06ef7236a4e08340ac1b3088b730a599adfd7.png,0,0-10,authoritative_subset_annotations,CIMMYT_3,authoritative_subset_annotations,Post-Flowering,authoritative_subset_annotations,0.0,Low (<10%)
936,b320f9f3b341ac6bbcf3e30cd53450adf92637a95f2b03e8f43fac1e970d1640.png,127,>100,authoritative_subset_annotations,UQ_8,authoritative_subset_annotations,Ripening,authoritative_subset_annotations,0.11629113507268499,Medium (10-30%)
937,b32b8d3ae497f81e549bda16633339cb4168267148989e91afc6454a0df8fb91.png,99,80-100,authoritative_subset_annotations,UQ_9,authoritative_subset_annotations,Filling-Ripening,authoritative_subset_annotations,0.17498127984778278,Medium (10-30%)
938,b3766db07f63ec2f35a983b4d44c1ef4c7fb64fa6955f7d244c55d9da9f6d10a.png,111,>100,authoritative_subset_annotations,UQ_10,authoritative_subset_annotations,Filling-Ripening,authoritative_subset_annotations,0.2591272666872687,Medium (10-30%)
939,b390990ceb3364704cd4d3536c8b63ea00ae0fcd088287a4bb942a7bfc15aec3.png,25,20-30,authoritative_subset_annotations,KSU_3,authoritative_subset_annotations,Filling,authoritative_subset_annotations,0.03340229317049352,Low (<10%)
940,b3edfb780756c0ae872a433c2483c66b1bab383a623fcf72710900e42f728625.png,77,70-80,authoritative_subset_annotations,UQ_10,authoritative_subset_annotations,Filling-Ripening,authoritative_subset_annotations,0.12564614918701777,Medium (10-30%)
941,b402a9c6b9189b948c3329ee7cbb6e5c30d25a538cec37292c42107c6d142f91.png,74,70-80,authoritative_subset_annotations,UQ_11,authoritative_subset_annotations,Post-Flowering,authoritative_subset_annotations,0.06289547246797637,Low (<10%)
942,b46c9ed893c41b6174f024cea4c08a73a77d912d606a2cc44402e86d3ec122e5.png,159,>100,authoritative_subset_annotations,UQ_8,authoritative_subset_annotations,Ripening,authoritative_subset_annotations,0.13077520673601628,Medium (10-30%)
943,b490e5c7db941690464494112772dba6c48b009a9c6f8c4399e02a0af053efad.png,41,40-50,authoritative_subset_annotations,NAU_2,authoritative_subset_annotations,Post-Flowering,authoritative_subset_annotations,0.10202623641181559,Medium (10-30%)
944,b4aa03cb1dea9d2b2ce8a460f8a244571ce6586e409bfe8a2d613d79aa92002e.png,43,40-50,authoritative_subset_annotations,NAU_2,authoritative_subset_annotations,Post-Flowering,authoritative_subset_annotations,0.051121789316457285,Low (<10%)
945,b4b41070d66b236f0ae74395f5d8cca676bd3e50a39c734df809c7ecc54cdbc3.png,60,60-70,authoritative_subset_annotations,KSU_2,authoritative_subset_annotations,Post-Flowering,authoritative_subset_annotations,0.07449240894263416,Low (<10%)
946,b4bed2dafa5abe310191c0b541b33c6a3f0ddc71329590227c19cdefaad8c760.png,58,50-60,authoritative_subset_annotations,KSU_3,authoritative_subset_annotations,Filling,authoritative_subset_annotations,0.09334922055364427,Low (<10%)
947,b4c8ccd92d555a9146b94c9d1e53b8a12c9c6c5710fe6a373a32e48a3648a55b.png,43,40-50,authoritative_subset_annotations,Terraref_1,authoritative_subset_annotations,Ripening,authoritative_subset_annotations,0.019742018518808,Low (<10%)
948,b4fde843c3ba6048431d11d4d937deb79a8cd72e1ffd386f5a94379aad2f839c.png,121,>100,authoritative_subset_annotations,UQ_11,authoritative_subset_annotations,Post-Flowering,authoritative_subset_annotations,0.14760465865078115,Medium (10-30%)
949,b519a244055ab8283b162d8ef030038b27bc9da80a46805bf70239c04101924c.png,69,60-70,authoritative_subset_annotations,KSU_4,authoritative_subset_annotations,Ripening,authoritative_subset_annotations,0.08420051643900617,Low (<10%)
950,b522035f3cba03dbedbae313148c4a925fd7d76b0dba9ba5496fdc251fc5e773.png,59,50-60,authoritative_subset_annotations,KSU_1,authoritative_subset_annotations,Post-Flowering,authoritative_subset_annotations,0.09008772166402192,Low (<10%)
951,b5693f35d46830f4f1b35e09f7933f76f234cc641cc8b58dfec7da533231b4ad.png,47,40-50,authoritative_subset_annotations,CIMMYT_1,authoritative_subset_annotations,Post-Flowering,authoritative_subset_annotations,0.12022926487123443,Medium (10-30%)
952,b598095520395c92154b263a097e8488744c03f6c10d349901b0c41ef2c3bcab.png,38,30-40,authoritative_subset_annotations,CIMMYT_2,authoritative_subset_annotations,Post-Flowering,authoritative_subset_annotations,0.34133239250402103,High (>30%)
953,b5f776068dc32d05a71a8245d7bf4681e52f29b147999cdef0be8f31c854019b.png,62,60-70,authoritative_subset_annotations,KSU_4,authoritative_subset_annotations,Ripening,authoritative_subset_annotations,0.12317763120781225,Medium (10-30%)
954,b617729e4d0b3e311ec0c5a477096bd3d611a2cfd033fc95c3af14cec9a0fc5d.png,48,40-50,authoritative_subset_annotations,CIMMYT_1,authoritative_subset_annotations,Post-Flowering,authoritative_subset_annotations,0.16780663544236096,Medium (10-30%)
955,b64763a8fbc68511a5b0c9fe4712d73724800e28af56ecf2958254505758ab34.png,0,0-10,authoritative_subset_annotations,Terraref_2,authoritative_subset_annotations,Filling,authoritative_subset_annotations,0.0,Low (<10%)
956,b6649070f10342af285a144e56e801faefb29676f893e7bfcf0b108c639584fa.png,18,10-20,authoritative_subset_annotations,Terraref_1,authoritative_subset_annotations,Ripening,authoritative_subset_annotations,0.0,Low (<10%)
957,b66e6e975dee4dced7cde912430af08def5945fc4f6aaa8ef11894de997bbf39.png,43,40-50,authoritative_subset_annotations,NAU_3,authoritative_subset_annotations,Filling,authoritative_subset_annotations,0.03718361288953782,Low (<10%)
958,b671bbd7995fc3f9bb3d980cd47b65869213f577c63d8e409d15213d721bb48b.png,55,50-60,authoritative_subset_annotations,NAU_2,authoritative_subset_annotations,Post-Flowering,authoritative_subset_annotations,0.03638340815955172,Low (<10%)
959,b694e4c0bfd3c7ac97184988e85ef9983528e9fe74087c44365d29906263ec4e.png,52,50-60,authoritative_subset_annotations,KSU_3,authoritative_subset_annotations,Filling,authoritative_subset_annotations,0.17002267737739418,Medium (10-30%)
960,b77f5b5b4addade3bbeb0e97af60680d877bfcc25db3ae47aa04450bf91af7cf.png,36,30-40,authoritative_subset_annotations,CIMMYT_2,authoritative_subset_annotations,Post-Flowering,authoritative_subset_annotations,0.07375530413232627,Low (<10%)
961,b841ca007554cea70ecbb5edff0044854ae970b8a3373b604b7f8719a5de77d2.png,20,20-30,authoritative_subset_annotations,Terraref_1,authoritative_subset_annotations,Ripening,authoritative_subset_annotations,0.04307701983898792,Low (<10%)
962,b8633131367d9f0ac7b403ee09a4bc10c64323e9351bb38bce00b70d71e3f7c7.png,40,40-50,authoritative_subset_annotations,CIMMYT_3,authoritative_subset_annotations,Post-Flowering,authoritative_subset_annotations,0.15310274849092945,Medium (10-30%)
963,b87d8237c40009917d7bee4aa9d7057e510a3f4b45f54d0f6fb57afb0b4aa79b.png,40,40-50,authoritative_subset_annotations,CIMMYT_1,authoritative_subset_annotations,Post-Flowering,authoritative_subset_annotations,0.06678615462725819,Low (<10%)
964,b8c527c2a5ce6f05a133f001a2c2e19f4af50c65e833d9919ebbf2f2276b0c4f.png,37,30-40,authoritative_subset_annotations,ARC_1,authoritative_subset_annotations,Filling,authoritative_subset_annotations,0.12462615273782676,Medium (10-30%)
965,b9320d001ec0d4a87815b0794bd23ef2f45233cf900c6ec988f45919cd92d873.png,105,>100,authoritative_subset_annotations,UQ_10,authoritative_subset_annotations,Filling-Ripening,authoritative_subset_annotations,0.10603174518493781,Medium (10-30%)
966,b95157a83967bf05280d17868c69d8eae6c75ff8b0bd1c2251ca1a5de15e6259.png,86,80-100,authoritative_subset_annotations,UQ_10,authoritative_subset_annotations,Filling-Ripening,authoritative_subset_annotations,0.08969552771852149,Low (<10%)
967,b95beca9e67889c8b7fd304ab4b74336da16ae08119939f9601f83ae7703ca66.png,50,50-60,authoritative_subset_annotations,CIMMYT_1,authoritative_subset_annotations,Post-Flowering,authoritative_subset_annotations,0.18230887270767102,Medium (10-30%)
968,b9694d95369703908540db10c01f6ea5e931ffd4b8ef44ae9d0f2c013c105287.png,20,20-30,authoritative_subset_annotations,CIMMYT_2,authoritative_subset_annotations,Post-Flowering,authoritative_subset_annotations,0.0574467676620206,Low (<10%)
969,ba4995146f6e0d6bdc24571d73bf603cfb50058542f34fe7087c2731cca82317.png,44,40-50,authoritative_subset_annotations,Terraref_1,authoritative_subset_annotations,Ripening,authoritative_subset_annotations,0.06544429842763663,Low (<10%)
970,ba607919672fff4145729158c9d28eab35fb1204bec2e39e3e1eb859146ce45a.png,58,50-60,authoritative_subset_annotations,KSU_4,authoritative_subset_annotations,Ripening,authoritative_subset_annotations,0.0906203585124229,Low (<10%)
971,bacc2657a71fd6dc5e4ab1eb4f14482a82b3dc5997436b96e301420d5fa03b30.png,38,30-40,authoritative_subset_annotations,CIMMYT_1,authoritative_subset_annotations,Post-Flowering,authoritative_subset_annotations,0.13912895098324263,Medium (10-30%)
972,baefc6a7e2164b394f10e74aef009725e2667fc60a80c01056e015de2669adf9.png,103,>100,authoritative_subset_annotations,UQ_10,authoritative_subset_annotations,Filling-Ripening,authoritative_subset_annotations,0.11184108823692983,Medium (10-30%)
973,bb352c9bdd5142fb4c14545daf9fa8759e4d692b696ef8d42af3c757ec7549de.png,10,10-20,authoritative_subset_annotations,Terraref_2,authoritative_subset_annotations,Filling,authoritative_subset_annotations,0.045658131704643334,Low (<10%)
974,bb4c331a1391e4fa3ca06976c1d5818deeb8f8c0feebf15bfbbc806eb8536cb6.png,75,70-80,authoritative_subset_annotations,KSU_1,authoritative_subset_annotations,Post-Flowering,authoritative_subset_annotations,0.06834496724105753,Low (<10%)
975,bb6a61cff93e6ce00e4ae4c238b235e4b5ad488a439810e1084db767bdb28b25.png,74,70-80,authoritative_subset_annotations,UQ_10,authoritative_subset_annotations,Filling-Ripening,authoritative_subset_annotations,0.07459701853551881,Low (<10%)
976,bb735cfe00850256157bb4c02376166aec632b9c45b88dcbc4a11096f6139b92.png,50,50-60,authoritative_subset_annotations,UQ_11,authoritative_subset_annotations,Post-Flowering,authoritative_subset_annotations,0.05685029535460494,Low (<10%)
977,bb8161ed883e05ea4c879668c02e0dafbfb72c75fcec44cd2f33fa58487caf6c.png,39,30-40,authoritative_subset_annotations,UQ_11,authoritative_subset_annotations,Post-Flowering,authoritative_subset_annotations,0.008194549910446797,Low (<10%)
978,bb9de3323adf8ac5a35947048abb8f31c847cda4aa0fd85559b8c0a71d474f48.png,61,60-70,authoritative_subset_annotations,Ukyoto_1,authoritative_subset_annotations,Post-Flowering,authoritative_subset_annotations,0.3297932848057516,High (>30%)
979,bbd2fb0f1d880eecf4989a2a01e72bb8aa8c3073ef2c3e040d9bb27837678166.png,54,50-60,authoritative_subset_annotations,KSU_3,authoritative_subset_annotations,Filling,authoritative_subset_annotations,0.16344443275209794,Medium (10-30%)
980,bbda78e3844f8f41507411853555e3215e57abcccc27f7c2f570764414760bba.png,20,20-30,authoritative_subset_annotations,Terraref_2,authoritative_subset_annotations,Filling,authoritative_subset_annotations,0.06784427744166208,Low (<10%)
981,bbe2af13314234dde718065be53d592fab85875909be705a397fab15cf64b76e.png,43,40-50,authoritative_subset_annotations,NAU_2,authoritative_subset_annotations,Post-Flowering,authoritative_subset_annotations,0.03250594695530805,Low (<10%)
982,bbf97aedf3230a614cac5c06623c57b01c3e05192b849128c557a5f74302d4e9.png,83,80-100,authoritative_subset_annotations,UQ_9,authoritative_subset_annotations,Filling-Ripening,authoritative_subset_annotations,0.16248736340584266,Medium (10-30%)
983,bbfc6a77f7b864118da68f28010533bc8a71111d7ce295c45963f906a200644a.png,46,40-50,authoritative_subset_annotations,NAU_3,authoritative_subset_annotations,Filling,authoritative_subset_annotations,0.03691647498261458,Low (<10%)
984,bc02f06e15dbf65c4dedf12e302d157698d48e9b185afad1ee3e7218b2675ce7.png,28,20-30,authoritative_subset_annotations,CIMMYT_3,authoritative_subset_annotations,Post-Flowering,authoritative_subset_annotations,0.19937311149071532,Medium (10-30%)
985,bc845688dd93d178faef1206bd070fbd144ba06fa224463fd978564e1308e4c2.png,82,80-100,authoritative_subset_annotations,Ukyoto_1,authoritative_subset_annotations,Post-Flowering,authoritative_subset_annotations,0.24212355252213677,Medium (10-30%)
986,bc85a3e9859d1f68e2d137657bd47d6eebcc486c7d338de96969ac542ed4af81.png,46,40-50,authoritative_subset_annotations,UQ_10,authoritative_subset_annotations,Filling-Ripening,authoritative_subset_annotations,0.2389828163580203,Medium (10-30%)
987,bc90eb3c950ca81b388a32cac1bbcba812a6ad83954afec3fd46d24f862f218d.png,112,>100,authoritative_subset_annotations,UQ_9,authoritative_subset_annotations,Filling-Ripening,authoritative_subset_annotations,0.05867264511986047,Low (<10%)
988,bcb502d9974a27e3dbe9b529860160a4b7de6156899ddb45d2bd17d28aa8c02b.png,106,>100,authoritative_subset_annotations,UQ_9,authoritative_subset_annotations,Filling-Ripening,authoritative_subset_annotations,0.29024088651542046,Medium (10-30%)
989,bcd5345eb67d28495fc7e641a57ea33f842dc55081158c5d18e86ed6e8c57018.png,48,40-50,authoritative_subset_annotations,CIMMYT_3,authoritative_subset_annotations,Post-Flowering,authoritative_subset_annotations,0.14278436338527922,Medium (10-30%)
990,bd94d47898d8e795d0e0139c4de9cbcb9c5461018cb14a4f91c9f28b238feece.png,18,10-20,authoritative_subset_annotations,Terraref_2,authoritative_subset_annotations,Filling,authoritative_subset_annotations,0.028794406729319284,Low (<10%)
991,bd9dc11f7e7aa37eb82b1d5d5b6db772afd2b5f1463b7b75272cfe0c711fc7a4.png,45,40-50,authoritative_subset_annotations,CIMMYT_1,authoritative_subset_annotations,Post-Flowering,authoritative_subset_annotations,0.17535777786151888,Medium (10-30%)
992,bda130201325ae15ff57bd947f8bf5070466194fa38c9bf3410586a91f6bcd8e.png,69,60-70,authoritative_subset_annotations,UQ_11,authoritative_subset_annotations,Post-Flowering,authoritative_subset_annotations,0.04434985516757138,Low (<10%)
993,bdd47c14d14f03a2676eab3e7223a298a69d8607c20d774d2001e6232c1cbe99.png,43,40-50,authoritative_subset_annotations,KSU_1,authoritative_subset_annotations,Post-Flowering,authoritative_subset_annotations,0.1273032708996887,Medium (10-30%)
994,bde4a702218bf4a6ab2d63813cea7237c9e0f777a61ac6023533e98bce515164.png,0,0-10,authoritative_subset_annotations,CIMMYT_1,authoritative_subset_annotations,Post-Flowering,authoritative_subset_annotations,0.0,Low (<10%)
995,be25a2f141d9cc7cba3d9a5f345abe144aee41ab684b75ffc757eaa8f9982576.png,31,30-40,authoritative_subset_annotations,NAU_2,authoritative_subset_annotations,Post-Flowering,authoritative_subset_annotations,0.02986071176601884,Low (<10%)
996,be785799f14277ff3bdf0d8248a99510879d025a27c84b854d16d02392afffc8.png,65,60-70,authoritative_subset_annotations,Ukyoto_1,authoritative_subset_annotations,Post-Flowering,authoritative_subset_annotations,0.301334086506039,High (>30%)
997,be88b882886d7bcd0f5d9f241e5c5d077674092534942732ac0295dd1389f879.png,25,20-30,authoritative_subset_annotations,KSU_3,authoritative_subset_annotations,Filling,authoritative_subset_annotations,0.24939997849625922,Medium (10-30%)
998,bed0d377c8fcf649fd2a0bf90cf7ac0465f2220219521ce8fa7778a7951747a5.png,55,50-60,authoritative_subset_annotations,KSU_2,authoritative_subset_annotations,Post-Flowering,authoritative_subset_annotations,0.17636786371730276,Medium (10-30%)
999,bed205ee056f75f4b9ac0261507d61c857c400f08561213b9a41a844f7f48d18.png,17,10-20,authoritative_subset_annotations,Terraref_1,authoritative_subset_annotations,Ripening,authoritative_subset_annotations,0.0,Low (<10%)
1000,bee93064d86f40c87e506bdb7135dbd017e7e2d8762e67e1c36ae6427e07aab3.png,41,40-50,authoritative_subset_annotations,NAU_3,authoritative_subset_annotations,Filling,authoritative_subset_annotations,0.02991860110062562,Low (<10%)
1001,bf55cf5e9c74dea00c6a435d50ff4c366eae1f395874922af5a390e78ec4849d.png,50,50-60,authoritative_subset_annotations,UQ_11,authoritative_subset_annotations,Post-Flowering,authoritative_subset_annotations,0.0531761663525743,Low (<10%)
1002,bf7523483f4b07096710c861540e5d62e8f8826674a7edc8eab5ce8ecba24475.png,56,50-60,authoritative_subset_annotations,NAU_3,authoritative_subset_annotations,Filling,authoritative_subset_annotations,0.024238677906448566,Low (<10%)
1003,bf79241a18c9c7c0225f5b025cd1d209bad4e957789207cf1885359793b4f3ab.png,41,40-50,authoritative_subset_annotations,KSU_4,authoritative_subset_annotations,Ripening,authoritative_subset_annotations,0.006478117795052122,Low (<10%)
1004,c01a9318a3c30c04e410c32a798fc8ef8da30ac91a1fb50327ab67de02fb2b23.png,57,50-60,authoritative_subset_annotations,KSU_3,authoritative_subset_annotations,Filling,authoritative_subset_annotations,0.22897005698520678,Medium (10-30%)
1005,c0de3cb241b16e8cc79e03b38386c041e009e678c9f3eede61cdddaab4401846.png,0,0-10,authoritative_subset_annotations,Terraref_1,authoritative_subset_annotations,Ripening,authoritative_subset_annotations,0.0,Low (<10%)
1006,c0e7e0f809e8844b2b6fc780472962e4b493c49ed4891d0c0cbcb4a3dc7e2467.png,0,0-10,authoritative_subset_annotations,Terraref_1,authoritative_subset_annotations,Ripening,authoritative_subset_annotations,0.0,Low (<10%)
1007,c150e517437b88d5b47f3c892a4820d1817b2d7cd2ecf3bc061c54503d397cb7.png,54,50-60,authoritative_subset_annotations,UQ_10,authoritative_subset_annotations,Filling-Ripening,authoritative_subset_annotations,0.032705031267533546,Low (<10%)
1008,c1634477a3420524efbc8576df4e250b026f7a331e4b2948cba891ccff869696.png,58,50-60,authoritative_subset_annotations,CIMMYT_2,authoritative_subset_annotations,Post-Flowering,authoritative_subset_annotations,0.03232964654288181,Low (<10%)
1009,c1749cd29acb3ade0b68f075d01101717fbe98538c8b27b9640e306013bb3aed.png,100,>100,authoritative_subset_annotations,UQ_10,authoritative_subset_annotations,Filling-Ripening,authoritative_subset_annotations,0.15684730033353111,Medium (10-30%)
1010,c179f4875821b730de56878afecf1ef55789e361898c29b8d62212d873ec3ee9.png,47,40-50,authoritative_subset_annotations,KSU_3,authoritative_subset_annotations,Filling,authoritative_subset_annotations,0.09256005595717194,Low (<10%)
1011,c18b1ec164865d01b0f3bafaba908f9d648780829c67edb12d505105334c179d.png,1,0-10,authoritative_subset_annotations,Ukyoto_1,authoritative_subset_annotations,Post-Flowering,authoritative_subset_annotations,0.0,Low (<10%)
1012,c19c4a7994daee3e3d8e86259322614831cfcd990368aab5fd3ae26981b1bc40.png,44,40-50,authoritative_subset_annotations,KSU_2,authoritative_subset_annotations,Post-Flowering,authoritative_subset_annotations,0.06936143673566392,Low (<10%)
1013,c1d9cc7dc4b761768fe30e3854df3142599f193bfb027c6634d67b8264dc30b5.png,35,30-40,authoritative_subset_annotations,KSU_3,authoritative_subset_annotations,Filling,authoritative_subset_annotations,0.06244727057014553,Low (<10%)
1014,c1e37425b80ffdf3d34ea6d207bd270385edf58df6f4826640f0945726a28ed4.png,75,70-80,authoritative_subset_annotations,UQ_10,authoritative_subset_annotations,Filling-Ripening,authoritative_subset_annotations,0.06427407288190615,Low (<10%)
1015,c1e58fb9024cf36ec1e5991abd3727673f5e39c56d3bf9165847b11475a3fdf3.png,1,0-10,authoritative_subset_annotations,Terraref_2,authoritative_subset_annotations,Filling,authoritative_subset_annotations,0.0,Low (<10%)
1016,c28520d44621423c5c226c8a30891d8e075eb1c82b03f3fb19c3c3c568d74103.png,80,80-100,authoritative_subset_annotations,NAU_2,authoritative_subset_annotations,Post-Flowering,authoritative_subset_annotations,0.08010483099355345,Low (<10%)
1017,c2b73375a52dc78f1d6026de12b464091d9b25c78792d35f206fca88c47a1a88.png,34,30-40,authoritative_subset_annotations,KSU_2,authoritative_subset_annotations,Post-Flowering,authoritative_subset_annotations,0.10569264041412967,Medium (10-30%)
1018,c2c0109b6aecdef69f7ee101c23e43bacbe9e15633532a0cbe8d90b8c3b94e5d.png,41,40-50,authoritative_subset_annotations,Terraref_1,authoritative_subset_annotations,Ripening,authoritative_subset_annotations,0.014064889775573563,Low (<10%)
1019,c2dbdd7dac69f047654ef8d88761652babb22d379a02507d5463034284e0c3a6.png,27,20-30,authoritative_subset_annotations,KSU_4,authoritative_subset_annotations,Ripening,authoritative_subset_annotations,0.11795985800584242,Medium (10-30%)
1020,c303e64b1488e237fe2afd06041ae6e2b80c5e7b3d8fc34b760f6c754bbdd54e.png,19,10-20,authoritative_subset_annotations,Terraref_1,authoritative_subset_annotations,Ripening,authoritative_subset_annotations,0.0,Low (<10%)
1021,c31702ebe2f11e5493f9d492cd375e47d370c8d9112e4885edff8f43f6eb5a21.png,33,30-40,authoritative_subset_annotations,NAU_3,authoritative_subset_annotations,Filling,authoritative_subset_annotations,0.04766632980730299,Low (<10%)
1022,c32dda741b6f847530debb4be8ced7d569fb304df79f85f804af435f7f40de63.png,42,40-50,authoritative_subset_annotations,CIMMYT_1,authoritative_subset_annotations,Post-Flowering,authoritative_subset_annotations,0.20718582838137453,Medium (10-30%)
1023,c33ad500feaaf8f0b8d2acd4943c3673b0671646467a4ad5fc2fe7a8d42e8671.png,42,40-50,authoritative_subset_annotations,CIMMYT_1,authoritative_subset_annotations,Post-Flowering,authoritative_subset_annotations,0.0021467010355899242,Low (<10%)
1024,c34427e829730fb1b0cd7da4bb72cd2fa789334dc640d3f0ffd2321f32b3f10d.png,20,20-30,authoritative_subset_annotations,Terraref_2,authoritative_subset_annotations,Filling,authoritative_subset_annotations,0.013694240916107926,Low (<10%)
1025,c351dc2110415ad3f891af1c1b7552c653d854275c0ae10b4af9d4bee6f57f3b.png,54,50-60,authoritative_subset_annotations,KSU_3,authoritative_subset_annotations,Filling,authoritative_subset_annotations,0.11428472472926961,Medium (10-30%)
1026,c356a68d5786bbb8824b564592e05514c1544923211867150f46255882aaf3a7.png,37,30-40,authoritative_subset_annotations,CIMMYT_2,authoritative_subset_annotations,Post-Flowering,authoritative_subset_annotations,0.014651731819463956,Low (<10%)
1027,c35c48d7070d6073b0118b3b158c8efb159a9c4627628444373fe115fd2cde24.png,49,40-50,authoritative_subset_annotations,CIMMYT_1,authoritative_subset_annotations,Post-Flowering,authoritative_subset_annotations,0.00696991475314323,Low (<10%)
1028,c362260c2d65161bdaf7105d6e82d78b3f2ec9700f9eff5e33117a25f95634d2.png,57,50-60,authoritative_subset_annotations,UQ_11,authoritative_subset_annotations,Post-Flowering,authoritative_subset_annotations,0.11162933902496701,Medium (10-30%)
1029,c364e2aef9e2c5559783c2fc45d9aa57321c8ff624d7755254a10285836013d4.png,1,0-10,authoritative_subset_annotations,CIMMYT_2,authoritative_subset_annotations,Post-Flowering,authoritative_subset_annotations,0.0,Low (<10%)
1030,c38887c0bef55d8c80d7c2e2ba0a2998383d559a5b253f0983c9537e0e14659d.png,31,30-40,authoritative_subset_annotations,CIMMYT_2,authoritative_subset_annotations,Post-Flowering,authoritative_subset_annotations,0.09736813519177112,Low (<10%)
1031,c3d6ee524b6c4d8de09f2d08b3973b66b88e00c99405fa2a780686a9e4314a8e.png,70,70-80,authoritative_subset_annotations,Ukyoto_1,authoritative_subset_annotations,Post-Flowering,authoritative_subset_annotations,0.436279176349123,High (>30%)
1032,c3debbd53fc319262c0b126a9e4c99942351b0bba0e147ca75ad0309eb944d09.png,35,30-40,authoritative_subset_annotations,Terraref_1,authoritative_subset_annotations,Ripening,authoritative_subset_annotations,0.030405653441180024,Low (<10%)
1033,c40267619c901369544a532e00f1a252a4a1a7f671341f675e2073bcb3a772dd.png,54,50-60,authoritative_subset_annotations,UQ_11,authoritative_subset_annotations,Post-Flowering,authoritative_subset_annotations,0.04219687423020545,Low (<10%)
1034,c41ef0767e6ed59b3206925f6e6b8c55765e3b8189e14c5a98e367cbb1c13086.png,21,20-30,authoritative_subset_annotations,ARC_1,authoritative_subset_annotations,Filling,authoritative_subset_annotations,0.06667386174687946,Low (<10%)
1035,c43eb9794931e8604eb78896d470087572a96d6d8cf20e0b0e764cd2b1ee8c59.png,104,>100,authoritative_subset_annotations,UQ_10,authoritative_subset_annotations,Filling-Ripening,authoritative_subset_annotations,0.13994823768772421,Medium (10-30%)
1036,c452277ef7ef49f667781f80b6743deeef1458b6886d2249aaf317c9670917a5.png,80,80-100,authoritative_subset_annotations,KSU_1,authoritative_subset_annotations,Post-Flowering,authoritative_subset_annotations,0.08344610994450902,Low (<10%)
1037,c4b9417326e770e262452e515f7558e63f1af5ea413cb0a637a3db7b7d5abc57.png,25,20-30,authoritative_subset_annotations,NAU_2,authoritative_subset_annotations,Post-Flowering,authoritative_subset_annotations,0.06739597118907353,Low (<10%)
1038,c4e63d6ca7a2c72fa86ab2ad02a7d7a56d9fea15157a15d76920a873a52cabfe.png,25,20-30,authoritative_subset_annotations,Terraref_2,authoritative_subset_annotations,Filling,authoritative_subset_annotations,0.03465349542573359,Low (<10%)
1039,c534f69f7bea87e0fa14fb45303f59a760081be3ae71f6be69f3a704ae3093bc.png,71,70-80,authoritative_subset_annotations,KSU_2,authoritative_subset_annotations,Post-Flowering,authoritative_subset_annotations,0.07935898451529155,Low (<10%)
1040,c56e4076376ae13ad7cd7350a5ec18b65991296af02c1c8a7ea6801798ced079.png,19,10-20,authoritative_subset_annotations,Terraref_2,authoritative_subset_annotations,Filling,authoritative_subset_annotations,0.0011999696210222525,Low (<10%)
1041,c57a24d56749045c12ce76c67a5e463711342f281ed71153ea750b8cf15d8843.png,7,0-10,authoritative_subset_annotations,Terraref_1,authoritative_subset_annotations,Ripening,authoritative_subset_annotations,0.0,Low (<10%)
1042,c5e0e2942aeaa92faa0bb04b9aa369528e3e87813ea0ef10e0fd8caab178d084.png,115,>100,authoritative_subset_annotations,UQ_8,authoritative_subset_annotations,Ripening,authoritative_subset_annotations,0.5274101658922676,High (>30%)
1043,c621cc1bc20886a84791631e9e85dd42394f7e0e850e82b5bd5d3e3b52a3a525.png,34,30-40,authoritative_subset_annotations,UQ_11,authoritative_subset_annotations,Post-Flowering,authoritative_subset_annotations,0.06042204399714196,Low (<10%)
1044,c6508823a684b4a77990426725ee44c97be34470ad489153e4cded1665d6122b.png,75,70-80,authoritative_subset_annotations,KSU_1,authoritative_subset_annotations,Post-Flowering,authoritative_subset_annotations,0.11399409191019494,Medium (10-30%)
1045,c65fa9b3c7557d8aa616d7b7cdf763e2831642efcb3c809945f1f64967977335.png,59,50-60,authoritative_subset_annotations,KSU_1,authoritative_subset_annotations,Post-Flowering,authoritative_subset_annotations,0.08144721543293645,Low (<10%)
1046,c68c08f05a8f4913b99ddbf945ccfcd8129c55fa2c86bb89cc28e3abb6a33464.png,73,70-80,authoritative_subset_annotations,KSU_3,authoritative_subset_annotations,Filling,authoritative_subset_annotations,0.3579144273888016,High (>30%)
1047,c69e5e410f861ed2e96946593753eb5bb23677e131f1563cd17eb2c3bb23ecd1.png,2,0-10,authoritative_subset_annotations,Terraref_2,authoritative_subset_annotations,Filling,authoritative_subset_annotations,0.0,Low (<10%)
1048,c6d42dee4e64fdec2ec5e683b3b6d6e7e7a656633813e32e9b4c49379a030336.png,26,20-30,authoritative_subset_annotations,Terraref_2,authoritative_subset_annotations,Filling,authoritative_subset_annotations,0.006614075579592821,Low (<10%)
1049,c770e0a6ad5c902844f466e050307f0c7a2de310ea09e44931390f1ee1c3a645.png,1,0-10,authoritative_subset_annotations,Terraref_2,authoritative_subset_annotations,Filling,authoritative_subset_annotations,0.0,Low (<10%)
1050,c7bbac3be876f47cf47eedcc5b53adc8b53fd657346a6914c3134552e59961ba.png,1,0-10,authoritative_subset_annotations,Terraref_2,authoritative_subset_annotations,Filling,authoritative_subset_annotations,0.0,Low (<10%)
1051,c7c978ba607de651b1e8e4d451134a76b30a0961ac77f950d73bc4fc7e03d764.png,40,40-50,authoritative_subset_annotations,Terraref_1,authoritative_subset_annotations,Ripening,authoritative_subset_annotations,0.039488102841850205,Low (<10%)
1052,c7f8467c0f09406fe680789b16503ea691f93e1634cbd9f721dfc926406b2a8f.png,26,20-30,authoritative_subset_annotations,Terraref_1,authoritative_subset_annotations,Ripening,authoritative_subset_annotations,0.0015098938934408842,Low (<10%)
1053,c7fbb0ed7dd6eabf17d7c0429f49fae341083b76fe1f2c3629c8d994c01ae39f.png,47,40-50,authoritative_subset_annotations,KSU_3,authoritative_subset_annotations,Filling,authoritative_subset_annotations,0.027762932413164982,Low (<10%)
1054,c82496582a9a410fc87e3ed766dc03135a867ee041b3edb2b63c2c94a2df6c9a.png,1,0-10,authoritative_subset_annotations,Terraref_1,authoritative_subset_annotations,Ripening,authoritative_subset_annotations,0.0,Low (<10%)
1055,c861a1ac7f04f1a33938b4a192223c77e81bc44f7c444b325e628e99a5a7c7a7.png,41,40-50,authoritative_subset_annotations,Terraref_1,authoritative_subset_annotations,Ripening,authoritative_subset_annotations,0.05035019935130167,Low (<10%)
1056,c8996b5c54becc850f764a36b3fddf5d33bfe3e671d686a2da2c8dc8d51f76c9.png,74,70-80,authoritative_subset_annotations,UQ_10,authoritative_subset_annotations,Filling-Ripening,authoritative_subset_annotations,0.16113870407386977,Medium (10-30%)
1057,c913c2d5732269bda42e314c653e39ec7060a398e09669368536740210eab588.png,85,80-100,authoritative_subset_annotations,UQ_7,authoritative_subset_annotations,Ripening,authoritative_subset_annotations,0.0862843604029386,Low (<10%)
1058,c9789fabb189c8c8e19cc8e575f8a702ee3d709d600543b33f92f29fa9bcea9c.png,61,60-70,authoritative_subset_annotations,KSU_4,authoritative_subset_annotations,Ripening,authoritative_subset_annotations,0.037227999532378736,Low (<10%)
1059,c9b602925b9f750e84931c197e03cc1a33ee0b47e04e6aaf5c30c8379c13e5b6.png,49,40-50,authoritative_subset_annotations,UQ_11,authoritative_subset_annotations,Post-Flowering,authoritative_subset_annotations,0.07978698180613275,Low (<10%)
1060,c9e70ffb0c261c71e09485fb98f28d39b837683b3195bcb32a8e743f123f89da.png,62,60-70,authoritative_subset_annotations,Terraref_1,authoritative_subset_annotations,Ripening,authoritative_subset_annotations,0.04320814549055642,Low (<10%)
1061,ca0b6721ce23b3b8eb1285fb2b77f1161c46a46f74a5b28aa7c6be0a47d9a6f7.png,60,60-70,authoritative_subset_annotations,KSU_3,authoritative_subset_annotations,Filling,authoritative_subset_annotations,0.14819146510192976,Medium (10-30%)
1062,ca5902cad7fa58c187d52660e5186ae726859540fc52135b8913fc9e25c22c11.png,61,60-70,authoritative_subset_annotations,KSU_3,authoritative_subset_annotations,Filling,authoritative_subset_annotations,0.07480624081427069,Low (<10%)
1063,caba1758339387ede4969526e494f28b2bd023a637d1b0d17a65d8b22950ae01.png,41,40-50,authoritative_subset_annotations,KSU_2,authoritative_subset_annotations,Post-Flowering,authoritative_subset_annotations,0.13685403029536944,Medium (10-30%)
1064,cb1494cf31c88dbf7de7785b2fca83262c41fff70ad8d3ec3a7cf985cfb12bc4.png,40,40-50,authoritative_subset_annotations,CIMMYT_2,authoritative_subset_annotations,Post-Flowering,authoritative_subset_annotations,0.017723011733311804,Low (<10%)
1065,cb3cc3d32a7e5c623f26bcd9bb5d3616580863ad0373b71c88f935a218c3e114.png,74,70-80,authoritative_subset_annotations,UQ_10,authoritative_subset_annotations,Filling-Ripening,authoritative_subset_annotations,0.07105646323275398,Low (<10%)
1066,cb7da2338b88875c2e5a5bb7d556da2651690ffc5547d5400d6b74e90462f948.png,48,40-50,authoritative_subset_annotations,KSU_3,authoritative_subset_annotations,Filling,authoritative_subset_annotations,0.056397137154203324,Low (<10%)
1067,cb9ba942fed71d97823656e537aa392d9bf7942a6159e02bf0a4a8a61c8ace4e.png,59,50-60,authoritative_subset_annotations,KSU_2,authoritative_subset_annotations,Post-Flowering,authoritative_subset_annotations,0.058644095582480786,Low (<10%)
1068,cbdcf874095008d8b9a73b70eaba48015d77ce9409307026265f68ea81370dff.png,25,20-30,authoritative_subset_annotations,Terraref_1,authoritative_subset_annotations,Ripening,authoritative_subset_annotations,0.06029944007395325,Low (<10%)
1069,cc220a81929c2a62992a64213c4c9e2a70445c5d172b6008b4a99f97f047fa1b.png,107,>100,authoritative_subset_annotations,UQ_10,authoritative_subset_annotations,Filling-Ripening,authoritative_subset_annotations,0.18588008679961293,Medium (10-30%)
1070,cc8b70698514aff97ed62b5c96d1360b4ef2813900dec3e332a269978a52bbaa.png,18,10-20,authoritative_subset_annotations,Terraref_1,authoritative_subset_annotations,Ripening,authoritative_subset_annotations,0.0,Low (<10%)
1071,ccc82c45917ccf4cd85811ea2abc6d8ed356323fb5b7131464259c3ae6c6d1d6.png,49,40-50,authoritative_subset_annotations,NAU_3,authoritative_subset_annotations,Filling,authoritative_subset_annotations,0.02570526159388796,Low (<10%)
1072,cd06fb2c377f744320f544860b290b77052ddcec4f2ba683f0d37ec891ffb897.png,75,70-80,authoritative_subset_annotations,NAU_2,authoritative_subset_annotations,Post-Flowering,authoritative_subset_annotations,0.080765886344877,Low (<10%)
1073,cd21833aed2e2dc8ac96f8f1b4cf88c76138a8c672292ad58dde1df47959b009.png,65,60-70,authoritative_subset_annotations,UQ_11,authoritative_subset_annotations,Post-Flowering,authoritative_subset_annotations,0.052232630349755345,Low (<10%)
1074,cd39b343cb7db80060b26cb98dc58010cc6f42cf4f92be5f2cf92db3227e4320.png,36,30-40,authoritative_subset_annotations,Ukyoto_1,authoritative_subset_annotations,Post-Flowering,authoritative_subset_annotations,0.1947510032885337,Medium (10-30%)
1075,cd6a1becf70c3d1fbc8315f96d9374161e0debc9cb741b96c4f534cebadf4d07.png,26,20-30,authoritative_subset_annotations,CIMMYT_3,authoritative_subset_annotations,Post-Flowering,authoritative_subset_annotations,0.029177335635629385,Low (<10%)
1076,cd77ed0632f3a5844cfb1ab23322ce5377c448b3bdca8b4cf9289ef676b94256.png,0,0-10,authoritative_subset_annotations,Terraref_2,authoritative_subset_annotations,Filling,authoritative_subset_annotations,0.0,Low (<10%)
1077,cd7848373a3386c3b89cea364cb73216be27d93f0c38e95628cd8d3af9606452.png,58,50-60,authoritative_subset_annotations,UQ_10,authoritative_subset_annotations,Filling-Ripening,authoritative_subset_annotations,0.042126885837026215,Low (<10%)
1078,cdb8287cd36a751c48a78c75e388c025c83bffe744cf1fcfa2346445a399d45a.png,62,60-70,authoritative_subset_annotations,NAU_3,authoritative_subset_annotations,Filling,authoritative_subset_annotations,0.03832989327205148,Low (<10%)
1079,cdd8ab85f45a003dfc389e202e0678cdbba7a8204783d8a4a986061b56484c4f.png,56,50-60,authoritative_subset_annotations,NAU_3,authoritative_subset_annotations,Filling,authoritative_subset_annotations,0.02143880911303152,Low (<10%)
1080,cddb1b8c0bf0eb62b7556dca3b9d97a333d65ef9aad82340915654d29de79fcf.png,38,30-40,authoritative_subset_annotations,NAU_3,authoritative_subset_annotations,Filling,authoritative_subset_annotations,0.18385083901757768,Medium (10-30%)
1081,cdeed773a20c4a2e0ea0a440e8ede7cc3bb571a12a69a6eb719133597fbf9e26.png,69,60-70,authoritative_subset_annotations,KSU_3,authoritative_subset_annotations,Filling,authoritative_subset_annotations,0.09183328377711253,Low (<10%)
1082,ce1406cd5b449e2fd468c857e542b10b566516d45e45dd0a5b349007b386f235.png,38,30-40,authoritative_subset_annotations,NAU_2,authoritative_subset_annotations,Post-Flowering,authoritative_subset_annotations,0.08792740061491396,Low (<10%)
1083,ce3bfb8078a65d96397e359e2d40f50ccede66d860efba095e9b5b83fb0a4b79.png,46,40-50,authoritative_subset_annotations,KSU_2,authoritative_subset_annotations,Post-Flowering,authoritative_subset_annotations,0.07401790636600736,Low (<10%)
1084,ce47e182ec256d74a337806e5ec4043d7185ad4441592ec039e7c5e9fcec084e.png,0,0-10,authoritative_subset_annotations,CIMMYT_3,authoritative_subset_annotations,Post-Flowering,authoritative_subset_annotations,0.0,Low (<10%)
1085,ceea959db33570a352c694c23765cc942b1d1893a1f07578af8039f4c28f801a.png,38,30-40,authoritative_subset_annotations,CIMMYT_1,authoritative_subset_annotations,Post-Flowering,authoritative_subset_annotations,0.08833754092342312,Low (<10%)
1086,cf447e045ae0367557aec0a6b825f4593704aeb44b34936c14ee5d1ac02dacd0.png,39,30-40,authoritative_subset_annotations,NAU_2,authoritative_subset_annotations,Post-Flowering,authoritative_subset_annotations,0.027250261612957568,Low (<10%)
1087,cfb87aa9cc3d94f6d3b20d553bd9fab9c80da0e88fb74f96ad97ab44015cc92c.png,43,40-50,authoritative_subset_annotations,KSU_2,authoritative_subset_annotations,Post-Flowering,authoritative_subset_annotations,0.09278914528953432,Low (<10%)
1088,cfdc2e3d8ed556f6b695f04d49d1f39694585cfe588968ea2ebee95142cd120d.png,66,60-70,authoritative_subset_annotations,KSU_1,authoritative_subset_annotations,Post-Flowering,authoritative_subset_annotations,0.20377541647326483,Medium (10-30%)
1089,cff8ae6f472846ad091890848bab91035b0f1b5bd9c65c63354433039ddb09e0.png,38,30-40,authoritative_subset_annotations,NAU_2,authoritative_subset_annotations,Post-Flowering,authoritative_subset_annotations,0.07535344589838644,Low (<10%)
1090,cffb972f0c931bbb03a1ba535a51ea885e0c2c52955d7091d1aba1b08ed69dd0.png,51,50-60,authoritative_subset_annotations,KSU_4,authoritative_subset_annotations,Ripening,authoritative_subset_annotations,0.15515798498005884,Medium (10-30%)
1091,d004f0443fd436de6d0915f87042d3dbb79c6b031921b2b1a18da5f335e74aec.png,23,20-30,authoritative_subset_annotations,CIMMYT_1,authoritative_subset_annotations,Post-Flowering,authoritative_subset_annotations,0.0936185561319855,Low (<10%)
1092,d02b89cf2f2ba0909663c563618314a3f988b85fbb8fb1cedf6a49971af59f8b.png,32,30-40,authoritative_subset_annotations,Terraref_1,authoritative_subset_annotations,Ripening,authoritative_subset_annotations,0.1440270979363609,Medium (10-30%)
1093,d02f356d8dee3ab7f8fdf5f1aaa54e1a7b9074a90b2e46fed98ea82f819de6ad.png,0,0-10,authoritative_subset_annotations,CIMMYT_3,authoritative_subset_annotations,Post-Flowering,authoritative_subset_annotations,0.0,Low (<10%)
1094,d0422800563470ebe1f23d10babef371476f2c1ad513705b805bce0f7ded2038.png,44,40-50,authoritative_subset_annotations,UQ_10,authoritative_subset_annotations,Filling-Ripening,authoritative_subset_annotations,0.051410862413060164,Low (<10%)
1095,d06760ed33e761dfbb9d6fc027a812af77bdc286c9de3be35a091cbacbf94990.png,27,20-30,authoritative_subset_annotations,Terraref_1,authoritative_subset_annotations,Ripening,authoritative_subset_annotations,0.026711817403434326,Low (<10%)
1096,d068990a23d5a2c01f13a2c9602cf9c8ff59f7a4c8d3af920dba314ca5071351.png,38,30-40,authoritative_subset_annotations,UQ_11,authoritative_subset_annotations,Post-Flowering,authoritative_subset_annotations,0.01757663888160274,Low (<10%)
1097,d06cde21dfcec500c367f025cba22eb1a7c56624b40328bd181f9aa39f0d93f0.png,47,40-50,authoritative_subset_annotations,NAU_3,authoritative_subset_annotations,Filling,authoritative_subset_annotations,0.31187393862825785,High (>30%)
1098,d06dcfc1f688a26e71b563ab060daed8b94947898717d3ec86808b3c6fd35aa0.png,34,30-40,authoritative_subset_annotations,NAU_3,authoritative_subset_annotations,Filling,authoritative_subset_annotations,0.010162774089080277,Low (<10%)
1099,d079f1472248aab79052f49716820775091054a57593f71c2e7df3ec4e9ec5ef.png,26,20-30,authoritative_subset_annotations,NAU_3,authoritative_subset_annotations,Filling,authoritative_subset_annotations,0.12652346489969196,Medium (10-30%)
1100,d09a7b16dbc28417c502128b1d77049d5d4a994f674e78e39c3b74b4ec4a4e20.png,61,60-70,authoritative_subset_annotations,UQ_10,authoritative_subset_annotations,Filling-Ripening,authoritative_subset_annotations,0.05126038577555395,Low (<10%)
1101,d0a4a7751bac91cc2b017d65177fd292f0c01a45039f36607010a3bb14ec0f0d.png,29,20-30,authoritative_subset_annotations,NAU_3,authoritative_subset_annotations,Filling,authoritative_subset_annotations,0.06565951460652043,Low (<10%)
1102,d0d0ad5eaad6e38e3a2878ce061ee020acbd5a03b6c4e5ab0341b76722627fcb.png,43,40-50,authoritative_subset_annotations,KSU_2,authoritative_subset_annotations,Post-Flowering,authoritative_subset_annotations,0.04083018497006128,Low (<10%)
1103,d0dc3de7d3ef88e34a1004a48b093055f85fcfadb32ebb0c0f33a2f9131409d3.png,136,>100,authoritative_subset_annotations,UQ_8,authoritative_subset_annotations,Ripening,authoritative_subset_annotations,0.1775475920079848,Medium (10-30%)
1104,d0f1a8451d2cb2a101f0c3a7bba385c25e8af28534e3520fc840318dedc1e798.png,57,50-60,authoritative_subset_annotations,KSU_2,authoritative_subset_annotations,Post-Flowering,authoritative_subset_annotations,0.02410851955858491,Low (<10%)
1105,d1009135105bf90c1e7e919f03b1fe7345755332adc9acc66ce85f34827abae7.png,48,40-50,authoritative_subset_annotations,KSU_1,authoritative_subset_annotations,Post-Flowering,authoritative_subset_annotations,0.04749032874046951,Low (<10%)
1106,d13f84ca56c6b2fdad38e0e2c8261d95a8d121e929d5e50bfdada9da5815cacf.png,47,40-50,authoritative_subset_annotations,CIMMYT_1,authoritative_subset_annotations,Post-Flowering,authoritative_subset_annotations,0.0764513053691815,Low (<10%)
1107,d14d6e52c28156d93f79118392ac73f973975a51d7e42824ef2bfc4708044634.png,60,60-70,authoritative_subset_annotations,KSU_2,authoritative_subset_annotations,Post-Flowering,authoritative_subset_annotations,0.06628231485019818,Low (<10%)
1108,d152a0971cf2d8f57e73a7a8bb87af7e3f24275471c63a1087e525253dbf9636.png,95,80-100,authoritative_subset_annotations,UQ_11,authoritative_subset_annotations,Post-Flowering,authoritative_subset_annotations,0.11883121236152619,Medium (10-30%)
1109,d161a45743e0e3ca258e0fb7dd73aa3b1bfa0395bfe2eadfab7d0cd009b83976.png,33,30-40,authoritative_subset_annotations,CIMMYT_3,authoritative_subset_annotations,Post-Flowering,authoritative_subset_annotations,0.0,Low (<10%)
1110,d17abeae4a715247a372b84738b09c24abfff19c49c075ab3dd7522cfda8b05b.png,63,60-70,authoritative_subset_annotations,KSU_2,authoritative_subset_annotations,Post-Flowering,authoritative_subset_annotations,0.1023465418250319,Medium (10-30%)
1111,d1960b0e3885f597a29f714d7b47f463f4c704594266f97c9261d8237e9a1068.png,47,40-50,authoritative_subset_annotations,Terraref_1,authoritative_subset_annotations,Ripening,authoritative_subset_annotations,0.036632603923861785,Low (<10%)
1112,d2182b991db8ede4ea62e4f8392f7366b0cd503370f26b26f9e34c0bc6bb9149.png,73,70-80,authoritative_subset_annotations,KSU_1,authoritative_subset_annotations,Post-Flowering,authoritative_subset_annotations,0.15630660170947547,Medium (10-30%)
1113,d2ce117b6dc52fc6acade9bdc72a39aceab4ea9255a58898c322ec78fb3d18a5.png,0,0-10,authoritative_subset_annotations,Terraref_2,authoritative_subset_annotations,Filling,authoritative_subset_annotations,0.0,Low (<10%)
1114,d2f1fe3b24145f93498344d8d8c5c8a600bcbea1783e810cc02b6a67c18f3fa7.png,31,30-40,authoritative_subset_annotations,Terraref_1,authoritative_subset_annotations,Ripening,authoritative_subset_annotations,0.032388267168062986,Low (<10%)
1115,d3418458c7392ea0f23a0d891a82931e8490e2ec71520562ed7a5e5d01ff3e54.png,68,60-70,authoritative_subset_annotations,KSU_2,authoritative_subset_annotations,Post-Flowering,authoritative_subset_annotations,0.0966946350770327,Low (<10%)
1116,d38b9abf190b70b04ecd8f8d9c22f503b18c86f12a0d402a007bc5a6861b2eb2.png,86,80-100,authoritative_subset_annotations,UQ_9,authoritative_subset_annotations,Filling-Ripening,authoritative_subset_annotations,0.18324826550753595,Medium (10-30%)
1117,d3a8ef9277ea300610b4b742e36abbc5f6ff91a78ad126f0afedf371e50f1149.png,43,40-50,authoritative_subset_annotations,CIMMYT_1,authoritative_subset_annotations,Post-Flowering,authoritative_subset_annotations,0.24999047866114021,Medium (10-30%)
1118,d3eeabd433ad3f0335b23b5f801352506b18dd793cb1ccfd30e36a8f9ef6d225.png,36,30-40,authoritative_subset_annotations,CIMMYT_1,authoritative_subset_annotations,Post-Flowering,authoritative_subset_annotations,0.08060801756893227,Low (<10%)
1119,d3fdea3b05949f124ab4ef0267f463c9083133bf69c7c2d311ecc28c48b7b281.png,141,>100,authoritative_subset_annotations,UQ_8,authoritative_subset_annotations,Ripening,authoritative_subset_annotations,0.11318088305582913,Medium (10-30%)
1120,d43cd785bafc295f3a0aa22542d67d6f33194a5acdd0ce93be9e3631c5c2a205.png,46,40-50,authoritative_subset_annotations,KSU_2,authoritative_subset_annotations,Post-Flowering,authoritative_subset_annotations,0.05266680176595558,Low (<10%)
1121,d468129b29b41369199b70513d9f550335caa3f6c44dabfbb60614ec2ded56a4.png,58,50-60,authoritative_subset_annotations,KSU_3,authoritative_subset_annotations,Filling,authoritative_subset_annotations,0.01313676314181193,Low (<10%)
1122,d47f493ba92b292378a1863a4b1ff9eb28d2efd95efe6b79e728d7c60b500db2.png,0,0-10,authoritative_subset_annotations,Terraref_2,authoritative_subset_annotations,Filling,authoritative_subset_annotations,0.0,Low (<10%)
1123,d49f461beae873675ae352b9f73e7072c78620b9e3bdf39584daba1375767824.png,11,10-20,authoritative_subset_annotations,Terraref_1,authoritative_subset_annotations,Ripening,authoritative_subset_annotations,0.0671545336538163,Low (<10%)
1124,d4ae9c2180ce6013bddca86d5ef93407c8e4898f5be17a8cb7cc3ce88880318e.png,23,20-30,authoritative_subset_annotations,CIMMYT_3,authoritative_subset_annotations,Post-Flowering,authoritative_subset_annotations,0.10449273541480145,Medium (10-30%)
1125,d4c54a62ca97d94bf3777e3396c42428747c869f4f2f70646bd29adcb4d486d2.png,11,10-20,authoritative_subset_annotations,Terraref_2,authoritative_subset_annotations,Filling,authoritative_subset_annotations,0.048593334975123165,Low (<10%)
1126,d56903e94b924945aa15e62a24fbe97adc7c3fa290d5fbca1c94fd308db3dfbe.png,121,>100,authoritative_subset_annotations,UQ_8,authoritative_subset_annotations,Ripening,authoritative_subset_annotations,0.14352258308607987,Medium (10-30%)
1127,d56bf55ec06ad15d821a2d8b7fe18bdf73384940577ef44f24c1de1675003574.png,64,60-70,authoritative_subset_annotations,KSU_2,authoritative_subset_annotations,Post-Flowering,authoritative_subset_annotations,0.10991578922712478,Medium (10-30%)
1128,d584b351fa94dc1d208efb135cc4c78a526314ff3007b3082906ea4f0d1fb0d4.png,44,40-50,authoritative_subset_annotations,Terraref_1,authoritative_subset_annotations,Ripening,authoritative_subset_annotations,0.041137532206321326,Low (<10%)
1129,d5abfdbd63a0d137f610cd4de02cb9ec29c27d4e2861548df0c3043bcf7f87d7.png,63,60-70,authoritative_subset_annotations,UQ_10,authoritative_subset_annotations,Filling-Ripening,authoritative_subset_annotations,0.03781990058589175,Low (<10%)
1130,d5da63921f08d5903777fe52cde2862f06a2e75269734b263681616b39eaee82.png,38,30-40,authoritative_subset_annotations,Ukyoto_1,authoritative_subset_annotations,Post-Flowering,authoritative_subset_annotations,0.15503294615525368,Medium (10-30%)
1131,d5ec48a6de1bd1e260c04b10862daffb08f8bd0df13e120ded4fafcd0cc02930.png,48,40-50,authoritative_subset_annotations,UQ_11,authoritative_subset_annotations,Post-Flowering,authoritative_subset_annotations,0.08748531704993075,Low (<10%)
1132,d5f6e0db7f506e7a13922d887950b2d84f1b53ecbb97da552f3d6f499ebfc938.png,54,50-60,authoritative_subset_annotations,KSU_3,authoritative_subset_annotations,Filling,authoritative_subset_annotations,0.09075105341944081,Low (<10%)
1133,d6013aa5c1167572e5ae0ce5c5e4756e57ab1a0cd5f4d3556f51f2a86685af95.png,38,30-40,authoritative_subset_annotations,CIMMYT_1,authoritative_subset_annotations,Post-Flowering,authoritative_subset_annotations,0.19033834608562863,Medium (10-30%)
1134,d602b35796d467379242ecd661e190c869481665689dd74700d892eda9b46f5b.png,103,>100,authoritative_subset_annotations,UQ_8,authoritative_subset_annotations,Ripening,authoritative_subset_annotations,0.1240493024630103,Medium (10-30%)
1135,d610392afc4a4d95ce208c84ffa35560bac75064450eb3d2b9517c3c7a8f7880.png,77,70-80,authoritative_subset_annotations,KSU_4,authoritative_subset_annotations,Ripening,authoritative_subset_annotations,0.2231048776853031,Medium (10-30%)
1136,d642d839047421f64c09613d0aea54cebb9a0a4790d0b2af0078d8b1b26f66cc.png,127,>100,authoritative_subset_annotations,UQ_8,authoritative_subset_annotations,Ripening,authoritative_subset_annotations,0.15343782493973093,Medium (10-30%)
1137,d6483b471a3498d87bf65af211565c1b5c92c12b4c71ce1f102090ce55966899.png,69,60-70,authoritative_subset_annotations,KSU_3,authoritative_subset_annotations,Filling,authoritative_subset_annotations,0.16565624602368967,Medium (10-30%)
1138,d648dcce2cb190042b8469c026413d8d5586e2a73a6429c9deb7eaf3c35e779c.png,93,80-100,authoritative_subset_annotations,NAU_3,authoritative_subset_annotations,Filling,authoritative_subset_annotations,0.023065873131882252,Low (<10%)
1139,d668210b6ecbcf3f33b7c22750eb8fc997a9d8666ac580af522015c520983083.png,49,40-50,authoritative_subset_annotations,KSU_4,authoritative_subset_annotations,Ripening,authoritative_subset_annotations,0.200985149929206,Medium (10-30%)
1140,d6b2f4ba7bf4710735d8b1d26267d87f1df475b285e38ff539ee6fc5a4ed0803.png,88,80-100,authoritative_subset_annotations,UQ_7,authoritative_subset_annotations,Ripening,authoritative_subset_annotations,0.14776126477487794,Medium (10-30%)
1141,d6cade886cafaf8eba5c2816b74b627ac477871f728ac1f0a2d7e324c7a33a90.png,53,50-60,authoritative_subset_annotations,KSU_4,authoritative_subset_annotations,Ripening,authoritative_subset_annotations,0.07679888537426441,Low (<10%)
1142,d70c3cc905b1a933893cb1fd86658b42a6d3efdc03a67b4c98257bb2e5881c93.png,55,50-60,authoritative_subset_annotations,KSU_3,authoritative_subset_annotations,Filling,authoritative_subset_annotations,0.20850617461555573,Medium (10-30%)
1143,d747d8ff8dda97f935792d36fd8d6cb94f7b72a0e402b6a2419c3974db5f0e58.png,1,0-10,authoritative_subset_annotations,Terraref_2,authoritative_subset_annotations,Filling,authoritative_subset_annotations,0.0,Low (<10%)
1144,d75417c61968926c266bcb2c16749b19b30fccd746fe8c227c06904376460f02.png,32,30-40,authoritative_subset_annotations,CIMMYT_2,authoritative_subset_annotations,Post-Flowering,authoritative_subset_annotations,0.015376122094314722,Low (<10%)
1145,d7949e5d5ea292b62239a7d5464dfab76acce7692fddad8105891fb04e33acc2.png,0,0-10,authoritative_subset_annotations,Terraref_2,authoritative_subset_annotations,Filling,authoritative_subset_annotations,0.0,Low (<10%)
1146,d7abce0736dd2cada3a28a4f8250c8a3e9900cc4fa15ac4cead6d18cb70e9257.png,70,70-80,authoritative_subset_annotations,KSU_4,authoritative_subset_annotations,Ripening,authoritative_subset_annotations,0.051013799455184985,Low (<10%)
1147,d86d7417fa81b0b6d4e551cb8fc2b736d9280f0dd5ca531039908a9616981528.png,18,10-20,authoritative_subset_annotations,NAU_3,authoritative_subset_annotations,Filling,authoritative_subset_annotations,0.0,Low (<10%)
1148,d86da1326d88904cc4a29e79e7cf1aff80edaa32e9d559109b80cf16f9ad327b.png,61,60-70,authoritative_subset_annotations,KSU_1,authoritative_subset_annotations,Post-Flowering,authoritative_subset_annotations,0.12813474311304857,Medium (10-30%)
1149,d8749f000126fb879673221a152d210afaaae9d0f90401293760a8e67fabda1e.png,45,40-50,authoritative_subset_annotations,CIMMYT_1,authoritative_subset_annotations,Post-Flowering,authoritative_subset_annotations,0.023533942480965617,Low (<10%)
1150,d88471d26e355f6935911c03ba8bd2ba3ff68c535f8ac2b9d2f9a53742b9b556.png,63,60-70,authoritative_subset_annotations,KSU_4,authoritative_subset_annotations,Ripening,authoritative_subset_annotations,0.23973150773105595,Medium (10-30%)
1151,d8860c78e3fee9973472713b645eba70754abec4d6371f0b5f41210d9539ef48.png,88,80-100,authoritative_subset_annotations,UQ_10,authoritative_subset_annotations,Filling-Ripening,authoritative_subset_annotations,0.13701098533819417,Medium (10-30%)
1152,d8bae986a0d459bb63e933fbbad25e5da09deebde3947ab6c1b883ecf9b46121.png,37,30-40,authoritative_subset_annotations,Terraref_1,authoritative_subset_annotations,Ripening,authoritative_subset_annotations,0.03829304969926149,Low (<10%)
1153,d8d25f6b993be4c60f560ee561eb3c3261e94aa0b59da11f0e2cdefedbdb3d7e.png,83,80-100,authoritative_subset_annotations,UQ_10,authoritative_subset_annotations,Filling-Ripening,authoritative_subset_annotations,0.114118459813987,Medium (10-30%)
1154,d8dec90229ec967c60f8b5798519030396b2f949338f7b5c8f74ff4ac3c084a1.png,70,70-80,authoritative_subset_annotations,KSU_1,authoritative_subset_annotations,Post-Flowering,authoritative_subset_annotations,0.1315060025969211,Medium (10-30%)
1155,d9370d2da1ba8e3e51ece5075d30d4fd2b5d8ea41c764eff25c1aabc0e74a3ae.png,10,10-20,authoritative_subset_annotations,CIMMYT_3,authoritative_subset_annotations,Post-Flowering,authoritative_subset_annotations,0.07842775582861351,Low (<10%)
1156,d995917295c635ecdd28b0fcc403ca7db8bbbc44e8091beb405e0b65526dbc87.png,44,40-50,authoritative_subset_annotations,CIMMYT_3,authoritative_subset_annotations,Post-Flowering,authoritative_subset_annotations,0.06412498784706154,Low (<10%)
1157,d9982215412ae1954a16388224818a772044989c5dfa6f0a6cf53fcdf7bc2267.png,34,30-40,authoritative_subset_annotations,Terraref_2,authoritative_subset_annotations,Filling,authoritative_subset_annotations,0.026588928406981294,Low (<10%)
1158,da16eb99d48b09d2bf5e46d94f82ec3d925112d52e15916812f2a3f5a25d8edf.png,12,10-20,authoritative_subset_annotations,Terraref_2,authoritative_subset_annotations,Filling,authoritative_subset_annotations,0.0,Low (<10%)
1159,da388b3679ab68b22eb38d3beae3e9a0a3f976d53e5fc5c53a4f5601ee49dd38.png,54,50-60,authoritative_subset_annotations,KSU_3,authoritative_subset_annotations,Filling,authoritative_subset_annotations,0.01627785436137844,Low (<10%)
1160,da552443214473fea87b6ef79f270f23cedfa638bb300097f7010933deec5b78.png,50,50-60,authoritative_subset_annotations,NAU_2,authoritative_subset_annotations,Post-Flowering,authoritative_subset_annotations,0.017738853615175885,Low (<10%)
1161,da9846512ff19b8cd7278c8c973f75d36de8c4eb4e593b8285f6821aae1f4203.png,82,80-100,authoritative_subset_annotations,CIMMYT_1,authoritative_subset_annotations,Post-Flowering,authoritative_subset_annotations,0.22158418762708118,Medium (10-30%)
1162,db0cda675449681a9e3636bbae4d99342be83beea2dc3b2508928ac61797c219.png,29,20-30,authoritative_subset_annotations,Terraref_1,authoritative_subset_annotations,Ripening,authoritative_subset_annotations,0.021198138405552694,Low (<10%)
1163,db37b06beb47f0c4ad1b12200f124a3019d9b114242ab21711b127cbc753c923.png,81,80-100,authoritative_subset_annotations,UQ_10,authoritative_subset_annotations,Filling-Ripening,authoritative_subset_annotations,0.1280915659235603,Medium (10-30%)
1164,db819e038ab46869b66b2360b0862e3393253c20668347e267b1246f4f73abcd.png,47,40-50,authoritative_subset_annotations,UQ_11,authoritative_subset_annotations,Post-Flowering,authoritative_subset_annotations,0.041495197640472874,Low (<10%)
1165,db84f6d543ea29956dcbdea554263f01bd3cc15816094eac58f1dcd09108ff46.png,63,60-70,authoritative_subset_annotations,Ukyoto_1,authoritative_subset_annotations,Post-Flowering,authoritative_subset_annotations,0.2602033534834063,Medium (10-30%)
1166,dbcd36b80125fd6bf478c3ae7d61c343dda401f559eea5f2cbcc7757952213db.png,1,0-10,authoritative_subset_annotations,Terraref_1,authoritative_subset_annotations,Ripening,authoritative_subset_annotations,0.0,Low (<10%)
1167,dc032ab81a5383df1c60ae1a5a828f7ab4100bb0c72d5deed65deef6d6db51be.png,88,80-100,authoritative_subset_annotations,UQ_8,authoritative_subset_annotations,Ripening,authoritative_subset_annotations,0.05745286865172103,Low (<10%)
1168,dc6037f2913f5be96299ef9fe2c6068f4edad0f2a3edfb00de5efe023958e8f8.png,118,>100,authoritative_subset_annotations,UQ_10,authoritative_subset_annotations,Filling-Ripening,authoritative_subset_annotations,0.11840554593867196,Medium (10-30%)
1169,dc66a2eeccbadacfee09eabb2f00b5e29e4c3b50cb37ae981ca1430ec1378997.png,93,80-100,authoritative_subset_annotations,KSU_1,authoritative_subset_annotations,Post-Flowering,authoritative_subset_annotations,0.14058050670331465,Medium (10-30%)
1170,dc6729a3d006feb4decbedafad25766765b0b1e45a6b251243a1f80803dbb2bd.png,18,10-20,authoritative_subset_annotations,Terraref_2,authoritative_subset_annotations,Filling,authoritative_subset_annotations,0.04361738337012807,Low (<10%)
1171,dcb0e485ce1da60c6819fe3a389c9825712efa5091038e48b423c47f1c76d762.png,40,40-50,authoritative_subset_annotations,CIMMYT_1,authoritative_subset_annotations,Post-Flowering,authoritative_subset_annotations,0.1786246436808625,Medium (10-30%)
1172,dcb0fe5edafcc1022246d3dcd6920964fa3aa38f671fbd5f6b11ea7786518536.png,51,50-60,authoritative_subset_annotations,KSU_2,authoritative_subset_annotations,Post-Flowering,authoritative_subset_annotations,0.09037905077833527,Low (<10%)
1173,dcd3d26d50e394543c02cf1a4fe6d91129c4c736a83cfd8dd69b80a0a8b4e8d7.png,28,20-30,authoritative_subset_annotations,Terraref_2,authoritative_subset_annotations,Filling,authoritative_subset_annotations,0.036565238532451645,Low (<10%)
1174,dd38a534e161b0f45d1b24fb4cf200b745e9ff2b7815e12ba1780b118ab01f05.png,68,60-70,authoritative_subset_annotations,UQ_11,authoritative_subset_annotations,Post-Flowering,authoritative_subset_annotations,0.06903033637439367,Low (<10%)
1175,dd5c0925d61fc2a4f9b88d7536ef64d7b4c8c7651034aef1540252ab882de596.png,21,20-30,authoritative_subset_annotations,Terraref_2,authoritative_subset_annotations,Filling,authoritative_subset_annotations,0.11973366033355516,Medium (10-30%)
1176,dd7deb17ffb0191dd839ca9ab6441aae406e0e497b9cf473a086d71ca0729833.png,74,70-80,authoritative_subset_annotations,NAU_3,authoritative_subset_annotations,Filling,authoritative_subset_annotations,0.08581698454224553,Low (<10%)
1177,de2aa686ff19a11da8a871ca42abfc929e89b155932cc54676ad0ddb3b02ce88.png,77,70-80,authoritative_subset_annotations,UQ_9,authoritative_subset_annotations,Filling-Ripening,authoritative_subset_annotations,0.2722141767872363,Medium (10-30%)
1178,de4f1a00bb504bebe4024450e085f9cd01c208d483abb4300cd67d29d86ac68a.png,62,60-70,authoritative_subset_annotations,KSU_1,authoritative_subset_annotations,Post-Flowering,authoritative_subset_annotations,0.2177373544084735,Medium (10-30%)
1179,de8425cfb4eb56f85d6baa35a6eff48201523414908129cf7089e0fcdb966dcc.png,51,50-60,authoritative_subset_annotations,CIMMYT_1,authoritative_subset_annotations,Post-Flowering,authoritative_subset_annotations,0.22131104960566822,Medium (10-30%)
1180,deee34ff54a1feac596f0ea3700836bf27b8b434bc48aaa00d277fff9ad78985.png,98,80-100,authoritative_subset_annotations,UQ_8,authoritative_subset_annotations,Ripening,authoritative_subset_annotations,0.15395983053011905,Medium (10-30%)
1181,df1f0fb5a577e7d493572ad59972b9ea2731ae29577dae1ad5d7a288e4d33154.png,46,40-50,authoritative_subset_annotations,KSU_2,authoritative_subset_annotations,Post-Flowering,authoritative_subset_annotations,0.059435612532784454,Low (<10%)
1182,dfa347a384dfec3e94681ae556577b0a233ff26dc4a849df11d27f3274ab3f4c.png,26,20-30,authoritative_subset_annotations,CIMMYT_2,authoritative_subset_annotations,Post-Flowering,authoritative_subset_annotations,0.09216762156337782,Low (<10%)
1183,e059af8ebcd9205187640dab196a6d5b0fdbfc23638ea8d870390f36406c6333.png,49,40-50,authoritative_subset_annotations,NAU_3,authoritative_subset_annotations,Filling,authoritative_subset_annotations,0.029100188875319424,Low (<10%)
1184,e0819b8932e29342ddba7c745b8b6910721670860632f1c1f6a54d4a613bbe8f.png,37,30-40,authoritative_subset_annotations,CIMMYT_2,authoritative_subset_annotations,Post-Flowering,authoritative_subset_annotations,0.016154622227181347,Low (<10%)
1185,e089cc52821c68430d8051724324006f07fd818961e3657131589fac0be20603.png,61,60-70,authoritative_subset_annotations,KSU_2,authoritative_subset_annotations,Post-Flowering,authoritative_subset_annotations,0.10581040318284288,Medium (10-30%)
1186,e08f279237147a5e611a8557d843905aa46c3669e272bebfd7f6340d877aa6a0.png,31,30-40,authoritative_subset_annotations,UQ_10,authoritative_subset_annotations,Filling-Ripening,authoritative_subset_annotations,0.015282077413168695,Low (<10%)
1187,e09b834fd4fdec423a04b595944da8c9b71d5ad67e83935a77cb3c3868ce5fb7.png,41,40-50,authoritative_subset_annotations,NAU_3,authoritative_subset_annotations,Filling,authoritative_subset_annotations,0.04222694804875543,Low (<10%)
1188,e0b0ec0c7f5168ed4d50da37290a2d26dc1783c3fbcff57aa26eaaf25951f75d.png,52,50-60,authoritative_subset_annotations,NAU_3,authoritative_subset_annotations,Filling,authoritative_subset_annotations,0.04340868362512911,Low (<10%)
1189,e0d728a7dcd54d70322b081e870e51e4405ac310ab42056eda20d32be91e0713.png,59,50-60,authoritative_subset_annotations,CIMMYT_2,authoritative_subset_annotations,Post-Flowering,authoritative_subset_annotations,0.050820375704836045,Low (<10%)
1190,e115d6f22fae5d2a32a23423dadd6bdec91fadeca906faa769e0ddad64169743.png,52,50-60,authoritative_subset_annotations,KSU_2,authoritative_subset_annotations,Post-Flowering,authoritative_subset_annotations,0.040402159061640915,Low (<10%)
1191,e11e3051b929829b59b4d067e9c691f0fa37ca4a4258f9f9be7a434daa45f9df.png,62,60-70,authoritative_subset_annotations,KSU_1,authoritative_subset_annotations,Post-Flowering,authoritative_subset_annotations,0.18173225002829235,Medium (10-30%)
1192,e1891df13ec6adc9c5a21a33f3fba9cbbe9909396165b2785a34a273e15921ee.png,26,20-30,authoritative_subset_annotations,NAU_3,authoritative_subset_annotations,Filling,authoritative_subset_annotations,0.0410362667579862,Low (<10%)
1193,e1b1a447b5ebd3b31186a534056870fbb13a0b067aaa2109fd9b0fae99a8084b.png,38,30-40,authoritative_subset_annotations,CIMMYT_2,authoritative_subset_annotations,Post-Flowering,authoritative_subset_annotations,0.06672349775368247,Low (<10%)
1194,e2307523b4a5da407a3a7ade3c486f6851342fadb8b1e92131066e41d06b0025.png,72,70-80,authoritative_subset_annotations,KSU_3,authoritative_subset_annotations,Filling,authoritative_subset_annotations,0.05434660335844433,Low (<10%)
1195,e2823a9e22caf06614588bbf2fee38cb365d123495db8e836816269769d7eadf.png,28,20-30,authoritative_subset_annotations,KSU_2,authoritative_subset_annotations,Post-Flowering,authoritative_subset_annotations,0.03369389132789615,Low (<10%)
1196,e285e3e6032aeb537a81022cc0fe74b03a68194ee19d5bbe098556af5d388584.png,65,60-70,authoritative_subset_annotations,KSU_1,authoritative_subset_annotations,Post-Flowering,authoritative_subset_annotations,0.10922276373162866,Medium (10-30%)
1197,e2c3455407084517b9833df5b7a088b1eea2af4af752270ad07a2b23211fcb40.png,27,20-30,authoritative_subset_annotations,CIMMYT_3,authoritative_subset_annotations,Post-Flowering,authoritative_subset_annotations,0.07440793581634585,Low (<10%)
1198,e2d602135fc3bb82d0067b94125043a0d295971ddf4c26d7386090a12e265d25.png,41,40-50,authoritative_subset_annotations,Terraref_1,authoritative_subset_annotations,Ripening,authoritative_subset_annotations,0.017309276524186196,Low (<10%)
1199,e30d76ff2c0660896fb796cc414dd03f28ae375a73fe26bf3837e852206707a6.png,63,60-70,authoritative_subset_annotations,KSU_4,authoritative_subset_annotations,Ripening,authoritative_subset_annotations,0.05349667561958322,Low (<10%)
1200,e31e44d05ec7c673c77cfd225e8e7871729c9fa535562e05610370bef05ba4e2.png,26,20-30,authoritative_subset_annotations,ARC_1,authoritative_subset_annotations,Filling,authoritative_subset_annotations,0.07804094443871963,Low (<10%)
1201,e35546b97b2fde25132a57d6ddb7a13da01e884d50d7d6689939dbf2a4434e91.png,101,>100,authoritative_subset_annotations,UQ_10,authoritative_subset_annotations,Filling-Ripening,authoritative_subset_annotations,0.11206165646861153,Medium (10-30%)
1202,e3680862137bce23b62a7ded01d3b0675a5fe066a1e06fffcd00358707ca17d4.png,45,40-50,authoritative_subset_annotations,CIMMYT_2,authoritative_subset_annotations,Post-Flowering,authoritative_subset_annotations,0.0134850585066186,Low (<10%)
1203,e3d17c11a151c925e05cf1e114188ab063b3c46dc958a459c7a64abd8ffca4d9.png,61,60-70,authoritative_subset_annotations,UQ_9,authoritative_subset_annotations,Filling-Ripening,authoritative_subset_annotations,0.11917237371371324,Medium (10-30%)
1204,e42f254480293504fb90c6497cb342adcbdea750181f698b5ded73b9cf207be2.png,51,50-60,authoritative_subset_annotations,NAU_2,authoritative_subset_annotations,Post-Flowering,authoritative_subset_annotations,0.15960146218053303,Medium (10-30%)
1205,e4401498c0dbad8c151d37cea0727a9e664ee195d2081f33d923575ad332e6ec.png,0,0-10,authoritative_subset_annotations,CIMMYT_3,authoritative_subset_annotations,Post-Flowering,authoritative_subset_annotations,0.0,Low (<10%)
1206,e4a42832b0f767fdfb3193cffe4a86538e3040b9789a9bd053f93d434dfa5201.png,5,0-10,authoritative_subset_annotations,Terraref_1,authoritative_subset_annotations,Ripening,authoritative_subset_annotations,0.21596491228070175,Medium (10-30%)
1207,e4a9e63d4e37cdc4340320d768285a024d7c49200e98595aee0314f25280d20b.png,20,20-30,authoritative_subset_annotations,Terraref_2,authoritative_subset_annotations,Filling,authoritative_subset_annotations,0.006554977228366949,Low (<10%)
1208,e4ba867d662c97078088b5aaa856e5bef0298d7b157f14552d3010d1167dda25.png,0,0-10,authoritative_subset_annotations,CIMMYT_2,authoritative_subset_annotations,Post-Flowering,authoritative_subset_annotations,0.0,Low (<10%)
1209,e50d9c506a7e15e8a8f1ba64db139ee5cfc89bb0a718e11e69084b519d23d78a.png,51,50-60,authoritative_subset_annotations,UQ_10,authoritative_subset_annotations,Filling-Ripening,authoritative_subset_annotations,0.0349960305763795,Low (<10%)
1210,e535384eda9d0f9c6ac57dd9397d5d614e4cad48c144d861dc83b039ac327a18.png,41,40-50,authoritative_subset_annotations,UQ_7,authoritative_subset_annotations,Ripening,authoritative_subset_annotations,0.06089721788766442,Low (<10%)
1211,e56ac5ce6bbff3ebf4c1fe5fc016116e832b72d2dd8fde20be7d7851126bdc05.png,76,70-80,authoritative_subset_annotations,UQ_10,authoritative_subset_annotations,Filling-Ripening,authoritative_subset_annotations,0.1156500139057027,Medium (10-30%)
1212,e59b1e5014293e1e74dbc2aa6fac9775ab8ed16fc2734e855edd5499168bb7bb.png,21,20-30,authoritative_subset_annotations,KSU_3,authoritative_subset_annotations,Filling,authoritative_subset_annotations,0.09100007397632981,Low (<10%)
1213,e5bc458b7c2429ac47c52d38f5050b5ba4807a0b63b20d067785911bf190fc8a.png,29,20-30,authoritative_subset_annotations,Terraref_1,authoritative_subset_annotations,Ripening,authoritative_subset_annotations,0.002280090723868835,Low (<10%)
1214,e5c9357c6d472bb6cab4ddfa582ba3177e96f7b3e6b9f3cc831ccbe033919f2c.png,26,20-30,authoritative_subset_annotations,NAU_3,authoritative_subset_annotations,Filling,authoritative_subset_annotations,0.030417827419008243,Low (<10%)
1215,e5d85268b53fb94e79d66c51504ee9d13c153e0f8e6e7859664eb98ea7ce57f7.png,38,30-40,authoritative_subset_annotations,KSU_1,authoritative_subset_annotations,Post-Flowering,authoritative_subset_annotations,0.13682159807103306,Medium (10-30%)
1216,e5db92c6cdbce3e1740e1825a7eff5c4c4ecd56f3bfb5b0bd11cb1430f46d167.png,44,40-50,authoritative_subset_annotations,Terraref_1,authoritative_subset_annotations,Ripening,authoritative_subset_annotations,0.03795865659129848,Low (<10%)
1217,e5e073ef86b1fde3315ba9041469d342772af6fe46b6c1c5c997d88c972a40ee.png,36,30-40,authoritative_subset_annotations,UQ_11,authoritative_subset_annotations,Post-Flowering,authoritative_subset_annotations,0.01891998423334647,Low (<10%)
1218,e5f0e13de3136ddc226a7b18ca1a237fe75822752311a5d84c24f8e8834c286a.png,190,>100,authoritative_subset_annotations,UQ_8,authoritative_subset_annotations,Ripening,authoritative_subset_annotations,0.14416425962398807,Medium (10-30%)
1219,e64ac12348e6e7876c9f9ad0c694811fa5ee161100cbfc1cc43738c20e7e53a7.png,46,40-50,authoritative_subset_annotations,ARC_1,authoritative_subset_annotations,Filling,authoritative_subset_annotations,0.186668864659691,Medium (10-30%)
1220,e66306481b2c379d48aa1f4de43bd29d23248482ddd404cc40286814ecd2a4d9.png,47,40-50,authoritative_subset_annotations,Terraref_1,authoritative_subset_annotations,Ripening,authoritative_subset_annotations,0.011081410110430536,Low (<10%)
1221,e6647bfb801f3c4805c4dbe3728d282cbaa2c27533c7182e2be1909cf8dc0023.png,33,30-40,authoritative_subset_annotations,UQ_9,authoritative_subset_annotations,Filling-Ripening,authoritative_subset_annotations,0.05749327957814608,Low (<10%)
1222,e68aeec1109f02d36dbf967ca62a20ed57b9a6d4186df579bcd522f80800d971.png,52,50-60,authoritative_subset_annotations,KSU_2,authoritative_subset_annotations,Post-Flowering,authoritative_subset_annotations,0.052173034599093164,Low (<10%)
1223,e690b29e8adeab0c86a3fa94cd63de2d67c879b6aaa57ac8e063874040a72aea.png,28,20-30,authoritative_subset_annotations,CIMMYT_3,authoritative_subset_annotations,Post-Flowering,authoritative_subset_annotations,0.07624545117881025,Low (<10%)
1224,e69f493af388b9eea8715cb57ecf2585ecf43b53fc02faa2cd70e10ea1051382.png,117,>100,authoritative_subset_annotations,UQ_10,authoritative_subset_annotations,Filling-Ripening,authoritative_subset_annotations,0.12355670897389255,Medium (10-30%)
1225,e6a363ed6b95de946d022012b056c1dee46129d39f3fa3b8fbe6b426f1970fc8.png,44,40-50,authoritative_subset_annotations,CIMMYT_1,authoritative_subset_annotations,Post-Flowering,authoritative_subset_annotations,0.03423482034185052,Low (<10%)
1226,e6b6b1e3c622d4b8adcc872f340170b8a3571200421359c65c697e71169bd85a.png,41,40-50,authoritative_subset_annotations,KSU_3,authoritative_subset_annotations,Filling,authoritative_subset_annotations,0.06496645006981754,Low (<10%)
1227,e6e9c9c6c4622247326daff48e1a2a0fa9fa300e0780ca75517d3a7eced07bac.png,27,20-30,authoritative_subset_annotations,ARC_1,authoritative_subset_annotations,Filling,authoritative_subset_annotations,0.10239255620284701,Medium (10-30%)
1228,e72afdade68d92970c9f1cf624250ae0e61a4932022578e3cec2c151ee19be93.png,42,40-50,authoritative_subset_annotations,CIMMYT_1,authoritative_subset_annotations,Post-Flowering,authoritative_subset_annotations,0.08172815794531266,Low (<10%)
1229,e73f99017ff069f2806051ce68adb1950bd89d1bfce7c960bec49d1f533a192d.png,7,0-10,authoritative_subset_annotations,Terraref_1,authoritative_subset_annotations,Ripening,authoritative_subset_annotations,0.0,Low (<10%)
1230,e772a56be3b881da5d10418a5d89581ffa022b6dd058bf9035b5456c8635a4cc.png,36,30-40,authoritative_subset_annotations,Terraref_1,authoritative_subset_annotations,Ripening,authoritative_subset_annotations,0.0064686518714227315,Low (<10%)
1231,e7cf51623b90ef02e787ccafaf1cda9ba5de78d5bd1e5b16bc8681abc958d430.png,46,40-50,authoritative_subset_annotations,KSU_2,authoritative_subset_annotations,Post-Flowering,authoritative_subset_annotations,0.010086707959153394,Low (<10%)
1232,e7dc65021e59d68da1f0b861bc86a549ed1b9361d0939dd2b5a916aa086da5d8.png,38,30-40,authoritative_subset_annotations,NAU_2,authoritative_subset_annotations,Post-Flowering,authoritative_subset_annotations,0.12456213659400298,Medium (10-30%)
1233,e8120c2a79feebdd5ffe4968831cdee453b8c4b4f41a56947e65615eb51389ce.png,42,40-50,authoritative_subset_annotations,Terraref_1,authoritative_subset_annotations,Ripening,authoritative_subset_annotations,0.0751867917930709,Low (<10%)
1234,e85a55ada3b903e699a82809b35a1ed1f1096807897bba6afb2ed5dac2dc1f37.png,56,50-60,authoritative_subset_annotations,NAU_2,authoritative_subset_annotations,Post-Flowering,authoritative_subset_annotations,0.08439537435834536,Low (<10%)
1235,e8624df27896c724dfc07d7c79fd147682362a1aa9b6b5ef5bb102ebab70a2c7.png,15,10-20,authoritative_subset_annotations,Terraref_1,authoritative_subset_annotations,Ripening,authoritative_subset_annotations,0.016053394340011,Low (<10%)
1236,e86fcf9c02cea25b3301ae0c1b3a87de34e124db25f98924b28701fb7d009c5c.png,59,50-60,authoritative_subset_annotations,KSU_1,authoritative_subset_annotations,Post-Flowering,authoritative_subset_annotations,0.09228281498812833,Low (<10%)
1237,e877ddfab99fb0eb4da5863bcf03beb22631a499678756cd4a81e34eee2c0e3c.png,31,30-40,authoritative_subset_annotations,NAU_2,authoritative_subset_annotations,Post-Flowering,authoritative_subset_annotations,0.013297889173278933,Low (<10%)
1238,e8b62285788ee548db05077ce6e95747c2b74b55913c2adcc03e5c4d7ad82cd9.png,46,40-50,authoritative_subset_annotations,CIMMYT_1,authoritative_subset_annotations,Post-Flowering,authoritative_subset_annotations,0.028296796766542297,Low (<10%)
1239,e91f3cb984e78a63e4867ec9bbb96595b48c3f9bc5c324b1317762cdfa416b45.png,39,30-40,authoritative_subset_annotations,Terraref_1,authoritative_subset_annotations,Ripening,authoritative_subset_annotations,0.025016144087622857,Low (<10%)
1240,e969ac2a1304e7ea1fee2ce0bf478f780ff8d764630669810594da10b3d3f7cb.png,93,80-100,authoritative_subset_annotations,UQ_8,authoritative_subset_annotations,Ripening,authoritative_subset_annotations,0.23920952940032572,Medium (10-30%)
1241,ea1aff68ad5ccca7acd7a887163f59952cada3a927187562060cd6de294bed05.png,89,80-100,authoritative_subset_annotations,KSU_1,authoritative_subset_annotations,Post-Flowering,authoritative_subset_annotations,0.19779662448522473,Medium (10-30%)
1242,ea57bce073b5827556dbd936f1e1cdbc44600a63e3d23bd6bd7e5409f8649098.png,35,30-40,authoritative_subset_annotations,CIMMYT_2,authoritative_subset_annotations,Post-Flowering,authoritative_subset_annotations,0.07378573931499537,Low (<10%)
1243,ea9bd949e8451af6338263b3051720c2e485cb8380b060bc4d90a620037b2172.png,101,>100,authoritative_subset_annotations,UQ_10,authoritative_subset_annotations,Filling-Ripening,authoritative_subset_annotations,0.11470127163140152,Medium (10-30%)
1244,ea9e81272016b40ab8385ea2462ceefde54ba0f7bcf709c189fdb46c6a6fcb67.png,53,50-60,authoritative_subset_annotations,NAU_2,authoritative_subset_annotations,Post-Flowering,authoritative_subset_annotations,0.24718368968595975,Medium (10-30%)
1245,eac60980ae3482fc0e6bbd167cce1ffe739d776670d7382e981947c1795015c6.png,29,20-30,authoritative_subset_annotations,KSU_2,authoritative_subset_annotations,Post-Flowering,authoritative_subset_annotations,0.018852448029471353,Low (<10%)
1246,eadef080d75b367ea253170775bd1b6f271158c9b41e05f05e2efad425acf145.png,70,70-80,authoritative_subset_annotations,NAU_3,authoritative_subset_annotations,Filling,authoritative_subset_annotations,0.08516986575210449,Low (<10%)
1247,eb265623dd7cf7a45f33db75a9b1ed96f7e9fc7d3e84aa78d50f7eeecd4b422f.png,64,60-70,authoritative_subset_annotations,KSU_3,authoritative_subset_annotations,Filling,authoritative_subset_annotations,0.09996437334231777,Low (<10%)
1248,ebb682da362db673b2c3a1f107968e9b86d3fd6ca2c729e25f458b4ba97db95a.png,92,80-100,authoritative_subset_annotations,KSU_1,authoritative_subset_annotations,Post-Flowering,authoritative_subset_annotations,0.11213823989290451,Medium (10-30%)
1249,ec14469a8c0064f6535aa8b194526be4169a3c6159e06ba817e1c511a0d040d1.png,37,30-40,authoritative_subset_annotations,Terraref_1,authoritative_subset_annotations,Ripening,authoritative_subset_annotations,0.043890273303886736,Low (<10%)
1250,ec3b6dfe9df2e23869e59c35f506d1828ba2c69ee4e04dd8e37f117e5fc3f932.png,2,0-10,authoritative_subset_annotations,Terraref_2,authoritative_subset_annotations,Filling,authoritative_subset_annotations,0.0,Low (<10%)
1251,ec3c9f287c4170931317f0648fdcad3597a1f1f1f88ccdbe7413dc0042fe8587.png,62,60-70,authoritative_subset_annotations,NAU_3,authoritative_subset_annotations,Filling,authoritative_subset_annotations,0.02887095802022786,Low (<10%)
1252,ec99eeae5a2940cef6615710ad184d8695073739fac1a0b2f71445bf33997df1.png,46,40-50,authoritative_subset_annotations,UQ_11,authoritative_subset_annotations,Post-Flowering,authoritative_subset_annotations,0.06265471273208546,Low (<10%)
1253,ecaeaa8cb6d30eff90ff830764d7889546fc36a32178c95ab67e48b3b0348944.png,37,30-40,authoritative_subset_annotations,KSU_2,authoritative_subset_annotations,Post-Flowering,authoritative_subset_annotations,0.03450791363443994,Low (<10%)
1254,ecf90ff76bd73b92ac90057bb4d178b7e6a3452f77c48841f944f93c7f9cd995.png,39,30-40,authoritative_subset_annotations,KSU_2,authoritative_subset_annotations,Post-Flowering,authoritative_subset_annotations,0.08684374598842298,Low (<10%)
1255,ed1d3b5ac1256641457add42ad17faea7297c0f1693551d690d48c7a39b6fc1a.png,36,30-40,authoritative_subset_annotations,CIMMYT_3,authoritative_subset_annotations,Post-Flowering,authoritative_subset_annotations,0.053630562194080515,Low (<10%)
1256,ed5c7828da21a5a82228302bec395ff398c7f643fe7eff0b00e45ccf1aef1623.png,82,80-100,authoritative_subset_annotations,UQ_7,authoritative_subset_annotations,Ripening,authoritative_subset_annotations,0.09856426210995685,Low (<10%)
1257,ed68aeb690d8ffb7afb5402b3b7be64a71e7c3d465fb6ec3448651b1115231af.png,1,0-10,authoritative_subset_annotations,Terraref_2,authoritative_subset_annotations,Filling,authoritative_subset_annotations,0.0,Low (<10%)
1258,ed9b4f0d6416060fd11581a462bc4fe72eeb6a145d04a19f9f516074ac47f637.png,33,30-40,authoritative_subset_annotations,Terraref_1,authoritative_subset_annotations,Ripening,authoritative_subset_annotations,0.021017887931364335,Low (<10%)
1259,edba6431aecbb9dbec070c535e89cd7c43ba536686dcc8688bed0d02081b7a69.png,47,40-50,authoritative_subset_annotations,Ukyoto_1,authoritative_subset_annotations,Post-Flowering,authoritative_subset_annotations,0.08224281030297861,Low (<10%)
1260,edc4f5c075945b5ee1090f754a556aad4e684db0a54c6f79a7ffc5b7564418ba.png,59,50-60,authoritative_subset_annotations,KSU_3,authoritative_subset_annotations,Filling,authoritative_subset_annotations,0.050651679292239425,Low (<10%)
1261,edc5f47afff2b78ffb404edd39d71a959d3a9be70508153442228e7c410f012b.png,76,70-80,authoritative_subset_annotations,KSU_1,authoritative_subset_annotations,Post-Flowering,authoritative_subset_annotations,0.09394544955811582,Low (<10%)
1262,edd7dd56eb392010f9160979bbf2a798a837087f7a32a602015ccf3ddb07493e.png,49,40-50,authoritative_subset_annotations,KSU_4,authoritative_subset_annotations,Ripening,authoritative_subset_annotations,0.021383468419886392,Low (<10%)
1263,ee18416808e0d37668ed09dc9ccf7a48fc65661d723ed7befc137b3ed1de9dd2.png,59,50-60,authoritative_subset_annotations,KSU_2,authoritative_subset_annotations,Post-Flowering,authoritative_subset_annotations,0.0961519522725958,Low (<10%)
1264,ee536289a7d7cb62af845649d8968f6d88d47e56fd8b127a12484dc678431aca.png,47,40-50,authoritative_subset_annotations,Ukyoto_1,authoritative_subset_annotations,Post-Flowering,authoritative_subset_annotations,0.1317465153776157,Medium (10-30%)
1265,ee62d1b774816de0ee574fbb142e3dca4182e5de93153349b70ddcb6f3f83317.png,75,70-80,authoritative_subset_annotations,UQ_10,authoritative_subset_annotations,Filling-Ripening,authoritative_subset_annotations,0.09693537818956731,Low (<10%)
1266,ee9af2fb2d05c85bee067ca2c3ba5c5ec17a6bf1c6aa66083dda5951a6338864.png,23,20-30,authoritative_subset_annotations,Terraref_2,authoritative_subset_annotations,Filling,authoritative_subset_annotations,0.009617130198812352,Low (<10%)
1267,eebca04c7534a28117d29d192ccdad9e5547b9949f01cd7adfee095911a3efba.png,44,40-50,authoritative_subset_annotations,CIMMYT_2,authoritative_subset_annotations,Post-Flowering,authoritative_subset_annotations,0.07925942632660378,Low (<10%)
1268,eecfe8357c160450d2eba543952418ba9ceb268b55bbe64a3171145d1dfc154d.png,45,40-50,authoritative_subset_annotations,NAU_2,authoritative_subset_annotations,Post-Flowering,authoritative_subset_annotations,0.030121804566806423,Low (<10%)
1269,eed44e6495640aaced21ec027727583d6401851b2ea1c7a95f585877b1db82da.png,54,50-60,authoritative_subset_annotations,KSU_2,authoritative_subset_annotations,Post-Flowering,authoritative_subset_annotations,0.1537836499680754,Medium (10-30%)
1270,ef01de02f6d4bd6f113ab25b09764ab513ad63918b38b0302100604c4b1f82bc.png,48,40-50,authoritative_subset_annotations,Terraref_1,authoritative_subset_annotations,Ripening,authoritative_subset_annotations,0.03130566128782008,Low (<10%)
1271,ef23f37742204651ceacc809f7fe62d4d2c0521ad2c8018e772474429b52ae59.png,33,30-40,authoritative_subset_annotations,KSU_4,authoritative_subset_annotations,Ripening,authoritative_subset_annotations,0.10372333852144257,Medium (10-30%)
1272,ef3eebc3a59029f75f47651df382b62b9bee6c46450a64388d63ea6c08ddce6a.png,66,60-70,authoritative_subset_annotations,KSU_2,authoritative_subset_annotations,Post-Flowering,authoritative_subset_annotations,0.059019731246649644,Low (<10%)
1273,ef6c082bbc1b64b23d42cc09802fffac4f68069104ab47f7f9c2c6a3f30e5ab8.png,36,30-40,authoritative_subset_annotations,KSU_4,authoritative_subset_annotations,Ripening,authoritative_subset_annotations,0.051120986465391954,Low (<10%)
1274,efe190d61f9f793339dd281e272cdbc2b1b6314858a843b0bd7025c453961d56.png,113,>100,authoritative_subset_annotations,UQ_10,authoritative_subset_annotations,Filling-Ripening,authoritative_subset_annotations,0.21283470246996597,Medium (10-30%)
1275,eff4a9c8eeaf43477a5cb9ecfd80398bd4ae55f0d82b3b92bf7a81d97eb73019.png,68,60-70,authoritative_subset_annotations,NAU_3,authoritative_subset_annotations,Filling,authoritative_subset_annotations,0.03821217725269287,Low (<10%)
1276,eff7fa2dcd2ee78cbc32e9b6ac5b24a1878316a9e59b743ff290ce3734652c10.png,43,40-50,authoritative_subset_annotations,KSU_3,authoritative_subset_annotations,Filling,authoritative_subset_annotations,0.037732179391580155,Low (<10%)
1277,f020d518e0e9f6b68dd3e6bd10387d47aef2ba980fb92bd029db3523ff731380.png,28,20-30,authoritative_subset_annotations,Terraref_1,authoritative_subset_annotations,Ripening,authoritative_subset_annotations,0.006463510100117614,Low (<10%)
1278,f03156578d848954e8fce13b8f00e814149a70616f1852e845d4b79f5a385713.png,31,30-40,authoritative_subset_annotations,CIMMYT_2,authoritative_subset_annotations,Post-Flowering,authoritative_subset_annotations,0.03464657879485114,Low (<10%)
1279,f0391a52736027439b84e4ec6b8ccf6f79f212c4ba7f70a23e44a3a4f11b1aa5.png,42,40-50,authoritative_subset_annotations,KSU_2,authoritative_subset_annotations,Post-Flowering,authoritative_subset_annotations,0.05467589871015349,Low (<10%)
1280,f0644c03909a09df28d9bb572e40d449ef32bb17cd420b96e4ed5fc592f87f37.png,100,>100,authoritative_subset_annotations,UQ_10,authoritative_subset_annotations,Filling-Ripening,authoritative_subset_annotations,0.14597264692555473,Medium (10-30%)
1281,f0bff3c88f64e127b365e3315bd414d9624fa1f789641412e4766970f9272973.png,15,10-20,authoritative_subset_annotations,Terraref_1,authoritative_subset_annotations,Ripening,authoritative_subset_annotations,0.0,Low (<10%)
1282,f0d8fa8d68760b9418977f635a6453108d5a716983d62ec3d647f0fc1d292141.png,33,30-40,authoritative_subset_annotations,CIMMYT_2,authoritative_subset_annotations,Post-Flowering,authoritative_subset_annotations,0.08167622259534751,Low (<10%)
1283,f0fe8695bf01337c4bfbb79679477085e136ac26842e9bf156410221c8815b52.png,51,50-60,authoritative_subset_annotations,UQ_11,authoritative_subset_annotations,Post-Flowering,authoritative_subset_annotations,0.026967088882624043,Low (<10%)
1284,f107e660eb5b4fa7477439735f3de126df594b3c7da38d14517c1dfb048bf6f7.png,62,60-70,authoritative_subset_annotations,KSU_4,authoritative_subset_annotations,Ripening,authoritative_subset_annotations,0.11487339486832777,Medium (10-30%)
1285,f1360e409acb4edeb20edcbe3cc59a2576a34a9079999c0c4f89f695a01ef204.png,41,40-50,authoritative_subset_annotations,NAU_3,authoritative_subset_annotations,Filling,authoritative_subset_annotations,0.06149031493460852,Low (<10%)
1286,f13973acb33c7703c80ed9355876e7d4b339665b1d568b538c8e931ab2096e8f.png,67,60-70,authoritative_subset_annotations,UQ_10,authoritative_subset_annotations,Filling-Ripening,authoritative_subset_annotations,0.09213245062937933,Low (<10%)
1287,f16965a60fd976c61ac71feadd6228255a5690157a332112575e5791d73a0f11.png,11,10-20,authoritative_subset_annotations,Terraref_2,authoritative_subset_annotations,Filling,authoritative_subset_annotations,0.0,Low (<10%)
1288,f17a187c1df0238a9de6fd627eccacf6a80aca4745056a9013c07ccfcc1d01db.png,4,0-10,authoritative_subset_annotations,Terraref_2,authoritative_subset_annotations,Filling,authoritative_subset_annotations,0.0,Low (<10%)
1289,f17a997b0f2813298ac9fc99649c0075f0f7f4aa2c58c78f4471e3b2c710dab0.png,56,50-60,authoritative_subset_annotations,KSU_1,authoritative_subset_annotations,Post-Flowering,authoritative_subset_annotations,0.11812285505318236,Medium (10-30%)
1290,f19a2165c052267041ec07a622da3f30961ce1fe93b73cfb381b07a2fe18eae9.png,50,50-60,authoritative_subset_annotations,KSU_3,authoritative_subset_annotations,Filling,authoritative_subset_annotations,0.27435950309913965,Medium (10-30%)
1291,f1a5b3dc9005751c043524b5d469802a039deddb5f220dae8e8a81dd41884e05.png,27,20-30,authoritative_subset_annotations,NAU_3,authoritative_subset_annotations,Filling,authoritative_subset_annotations,0.07028414577512773,Low (<10%)
1292,f1bb77d56184c6e95ff99826a5185821a1d8e480398ef763f15e318f5436c047.png,32,30-40,authoritative_subset_annotations,NAU_2,authoritative_subset_annotations,Post-Flowering,authoritative_subset_annotations,0.11545971767538911,Medium (10-30%)
1293,f1c2c3af20998ad9e8676ed8f50095a7e0cdaa82fbfcb9e67a3814c3755edd9a.png,61,60-70,authoritative_subset_annotations,KSU_1,authoritative_subset_annotations,Post-Flowering,authoritative_subset_annotations,0.07832347726319402,Low (<10%)
1294,f1dc8d72abd9fc5b6aecbaebc2b061c76ce2e184ddd5232469f3d3cdaf40d71a.png,54,50-60,authoritative_subset_annotations,KSU_2,authoritative_subset_annotations,Post-Flowering,authoritative_subset_annotations,0.056637575769689204,Low (<10%)
1295,f1dd3234eaa3e22690ca765716393cf6004b656586289988a63d397b5525cc08.png,46,40-50,authoritative_subset_annotations,KSU_1,authoritative_subset_annotations,Post-Flowering,authoritative_subset_annotations,0.1221323989122043,Medium (10-30%)
1296,f1ffe68caa827f27713e4f28df43197478d46c4dbddd2018cd47950a33840b53.png,28,20-30,authoritative_subset_annotations,UQ_11,authoritative_subset_annotations,Post-Flowering,authoritative_subset_annotations,0.016704747238526153,Low (<10%)
1297,f2016cfaded659a33f5a08b979f018598c45e26b06e3235f11874485edea0f34.png,40,40-50,authoritative_subset_annotations,CIMMYT_1,authoritative_subset_annotations,Post-Flowering,authoritative_subset_annotations,0.21404065766274516,Medium (10-30%)
1298,f2136c41f037dbac274205f21718db3684df790d2c7f886ce05604c81bbbee02.png,42,40-50,authoritative_subset_annotations,CIMMYT_1,authoritative_subset_annotations,Post-Flowering,authoritative_subset_annotations,0.0440181361781581,Low (<10%)
1299,f282df3c5011934a2ff5e54e1e4b9c133e55802cfbe61f2d6d5823e8d639b5d6.png,82,80-100,authoritative_subset_annotations,UQ_10,authoritative_subset_annotations,Filling-Ripening,authoritative_subset_annotations,0.10581112486382399,Medium (10-30%)
1300,f2bae5929d874fa52b4b94647850a0b672fa67af04f16e25a2bb7845ad6844f9.png,39,30-40,authoritative_subset_annotations,Terraref_1,authoritative_subset_annotations,Ripening,authoritative_subset_annotations,0.027255800728266364,Low (<10%)
1301,f2cfda84f0a5958bfd33490dd4650cd42e152219969b25a4048db68c15ca7091.png,94,80-100,authoritative_subset_annotations,UQ_8,authoritative_subset_annotations,Ripening,authoritative_subset_annotations,0.2127489772895731,Medium (10-30%)
1302,f38a90e227e20b367528ea754dd2eb3fd42fff3dcd27849e947fe8e12d063672.png,35,30-40,authoritative_subset_annotations,NAU_2,authoritative_subset_annotations,Post-Flowering,authoritative_subset_annotations,0.06710681199592083,Low (<10%)
1303,f396bf5c9b1bc884ab843338d88c7fd2c7733ee0610fede3607bfaeb3eecf8cd.png,40,40-50,authoritative_subset_annotations,Terraref_1,authoritative_subset_annotations,Ripening,authoritative_subset_annotations,0.02266673618716867,Low (<10%)
1304,f424d6154c7c53953d2646c26a378dd67042a34326db77dc6f3e82637e130e7e.png,72,70-80,authoritative_subset_annotations,UQ_10,authoritative_subset_annotations,Filling-Ripening,authoritative_subset_annotations,0.11496073918963219,Medium (10-30%)
1305,f42a510006a71a554625c391a271afd5c8723e2bbf1ee4b1402c8e2410bcdd1b.png,104,>100,authoritative_subset_annotations,UQ_10,authoritative_subset_annotations,Filling-Ripening,authoritative_subset_annotations,0.06804220286006367,Low (<10%)
1306,f43b55f970f56978060c2f08d49116bccf208305b5bf12496d8c7fb30bd94aa2.png,38,30-40,authoritative_subset_annotations,CIMMYT_1,authoritative_subset_annotations,Post-Flowering,authoritative_subset_annotations,0.09903742215982822,Low (<10%)
1307,f4531ea023659f06f4a6d85265bbacde714bf01b2f7b30dc7e552710f027806d.png,27,20-30,authoritative_subset_annotations,NAU_3,authoritative_subset_annotations,Filling,authoritative_subset_annotations,0.00509810405643739,Low (<10%)
1308,f470256b34f429354b879cce015c98ba8144cfb5db659d43fecbb85e2464d048.png,31,30-40,authoritative_subset_annotations,CIMMYT_2,authoritative_subset_annotations,Post-Flowering,authoritative_subset_annotations,0.02581940958093587,Low (<10%)
1309,f4de130128fde622a6fefda3775b21dfef124d939918dc4921ab734fd89e9052.png,48,40-50,authoritative_subset_annotations,KSU_1,authoritative_subset_annotations,Post-Flowering,authoritative_subset_annotations,0.1911334048922396,Medium (10-30%)
1310,f4de5aeab122c52ad8339a876fe767e421dcbf1a91a635e57a1ea82ebc137112.png,62,60-70,authoritative_subset_annotations,KSU_2,authoritative_subset_annotations,Post-Flowering,authoritative_subset_annotations,0.054603218650047976,Low (<10%)
1311,f4ffcc1466720d8bc4c4339a84af4ffdfc2bd700bd9584a9c72b6435cc458792.png,81,80-100,authoritative_subset_annotations,KSU_2,authoritative_subset_annotations,Post-Flowering,authoritative_subset_annotations,0.150116594748028,Medium (10-30%)
1312,f5494b2c1d1553ad1faaa7b70b25ab34511fa3c797a7cb7e8a2f5c5adb162656.png,29,20-30,authoritative_subset_annotations,NAU_3,authoritative_subset_annotations,Filling,authoritative_subset_annotations,0.0845375228900034,Low (<10%)
1313,f5549e624d4ddd94323108b18766ff307080dd42a8cae1dfd6e87615f24b3812.png,47,40-50,authoritative_subset_annotations,CIMMYT_2,authoritative_subset_annotations,Post-Flowering,authoritative_subset_annotations,0.01607963674658193,Low (<10%)
1314,f5628f468dec1eaf75d5841b2809e81f1af5ed5e6f6971e3bf04dd729524db0e.png,36,30-40,authoritative_subset_annotations,CIMMYT_3,authoritative_subset_annotations,Post-Flowering,authoritative_subset_annotations,0.18763689388139,Medium (10-30%)
1315,f58ea0f940171822b97fa04781708cbda52d0e8a4ecd5e1de09899f783026528.png,40,40-50,authoritative_subset_annotations,NAU_3,authoritative_subset_annotations,Filling,authoritative_subset_annotations,0.057351768006900616,Low (<10%)
1316,f592223e4a6c319a8cabfe7f9a38b0b87c380ba9552741258a64caa63fa5ffcb.png,55,50-60,authoritative_subset_annotations,KSU_1,authoritative_subset_annotations,Post-Flowering,authoritative_subset_annotations,0.10911740664792635,Medium (10-30%)
1317,f59b2dacfcbee41071e92190631b6fe56c341f4e7abf224b7f99316c75c76350.png,46,40-50,authoritative_subset_annotations,Terraref_1,authoritative_subset_annotations,Ripening,authoritative_subset_annotations,0.01253908527226284,Low (<10%)
1318,f5a07f719a44b34552809c3f4e187fce4dec63246d5c218f990161f01fe0e3e2.png,61,60-70,authoritative_subset_annotations,KSU_2,authoritative_subset_annotations,Post-Flowering,authoritative_subset_annotations,0.06753757229175152,Low (<10%)
1319,f6126c61982cbfa489f9e81d4219fdd3d0fb8025d3022798785791818a8563b7.png,30,30-40,authoritative_subset_annotations,KSU_3,authoritative_subset_annotations,Filling,authoritative_subset_annotations,0.04553507771011379,Low (<10%)
1320,f61a529a7a8bccec2af435f5395d8ca7a147c2702e6c36303d3a048336c57da1.png,31,30-40,authoritative_subset_annotations,KSU_3,authoritative_subset_annotations,Filling,authoritative_subset_annotations,0.03368361771221569,Low (<10%)
1321,f6424646874f4919684b7e5691cf4f84f723c43616b1c476abddb1c302c7da34.png,41,40-50,authoritative_subset_annotations,NAU_2,authoritative_subset_annotations,Post-Flowering,authoritative_subset_annotations,0.038847477712172965,Low (<10%)
1322,f6654d8b5c109e5710f663966fc424661b824a6852b8cc440ebabb57339f5298.png,9,0-10,authoritative_subset_annotations,Terraref_2,authoritative_subset_annotations,Filling,authoritative_subset_annotations,0.0,Low (<10%)
1323,f674ddf815f4be5e36b4bf4905559562630da66d37cfb70c3aadf9563ff7e638.png,99,80-100,authoritative_subset_annotations,UQ_7,authoritative_subset_annotations,Ripening,authoritative_subset_annotations,0.17865706961537364,Medium (10-30%)
1324,f67c2aae34cc8f3655a6040d88d27b9e8efd9f4c4699b898440f864f9b9cee30.png,26,20-30,authoritative_subset_annotations,CIMMYT_3,authoritative_subset_annotations,Post-Flowering,authoritative_subset_annotations,0.1425162418227172,Medium (10-30%)
1325,f6aa83bdd85945f98f28ed9b2d67ae542bbca4b5d4f08963b33c4c26a26cab35.png,70,70-80,authoritative_subset_annotations,UQ_7,authoritative_subset_annotations,Ripening,authoritative_subset_annotations,0.15595281577778344,Medium (10-30%)
1326,f6ad84a7559f46204cf40d3df1962b50738ddb5d6cc4ee35f461b265b3d6d021.png,76,70-80,authoritative_subset_annotations,UQ_10,authoritative_subset_annotations,Filling-Ripening,authoritative_subset_annotations,0.11644605901175777,Medium (10-30%)
1327,f6c78f968f21628486fa2c6ebc82d6056733b3a28703bd573dce85247e00e62b.png,44,40-50,authoritative_subset_annotations,KSU_1,authoritative_subset_annotations,Post-Flowering,authoritative_subset_annotations,0.17114129788627555,Medium (10-30%)
1328,f717717eee8b3140dfeb10e432bb5a41025e6126e03c9009b9c848fbe4841566.png,17,10-20,authoritative_subset_annotations,Terraref_1,authoritative_subset_annotations,Ripening,authoritative_subset_annotations,0.020560014251220428,Low (<10%)
1329,f73723deab50774ec5bccb4974413bff6c93325526c4bc58d6ea3251a6c4bd2c.png,27,20-30,authoritative_subset_annotations,ARC_1,authoritative_subset_annotations,Filling,authoritative_subset_annotations,0.1738860381812287,Medium (10-30%)
1330,f7582d430e4daf050822928232ca8fd1b979a77afbd35157fb8f64842ea12aa5.png,42,40-50,authoritative_subset_annotations,NAU_3,authoritative_subset_annotations,Filling,authoritative_subset_annotations,0.05032931488369521,Low (<10%)
1331,f79d6ef15fe753b641428744519ccdd61228cfbbba131ba5fd6b877d44bd7900.png,38,30-40,authoritative_subset_annotations,UQ_11,authoritative_subset_annotations,Post-Flowering,authoritative_subset_annotations,0.0036211810992010916,Low (<10%)
1332,f7b8aa21dabc7d1ef6eb33adba02a61192d3d34132f53fbe7bd818d279604264.png,74,70-80,authoritative_subset_annotations,UQ_10,authoritative_subset_annotations,Filling-Ripening,authoritative_subset_annotations,0.043485710517740486,Low (<10%)
1333,f82367413036179d430ef3b776626b34fdc4ddd03f3d46e40eda3bf1e703ad04.png,75,70-80,authoritative_subset_annotations,KSU_2,authoritative_subset_annotations,Post-Flowering,authoritative_subset_annotations,0.056751839271544605,Low (<10%)
1334,f8275647012f8c5122d28127b17517c20f301711194facc72f722e06c762974e.png,49,40-50,authoritative_subset_annotations,KSU_3,authoritative_subset_annotations,Filling,authoritative_subset_annotations,0.04009612579493933,Low (<10%)
1335,f836ee55c75bae7f7e40380241a5fb3da85f844d45749828fa77a670331d2e65.png,73,70-80,authoritative_subset_annotations,NAU_3,authoritative_subset_annotations,Filling,authoritative_subset_annotations,0.07720731417317084,Low (<10%)
1336,f863b02c613be02eb17c9abe0bfdd2df7b8e58dfbb418e29b4fe7955a915137a.png,65,60-70,authoritative_subset_annotations,UQ_10,authoritative_subset_annotations,Filling-Ripening,authoritative_subset_annotations,0.07031641468827184,Low (<10%)
1337,f918e1d99105d7ab59246ab1e2bdf2a47dedfc8f51180580168652ec6d0223c9.png,1,0-10,authoritative_subset_annotations,Terraref_2,authoritative_subset_annotations,Filling,authoritative_subset_annotations,0.0,Low (<10%)
1338,f91b9061d5dd97cf73336696a96af9837fbd9823201a5dc25dc2b367b975ccb4.png,79,70-80,authoritative_subset_annotations,UQ_10,authoritative_subset_annotations,Filling-Ripening,authoritative_subset_annotations,0.10750325055779206,Medium (10-30%)
1339,f92d7b87d8271f15ffc9b12b17c847c58f19bf63829ddf12e42e07348f14bda3.png,70,70-80,authoritative_subset_annotations,NAU_3,authoritative_subset_annotations,Filling,authoritative_subset_annotations,0.7407561300554643,High (>30%)
1340,f9475c86d404fe5e0ef311525fc9be7dcd1889e523cdba510cea324fd1c2df42.png,42,40-50,authoritative_subset_annotations,NAU_3,authoritative_subset_annotations,Filling,authoritative_subset_annotations,0.06338939612302388,Low (<10%)
1341,f95bc22cfb1c32e9c6cdc8af306b3f58f0707af70a964fbf53bbdcf4c1d533d4.png,56,50-60,authoritative_subset_annotations,NAU_2,authoritative_subset_annotations,Post-Flowering,authoritative_subset_annotations,0.06271208890073908,Low (<10%)
1342,f95e9179528c283d53ab1a8a187dc9ec5a5d343061f1801644fa1b7755734109.png,0,0-10,authoritative_subset_annotations,Terraref_1,authoritative_subset_annotations,Ripening,authoritative_subset_annotations,0.0,Low (<10%)
1343,f9827baf8d1d5a3fc1dae5700a39e09b8af7ca87769ba1cc4da38613b8542d67.png,54,50-60,authoritative_subset_annotations,KSU_2,authoritative_subset_annotations,Post-Flowering,authoritative_subset_annotations,0.0331486502592182,Low (<10%)
1344,f98bf4bed5f9424186ef9030160f70ab4326b602b76d5509bfff6b61ce3c44a3.png,68,60-70,authoritative_subset_annotations,KSU_3,authoritative_subset_annotations,Filling,authoritative_subset_annotations,0.01887143047521185,Low (<10%)
1345,f9e5a5aa2ab6d30b769021429f498d18be82a971d00f08d1f12302bfba55e346.png,86,80-100,authoritative_subset_annotations,KSU_1,authoritative_subset_annotations,Post-Flowering,authoritative_subset_annotations,0.17773160556741327,Medium (10-30%)
1346,f9fc11c06f41dc06107e25a100900db01c40020d02ed464220c6ce15f8043845.png,60,60-70,authoritative_subset_annotations,KSU_4,authoritative_subset_annotations,Ripening,authoritative_subset_annotations,0.05449389162057764,Low (<10%)
1347,fa30c64bfb5da5c3740904b5c798389e132faeefa2a1aa8256b56c2e0ab457ee.png,19,10-20,authoritative_subset_annotations,Terraref_1,authoritative_subset_annotations,Ripening,authoritative_subset_annotations,0.011398890691841532,Low (<10%)
1348,fa403d13f77c0b46d3672ffb8ec7bb460bb5399c402d96653deefd44f76872a3.png,28,20-30,authoritative_subset_annotations,NAU_3,authoritative_subset_annotations,Filling,authoritative_subset_annotations,0.036893426864168175,Low (<10%)
1349,fa6640ec54b288d12bf53b5f27eb231f41f20d09a47d56b6c0bc8034986b4a3c.png,119,>100,authoritative_subset_annotations,UQ_8,authoritative_subset_annotations,Ripening,authoritative_subset_annotations,0.2155356013334256,Medium (10-30%)
1350,fa83b0428ed32792dc485975ea9baddb32d1c621a02d97b6ce93d1e347a99656.png,0,0-10,authoritative_subset_annotations,Terraref_2,authoritative_subset_annotations,Filling,authoritative_subset_annotations,0.0,Low (<10%)
1351,fab3fcdb051ac753802badc3283af0806da63b145e99fab71d03c705658c3182.png,41,40-50,authoritative_subset_annotations,CIMMYT_1,authoritative_subset_annotations,Post-Flowering,authoritative_subset_annotations,0.09693631863209597,Low (<10%)
1352,fabedbe4cfd2f11efee18fda7dba8e514065e2d3afb932a816aa2b3af066d315.png,41,40-50,authoritative_subset_annotations,KSU_1,authoritative_subset_annotations,Post-Flowering,authoritative_subset_annotations,0.13404312513346134,Medium (10-30%)
1353,fabedda04ff305010e725d82ebe01c1c429c2105c59975ac54fb26b541bce7fa.png,32,30-40,authoritative_subset_annotations,ARC_1,authoritative_subset_annotations,Filling,authoritative_subset_annotations,0.27881095830301783,Medium (10-30%)
1354,fb2816aaf0becf3a20fad45483ce0bad950b1d2253a15510ae73091d2e261bf1.png,63,60-70,authoritative_subset_annotations,KSU_2,authoritative_subset_annotations,Post-Flowering,authoritative_subset_annotations,0.04396832404795513,Low (<10%)
1355,fb7143e9ae9c20215c6c53391555e165633272192ed13cf965923e8900ccbc18.png,47,40-50,authoritative_subset_annotations,KSU_4,authoritative_subset_annotations,Ripening,authoritative_subset_annotations,0.159289972294552,Medium (10-30%)
1356,fb84f1380ac0c418758c97c41e615ad0f834545ca0be8924bc70d3f3776200c8.png,75,70-80,authoritative_subset_annotations,NAU_2,authoritative_subset_annotations,Post-Flowering,authoritative_subset_annotations,0.09166069766627424,Low (<10%)
1357,fb95c2329cd946bde19647cab8b40f47083b86e98386ec73abea3b6cd73cab1e.png,50,50-60,authoritative_subset_annotations,CIMMYT_2,authoritative_subset_annotations,Post-Flowering,authoritative_subset_annotations,0.09256395976670369,Low (<10%)
1358,fbb66c6e3cb935f29f5a8e927f32fe4be81afffa7e357cc6bbf7bcd33d64e9ec.png,26,20-30,authoritative_subset_annotations,KSU_1,authoritative_subset_annotations,Post-Flowering,authoritative_subset_annotations,0.07098816409162768,Low (<10%)
1359,fbe6acd3e6bf7f16bebc9d763c021d3b726a1e5c5d889153278719be5f1dde97.png,64,60-70,authoritative_subset_annotations,KSU_1,authoritative_subset_annotations,Post-Flowering,authoritative_subset_annotations,0.11336419731821581,Medium (10-30%)
1360,fc05f2cbad47eee1df9d2217670ff27be7c4f38f6d3b0efba6d6624f7e8ad2fa.png,42,40-50,authoritative_subset_annotations,CIMMYT_2,authoritative_subset_annotations,Post-Flowering,authoritative_subset_annotations,0.0597987980206068,Low (<10%)
1361,fc22f7243ef25630d69897965aee575935cfde68dcb8e86e4ec14252ff87f6fa.png,2,0-10,authoritative_subset_annotations,Terraref_2,authoritative_subset_annotations,Filling,authoritative_subset_annotations,0.0,Low (<10%)
1362,fc41510f5fc957aebdb9470f518f3f600411af1a204d6b43402393b6baa8c4f6.png,46,40-50,authoritative_subset_annotations,CIMMYT_1,authoritative_subset_annotations,Post-Flowering,authoritative_subset_annotations,0.45589940987191613,High (>30%)
1363,fc49a54d6cba2394e4cd8fedc53e451863662da572fddfb9c0b16154f7b440b4.png,64,60-70,authoritative_subset_annotations,NAU_2,authoritative_subset_annotations,Post-Flowering,authoritative_subset_annotations,0.050692696931970885,Low (<10%)
1364,fc59aa004ff5c693de8a2e89a64985961db88e5ee91e53261fbd5c88b6464f5b.png,46,40-50,authoritative_subset_annotations,NAU_2,authoritative_subset_annotations,Post-Flowering,authoritative_subset_annotations,0.10272152010818175,Medium (10-30%)
1365,fca411f6f269dbac4e5d7d69433ce37b648943fc5e5ec8ecad2ecbadc73a680c.png,28,20-30,authoritative_subset_annotations,NAU_3,authoritative_subset_annotations,Filling,authoritative_subset_annotations,0.013620216584314431,Low (<10%)
1366,fce8cce42d98023deefcdf624349c538e004ff3d13189b0aa37d480b71088944.png,27,20-30,authoritative_subset_annotations,Terraref_2,authoritative_subset_annotations,Filling,authoritative_subset_annotations,0.022513126007799162,Low (<10%)
1367,fcf42d88bc24d44f4ff20db1f2e09db5a28de94185ade437f6b77c4377407fb4.png,18,10-20,authoritative_subset_annotations,Ukyoto_1,authoritative_subset_annotations,Post-Flowering,authoritative_subset_annotations,0.019015613233608404,Low (<10%)
1368,fd01f922fc545b1812f552f7fa8314514f2bea3ae078164a3a1558731d4ddf43.png,42,40-50,authoritative_subset_annotations,ARC_1,authoritative_subset_annotations,Filling,authoritative_subset_annotations,0.16034691604071644,Medium (10-30%)
1369,fd115851a0da512cd5244457d0e11343100160ffca21cf02d98d53877bcbbad7.png,0,0-10,authoritative_subset_annotations,Terraref_2,authoritative_subset_annotations,Filling,authoritative_subset_annotations,0.0,Low (<10%)
1370,fd7f517564abfd910c1ff9a8d380bf5d2c29e591657f641e460f8f7b8c4c0050.png,27,20-30,authoritative_subset_annotations,Terraref_1,authoritative_subset_annotations,Ripening,authoritative_subset_annotations,0.03213762460975643,Low (<10%)
1371,fdaa0fb467c7949895cde0e57fe2ed9a6bcc88aab615b719ac30d27c76fb0c56.png,6,0-10,authoritative_subset_annotations,Terraref_1,authoritative_subset_annotations,Ripening,authoritative_subset_annotations,0.0,Low (<10%)
1372,fe26ff62b682464b4320296ff6b9866d489f036b0de8538a329b443cc77f657d.png,40,40-50,authoritative_subset_annotations,UQ_10,authoritative_subset_annotations,Filling-Ripening,authoritative_subset_annotations,0.09577765446353038,Low (<10%)
1373,fe403bea6163393c2925bee62f9ebd56765531cdd328a5bd2b190df25aad63c5.png,76,70-80,authoritative_subset_annotations,KSU_2,authoritative_subset_annotations,Post-Flowering,authoritative_subset_annotations,0.11515145156371863,Medium (10-30%)
1374,fe53f2f396e1620225b0b17f769120f84b4facfcc848c8766448fa6f8b0b9cfb.png,106,>100,authoritative_subset_annotations,UQ_9,authoritative_subset_annotations,Filling-Ripening,authoritative_subset_annotations,0.2063501971959853,Medium (10-30%)
1375,fe6e2581ed6294137beae34dfbb98d9ca16d157b9e36b7d5a5a2a2bfb660ac69.png,42,40-50,authoritative_subset_annotations,KSU_1,authoritative_subset_annotations,Post-Flowering,authoritative_subset_annotations,0.1678678256361055,Medium (10-30%)
1376,fe95355ffe1e1a778f594b66c90833921d9b16b7a41e065d7095469be14b52c6.png,38,30-40,authoritative_subset_annotations,CIMMYT_2,authoritative_subset_annotations,Post-Flowering,authoritative_subset_annotations,0.012896145244268792,Low (<10%)
1377,fea10fcdfcec3adc96ef0fbf733320b6aea83c679d6a02c40f995666a2e9c875.png,31,30-40,authoritative_subset_annotations,NAU_2,authoritative_subset_annotations,Post-Flowering,authoritative_subset_annotations,0.048670465337132,Low (<10%)
1378,fec455d86507bc07e9499ae03a3fa2c0839d620ae1251c7f1f8b4d8c640a0566.png,41,40-50,authoritative_subset_annotations,Ukyoto_1,authoritative_subset_annotations,Post-Flowering,authoritative_subset_annotations,0.08910715518924504,Low (<10%)
1379,ff3dcc65f138882729e2c084adaabd8ad333bda8098012385f96312f2648c5fb.png,0,0-10,authoritative_subset_annotations,CIMMYT_3,authoritative_subset_annotations,Post-Flowering,authoritative_subset_annotations,0.0,Low (<10%)
1380,ff5e7ffc07a5b954387ccbd31847cc7cd92940789a325dc85bb5327a435dd383.png,39,30-40,authoritative_subset_annotations,CIMMYT_1,authoritative_subset_annotations,Post-Flowering,authoritative_subset_annotations,0.24103387853699948,Medium (10-30%)
1381,fff8acc23456f03309492e66b40f1c1809a629cb10389f3484c6f66cc5050764.png,30,30-40,authoritative_subset_annotations,NAU_2,authoritative_subset_annotations,Post-Flowering,authoritative_subset_annotations,0.03783640710186429,Low (<10%)
