batch,image_id,candidate_rank,density_group,domain,growth_stage,parameter_group,module,component,group_level,parameter_tensors,parameters,matched_boxes,standard_loss,reweighted_loss,ugdr_loss,beta,standard_norm,ugdr_norm,ugdr_to_standard_norm_ratio,standard_ugdr_cosine,standard_ugdr_relative_difference,reweighted_norm,reweighted_ugdr_cosine,uncertainty_term_norm,uncertainty_term_fraction_of_ugdr,used_parameter_tensors,selection_rank
976,977,21,30-40,UQ_11,Post-Flowering,ASWB,ASWB,All,module,24,801634,39,1.0479538440704346,0.8777759075164795,0.8777759075164795,0.611875,0.03965185582637787,0.02544507011771202,0.641711950302124,0.9021751284599304,0.503905713558197,0.03325403109192848,0.9039410948753357,0.014951272867619991,0.5875901618055508,18,1
976,977,21,30-40,UQ_11,Post-Flowering,ASWB/Feed-forward,ASWB,Feed-forward,component,8,526592,39,1.0479538440704346,0.8777759075164795,0.8777759075164795,0.611875,0.012042957358062267,0.00830103550106287,0.6892854571342468,0.9410010576248169,0.4217555820941925,0.01011116523295641,0.9419112801551819,0.003609391860663891,0.434812242424664,8,1
976,977,21,30-40,UQ_11,Post-Flowering,ASWB/Parameter generator,ASWB,Parameter generator,component,4,8290,39,1.0479538440704346,0.8777759075164795,0.8777759075164795,0.611875,0.0,0.0,0.0,0.0,0.0,0.0,0.0,0.0,0.0,0,1
976,977,21,30-40,UQ_11,Post-Flowering,ASWB/Self-modulation,ASWB,Self-modulation,component,2,512,39,1.0479538440704346,0.8777759075164795,0.8777759075164795,0.611875,0.02167101763188839,0.014189793728291988,0.6547820568084717,0.9142976999282837,0.4810488820075989,0.018175460398197174,0.9156721830368042,0.00770602747797966,0.5430683225940894,2,1
976,977,21,30-40,UQ_11,Post-Flowering,ASWB/Wave propagation,ASWB,Wave propagation,component,10,266240,39,1.0479538440704346,0.8777759075164795,0.8777759075164795,0.611875,0.030945174396038055,0.01942148432135582,0.6276094913482666,0.8902150392532349,0.5258126258850098,0.02594701573252678,0.8922989368438721,0.012293494306504726,0.6329842818958399,8,1
976,977,21,30-40,UQ_11,Post-Flowering,Decoder,Decoder,All,module,119,4348539,39,1.0479538440704346,0.8777759075164795,0.8777759075164795,0.611875,0.8753954768180847,1.0200306177139282,1.1652226448059082,0.9693232178688049,0.31430718302726746,0.7351527214050293,0.9693792462348938,0.35648176074028015,0.3494814317821359,83,1
976,977,21,30-40,UQ_11,Post-Flowering,Decoder/Detection decoder,Decoder,Detection decoder,component,119,4348539,39,1.0479538440704346,0.8777759075164795,0.8777759075164795,0.611875,0.8753954768180847,1.0200306177139282,1.1652226448059082,0.9693232178688049,0.31430718302726746,0.7351527214050293,0.9693792462348938,0.35648176074028015,0.3494814317821359,83,1
976,977,21,30-40,UQ_11,Post-Flowering,MSIA,MSIA,All,module,16,461568,39,1.0479538440704346,0.8777759075164795,0.8777759075164795,0.611875,0.0450826995074749,0.0427510067820549,0.9482796788215637,0.9453123807907104,0.32617977261543274,0.037705738097429276,0.9451155662536621,0.01422665175050497,0.3327793383447692,16,1
976,977,21,30-40,UQ_11,Post-Flowering,MSIA/Hypergraph interaction,MSIA,Hypergraph interaction,component,4,66304,39,1.0479538440704346,0.8777759075164795,0.8777759075164795,0.611875,0.024449339136481285,0.023049747571349144,0.9427554607391357,0.9510703086853027,0.3090861737728119,0.020482312887907028,0.9505066871643066,0.0073023648001253605,0.3168088838075696,4,1
976,977,21,30-40,UQ_11,Post-Flowering,MSIA/Semantic collection,MSIA,Semantic collection,component,3,197120,39,1.0479538440704346,0.8777759075164795,0.8777759075164795,0.611875,0.023196887224912643,0.0212692953646183,0.916903018951416,0.9473745226860046,0.32157430052757263,0.01937713287770748,0.9470034241676331,0.00687489053234458,0.323230761268238,3,1
976,977,21,30-40,UQ_11,Post-Flowering,MSIA/Semantic scattering,MSIA,Semantic scattering,component,9,198144,39,1.0479538440704346,0.8777759075164795,0.8777759075164795,0.611875,0.029943006113171577,0.029051242396235466,0.9702179431915283,0.9409737586975098,0.339740514755249,0.025034461170434952,0.9410995841026306,0.01009004283696413,0.34731880651932545,9,1
850,851,40,70-80,KSU_3,Filling,ASWB,ASWB,All,module,24,801634,78,1.1985338926315308,1.024561882019043,1.024561882019043,0.611875,0.0673271045088768,0.08032537996768951,1.1930615901947021,0.9676339626312256,0.33838143944740295,0.057699259370565414,0.9629613161087036,0.029245004057884216,0.3640817394159589,18,2
850,851,40,70-80,KSU_3,Filling,ASWB/Feed-forward,ASWB,Feed-forward,component,8,526592,78,1.1985338926315308,1.024561882019043,1.024561882019043,0.611875,0.020660094916820526,0.024462074041366577,1.1840252876281738,0.9780430197715759,0.2930198907852173,0.01768973469734192,0.975023627281189,0.008214655332267284,0.33581189061793765,8,2
850,851,40,70-80,KSU_3,Filling,ASWB/Parameter generator,ASWB,Parameter generator,component,4,8290,78,1.1985338926315308,1.024561882019043,1.024561882019043,0.611875,0.0,0.0,0.0,0.0,0.0,0.0,0.0,0.0,0.0,0,2
850,851,40,70-80,KSU_3,Filling,ASWB/Self-modulation,ASWB,Self-modulation,component,2,512,78,1.1985338926315308,1.024561882019043,1.024561882019043,0.611875,0.03306451439857483,0.0397963710129261,1.2035976648330688,0.9640095233917236,0.3578933775424957,0.028321383520960808,0.9585480093955994,0.015003838576376438,0.3770152452218093,2,2
850,851,40,70-80,KSU_3,Filling,ASWB/Wave propagation,ASWB,Wave propagation,component,10,266240,78,1.1985338926315308,1.024561882019043,1.024561882019043,0.611875,0.054889317601919174,0.0653454139828682,1.190494179725647,0.9675168395042419,0.3370903730392456,0.04705504700541496,0.9629024863243103,0.023720763623714447,0.36300578996918426,8,2
850,851,40,70-80,KSU_3,Filling,Decoder,Decoder,All,module,119,4348539,78,1.1985338926315308,1.024561882019043,1.024561882019043,0.611875,1.065085530281067,1.195669174194336,1.1226038932800293,0.9850433468818665,0.22048190236091614,0.9150421023368835,0.9841854572296143,0.33668479323387146,0.2815869142572283,83,2
850,851,40,70-80,KSU_3,Filling,Decoder/Detection decoder,Decoder,Detection decoder,component,119,4348539,78,1.1985338926315308,1.024561882019043,1.024561882019043,0.611875,1.065085530281067,1.195669174194336,1.1226038932800293,0.9850433468818665,0.22048190236091614,0.9150421023368835,0.9841854572296143,0.33668479323387146,0.2815869142572283,83,2
850,851,40,70-80,KSU_3,Filling,MSIA,MSIA,All,module,16,461568,78,1.1985338926315308,1.024561882019043,1.024561882019043,0.611875,0.05293534696102142,0.05653694272041321,1.0680376291275024,0.9810585379600525,0.21234339475631714,0.04494300112128258,0.9797927141189575,0.015398409217596054,0.2723601326259248,16,2
850,851,40,70-80,KSU_3,Filling,MSIA/Hypergraph interaction,MSIA,Hypergraph interaction,component,4,66304,78,1.1985338926315308,1.024561882019043,1.024561882019043,0.611875,0.026633920148015022,0.028790246695280075,1.0809617042541504,0.984635591506958,0.19942787289619446,0.02255370281636715,0.983436107635498,0.007772079203277826,0.269955283313081,4,2
850,851,40,70-80,KSU_3,Filling,MSIA/Semantic collection,MSIA,Semantic collection,component,3,197120,78,1.1985338926315308,1.024561882019043,1.024561882019043,0.611875,0.023102417588233948,0.025211308151483536,1.0912843942642212,0.9782768487930298,0.23610436916351318,0.01956143230199814,0.9770488739013672,0.007386382669210434,0.29297895312805455,3,2
850,851,40,70-80,KSU_3,Filling,MSIA/Semantic scattering,MSIA,Semantic scattering,component,9,198144,78,1.1985338926315308,1.024561882019043,1.024561882019043,0.611875,0.03948497772216797,0.04161655902862549,1.0539846420288086,0.980574905872345,0.20943188667297363,0.03359396383166313,0.9793338179588318,0.011052020825445652,0.26556786729637216,9,2
935,936,7,>100,UQ_8,Ripening,ASWB,ASWB,All,module,24,801634,127,1.0621058940887451,0.8951298594474792,0.8951298594474792,0.611875,0.1780954748392105,0.13037848472595215,0.7320707440376282,0.9964094758033752,0.2775658071041107,0.1518772691488266,0.9963943958282471,0.02459639124572277,0.1886537590724645,18,3
935,936,7,>100,UQ_8,Ripening,ASWB/Feed-forward,ASWB,Feed-forward,component,8,526592,127,1.0621058940887451,0.8951298594474792,0.8951298594474792,0.611875,0.03969096019864082,0.029292747378349304,0.7380205988883972,0.995107889175415,0.275416761636734,0.033845387399196625,0.9950527548789978,0.005525975022464991,0.18864652574545873,8,3
935,936,7,>100,UQ_8,Ripening,ASWB/Parameter generator,ASWB,Parameter generator,component,4,8290,127,1.0621058940887451,0.8951298594474792,0.8951298594474792,0.611875,0.0,0.0,0.0,0.0,0.0,0.0,0.0,0.0,0.0,0,3
935,936,7,>100,UQ_8,Ripening,ASWB/Self-modulation,ASWB,Self-modulation,component,2,512,127,1.0621058940887451,0.8951298594474792,0.8951298594474792,0.611875,0.08549560606479645,0.06221044063568115,0.7276448607444763,0.9962592720985413,0.2821721136569977,0.07290293276309967,0.9962338209152222,0.012185724452137947,0.19587908922716674,2,3
935,936,7,>100,UQ_8,Ripening,ASWB/Wave propagation,ASWB,Wave propagation,component,10,266240,127,1.0621058940887451,0.8951298594474792,0.8951298594474792,0.611875,0.1511063277721405,0.11077158153057098,0.733070433139801,0.9965568780899048,0.27622345089912415,0.12886564433574677,0.9965476989746094,0.020638657733798027,0.18631726159928597,8,3
935,936,7,>100,UQ_8,Ripening,Decoder,Decoder,All,module,119,4348539,127,1.0621058940887451,0.8951298594474792,0.8951298594474792,0.611875,0.8539174795150757,0.9032840728759766,1.0578118562698364,0.9663655757904053,0.2729465365409851,0.72549968957901,0.9646965861320496,0.2790662944316864,0.30894632465196026,83,3
935,936,7,>100,UQ_8,Ripening,Decoder/Detection decoder,Decoder,Detection decoder,component,119,4348539,127,1.0621058940887451,0.8951298594474792,0.8951298594474792,0.611875,0.8539174795150757,0.9032840728759766,1.0578118562698364,0.9663655757904053,0.2729465365409851,0.72549968957901,0.9646965861320496,0.2790662944316864,0.30894632465196026,83,3
935,936,7,>100,UQ_8,Ripening,MSIA,MSIA,All,module,16,461568,127,1.0621058940887451,0.8951298594474792,0.8951298594474792,0.611875,0.053991176187992096,0.04360510781407356,0.8076339960098267,0.9746339917182922,0.27924466133117676,0.04592980444431305,0.9745004773139954,0.010370317846536636,0.23782346533241716,16,3
935,936,7,>100,UQ_8,Ripening,MSIA/Hypergraph interaction,MSIA,Hypergraph interaction,component,4,66304,127,1.0621058940887451,0.8951298594474792,0.8951298594474792,0.611875,0.029978232458233833,0.02347172424197197,0.7829589247703552,0.9784267544746399,0.2844091057777405,0.025512946769595146,0.9784431457519531,0.005475812125951052,0.23329398682007535,4,3
935,936,7,>100,UQ_8,Ripening,MSIA/Semantic collection,MSIA,Semantic collection,component,3,197120,127,1.0621058940887451,0.8951298594474792,0.8951298594474792,0.611875,0.028294000774621964,0.021870901808142662,0.7729872465133667,0.9855026006698608,0.2719328701496124,0.02406473457813263,0.9855936765670776,0.004469630774110556,0.20436426505497302,3,3
935,936,7,>100,UQ_8,Ripening,MSIA/Semantic scattering,MSIA,Semantic scattering,component,9,198144,127,1.0621058940887451,0.8951298594474792,0.8951298594474792,0.611875,0.03486834838986397,0.029532138258218765,0.8469612002372742,0.9674964547157288,0.2801419198513031,0.029656782746315002,0.9671363234519958,0.007588239852339029,0.2569485414835219,9,3
800,801,28,80-100,UQ_10,Filling-Ripening,ASWB,ASWB,All,module,24,801634,90,1.2455250024795532,1.0455782413482666,1.0455782413482666,0.611875,0.03145907446742058,0.04907860979437828,1.5600780248641968,0.9783492088317871,0.6174468398094177,0.026673534885048866,0.9791414737701416,0.023592358455061913,0.4807055161893421,18,4
800,801,28,80-100,UQ_10,Filling-Ripening,ASWB/Feed-forward,ASWB,Feed-forward,component,8,526592,90,1.2455250024795532,1.0455782413482666,1.0455782413482666,0.611875,0.007071362342685461,0.011728651821613312,1.6586127281188965,0.9656645059585571,0.740046501159668,0.005997791886329651,0.9663263559341431,0.006130281835794449,0.5226757456042557,8,4
800,801,28,80-100,UQ_10,Filling-Ripening,ASWB/Parameter generator,ASWB,Parameter generator,component,4,8290,90,1.2455250024795532,1.0455782413482666,1.0455782413482666,0.611875,0.0,0.0,0.0,0.0,0.0,0.0,0.0,0.0,0.0,0,4
800,801,28,80-100,UQ_10,Filling-Ripening,ASWB/Self-modulation,ASWB,Self-modulation,component,2,512,90,1.2455250024795532,1.0455782413482666,1.0455782413482666,0.611875,0.015753313899040222,0.02467266470193863,1.5661888122558594,0.9787076115608215,0.6223067045211792,0.013348127715289593,0.9790686964988708,0.011917713098227978,0.48303307495163084,2,4
800,801,28,80-100,UQ_10,Filling-Ripening,ASWB/Wave propagation,ASWB,Wave propagation,component,10,266240,90,1.2455250024795532,1.0455782413482666,1.0455782413482666,0.611875,0.026296427473425865,0.04077264294028282,1.5505012273788452,0.9793639779090881,0.6058412790298462,0.022300928831100464,0.9803233742713928,0.01941615529358387,0.47620546261917623,8,4
800,801,28,80-100,UQ_10,Filling-Ripening,Decoder,Decoder,All,module,119,4348539,90,1.2455250024795532,1.0455782413482666,1.0455782413482666,0.611875,0.8022080063819885,0.9967794418334961,1.2425448894500732,0.9800859689712524,0.32911422848701477,0.6752845048904419,0.9802460670471191,0.36048877239227295,0.3616534985203775,83,4
800,801,28,80-100,UQ_10,Filling-Ripening,Decoder/Detection decoder,Decoder,Detection decoder,component,119,4348539,90,1.2455250024795532,1.0455782413482666,1.0455782413482666,0.611875,0.8022080063819885,0.9967794418334961,1.2425448894500732,0.9800859689712524,0.32911422848701477,0.6752845048904419,0.9802460670471191,0.36048877239227295,0.3616534985203775,83,4
800,801,28,80-100,UQ_10,Filling-Ripening,MSIA,MSIA,All,module,16,461568,90,1.2455250024795532,1.0455782413482666,1.0455782413482666,0.611875,0.03245113044977188,0.040853772312402725,1.2589322328567505,0.9231582880020142,0.5104141235351562,0.026851773262023926,0.9204403162002563,0.019251225516200066,0.4712227152241611,16,4
800,801,28,80-100,UQ_10,Filling-Ripening,MSIA/Hypergraph interaction,MSIA,Hypergraph interaction,component,4,66304,90,1.2455250024795532,1.0455782413482666,1.0455782413482666,0.611875,0.015842406079173088,0.02087506838142872,1.3176703453063965,0.9322612285614014,0.52861088514328,0.013077246956527233,0.9292811155319214,0.009970802813768387,0.4776416839256347,4,4
800,801,28,80-100,UQ_10,Filling-Ripening,MSIA/Semantic collection,MSIA,Semantic collection,component,3,197120,90,1.2455250024795532,1.0455782413482666,1.0455782413482666,0.611875,0.013086321763694286,0.016174739226698875,1.2360035181045532,0.8824346661567688,0.5884894728660583,0.010840937495231628,0.8787327408790588,0.008424824103713036,0.5208630560056621,3,4
800,801,28,80-100,UQ_10,Filling-Ripening,MSIA/Semantic scattering,MSIA,Semantic scattering,component,9,198144,90,1.2455250024795532,1.0455782413482666,1.0455782413482666,0.611875,0.02511657401919365,0.031171143054962158,1.2410587072372437,0.9308654069900513,0.47928014397621155,0.020796094089746475,0.9285959005355835,0.014149738475680351,0.45393710621169675,9,4
843,844,68,50-60,Ukyoto_1,Post-Flowering,ASWB,ASWB,All,module,24,801634,57,1.0750914812088013,0.908626914024353,0.908626914024353,0.611875,0.19431708753108978,0.18096566200256348,0.9312905073165894,0.9971229434013367,0.10039792209863663,0.1658257395029068,0.9967620968818665,0.020580202341079712,0.11372435031784196,18,5
843,844,68,50-60,Ukyoto_1,Post-Flowering,ASWB/Feed-forward,ASWB,Feed-forward,component,8,526592,57,1.0750914812088013,0.908626914024353,0.908626914024353,0.611875,0.059978559613227844,0.056120865046978,0.9356821179389954,0.9982457756996155,0.08613717555999756,0.05116213485598564,0.9979978799819946,0.006007176358252764,0.10703998153314707,8,5
843,844,68,50-60,Ukyoto_1,Post-Flowering,ASWB/Parameter generator,ASWB,Parameter generator,component,4,8290,57,1.0750914812088013,0.908626914024353,0.908626914024353,0.611875,0.0,0.0,0.0,0.0,0.0,0.0,0.0,0.0,0.0,0,5
843,844,68,50-60,Ukyoto_1,Post-Flowering,ASWB/Self-modulation,ASWB,Self-modulation,component,2,512,57,1.0750914812088013,0.908626914024353,0.908626914024353,0.611875,0.10257455706596375,0.09560993313789368,0.932101845741272,0.9978930354118347,0.09240173548460007,0.08745616674423218,0.9976006746292114,0.010325094684958458,0.10799186178769797,2,5
843,844,68,50-60,Ukyoto_1,Post-Flowering,ASWB/Wave propagation,ASWB,Wave propagation,component,10,266240,57,1.0750914812088013,0.908626914024353,0.908626914024353,0.611875,0.15375356376171112,0.14303064346313477,0.9302590489387512,0.9966102242469788,0.10569152235984802,0.13127082586288452,0.996203601360321,0.01675860583782196,0.11716793990471967,8,5
843,844,68,50-60,Ukyoto_1,Post-Flowering,Decoder,Decoder,All,module,119,4348539,57,1.0750914812088013,0.908626914024353,0.908626914024353,0.611875,1.2321124076843262,1.2644678354263306,1.0262601375579834,0.9847014546394348,0.17913739383220673,1.0502673387527466,0.9837337732315063,0.29847288131713867,0.23604624250209175,83,5
843,844,68,50-60,Ukyoto_1,Post-Flowering,Decoder/Detection decoder,Decoder,Detection decoder,component,119,4348539,57,1.0750914812088013,0.908626914024353,0.908626914024353,0.611875,1.2321124076843262,1.2644678354263306,1.0262601375579834,0.9847014546394348,0.17913739383220673,1.0502673387527466,0.9837337732315063,0.29847288131713867,0.23604624250209175,83,5
843,844,68,50-60,Ukyoto_1,Post-Flowering,MSIA,MSIA,All,module,16,461568,57,1.0750914812088013,0.908626914024353,0.908626914024353,0.611875,0.0805266946554184,0.074740931391716,0.92815101146698,0.9915354251861572,0.14448139071464539,0.06818068772554398,0.991007387638092,0.011605499312281609,0.15527635388241787,16,5
843,844,68,50-60,Ukyoto_1,Post-Flowering,MSIA/Hypergraph interaction,MSIA,Hypergraph interaction,component,4,66304,57,1.0750914812088013,0.908626914024353,0.908626914024353,0.611875,0.042627520859241486,0.03985007479786873,0.9348438382148743,0.9931430816650391,0.13063524663448334,0.03606094419956207,0.9925704002380371,0.0059758261777460575,0.14995771546370243,4,5
843,844,68,50-60,Ukyoto_1,Post-Flowering,MSIA/Semantic collection,MSIA,Semantic collection,component,3,197120,57,1.0750914812088013,0.908626914024353,0.908626914024353,0.611875,0.04623788222670555,0.04251716285943985,0.9195309281349182,0.9936887621879578,0.13446928560733795,0.03906002640724182,0.9933177828788757,0.0058434950187802315,0.13743849838002145,3,5
843,844,68,50-60,Ukyoto_1,Post-Flowering,MSIA/Semantic scattering,MSIA,Semantic scattering,component,9,198144,57,1.0750914812088013,0.908626914024353,0.908626914024353,0.611875,0.050294145941734314,0.046802446246147156,0.9305744171142578,0.9886350035667419,0.1611579805612564,0.042691078037023544,0.988006591796875,0.008051750250160694,0.17203695310741424,9,5
159,160,46,20-30,NAU_2,Post-Flowering,ASWB,ASWB,All,module,24,801634,21,1.1569859981536865,0.9830049872398376,0.9830049872398376,0.611875,0.16499745845794678,0.1277347058057785,0.7741616368293762,0.9945157766342163,0.24391447007656097,0.1411442756652832,0.9945225119590759,0.019424911588430405,0.15207230850765113,18,6
159,160,46,20-30,NAU_2,Post-Flowering,ASWB/Feed-forward,ASWB,Feed-forward,component,8,526592,21,1.1569859981536865,0.9830049872398376,0.9830049872398376,0.611875,0.04163547232747078,0.031910549849271774,0.7664269804954529,0.9943939447402954,0.25129586458206177,0.03562405705451965,0.9943771958351135,0.005154972430318594,0.16154445644678336,8,6
159,160,46,20-30,NAU_2,Post-Flowering,ASWB/Parameter generator,ASWB,Parameter generator,component,4,8290,21,1.1569859981536865,0.9830049872398376,0.9830049872398376,0.611875,0.0,0.0,0.0,0.0,0.0,0.0,0.0,0.0,0.0,0,6
159,160,46,20-30,NAU_2,Post-Flowering,ASWB/Self-modulation,ASWB,Self-modulation,component,2,512,21,1.1569859981536865,0.9830049872398376,0.9830049872398376,0.611875,0.08321560174226761,0.06303588300943375,0.7575007677078247,0.9933955073356628,0.26231980323791504,0.07118717581033707,0.9933869242668152,0.011215818114578724,0.1779275165051658,2,6
159,160,46,20-30,NAU_2,Post-Flowering,ASWB/Wave propagation,ASWB,Wave propagation,component,10,266240,21,1.1569859981536865,0.9830049872398376,0.9830049872398376,0.611875,0.1362564116716385,0.10641593486070633,0.780997633934021,0.9950604438781738,0.23596122860908508,0.11655478179454803,0.995075523853302,0.01499862875789404,0.14094344777900575,8,6
159,160,46,20-30,NAU_2,Post-Flowering,Decoder,Decoder,All,module,119,4348539,21,1.1569859981536865,0.9830049872398376,0.9830049872398376,0.611875,0.9968942403793335,1.0620568990707397,1.0653656721115112,0.9646268486976624,0.2822120487689972,0.8549858331680298,0.9646064043045044,0.32734736800193787,0.30822017943516455,83,6
159,160,46,20-30,NAU_2,Post-Flowering,Decoder/Detection decoder,Decoder,Detection decoder,component,119,4348539,21,1.1569859981536865,0.9830049872398376,0.9830049872398376,0.611875,0.9968942403793335,1.0620568990707397,1.0653656721115112,0.9646268486976624,0.2822120487689972,0.8549858331680298,0.9646064043045044,0.32734736800193787,0.30822017943516455,83,6
159,160,46,20-30,NAU_2,Post-Flowering,MSIA,MSIA,All,module,16,461568,21,1.1569859981536865,0.9830049872398376,0.9830049872398376,0.611875,0.0604100301861763,0.05357511341571808,0.8868579268455505,0.9764564037322998,0.23358258605003357,0.051599036902189255,0.9765539169311523,0.01155572384595871,0.21569200901716515,16,6
159,160,46,20-30,NAU_2,Post-Flowering,MSIA/Hypergraph interaction,MSIA,Hypergraph interaction,component,4,66304,21,1.1569859981536865,0.9830049872398376,0.9830049872398376,0.611875,0.031965985894203186,0.027999237179756165,0.8759071826934814,0.980034589767456,0.224443256855011,0.027325039729475975,0.9801799654960632,0.005548209883272648,0.19815575144611727,4,6
159,160,46,20-30,NAU_2,Post-Flowering,MSIA/Semantic collection,MSIA,Semantic collection,component,3,197120,21,1.1569859981536865,0.9830049872398376,0.9830049872398376,0.611875,0.030158748850226402,0.026389187201857567,0.8750093579292297,0.9830338954925537,0.21287035942077637,0.025795815512537956,0.9831019043922424,0.004833039827644825,0.18314470205829686,3,6
159,160,46,20-30,NAU_2,Post-Flowering,MSIA/Semantic scattering,MSIA,Semantic scattering,component,9,198144,21,1.1569859981536865,0.9830049872398376,0.9830049872398376,0.611875,0.04144873470067978,0.03728197515010834,0.8994719982147217,0.9711828231811523,0.24888987839221954,0.03536069765686989,0.9712882041931152,0.00891032349318266,0.23899816083528413,9,6
758,759,31,40-50,NAU_3,Filling,ASWB,ASWB,All,module,24,801634,41,1.172610878944397,1.0146821737289429,1.0146821737289429,0.611875,0.7961140871047974,0.659852921962738,0.8288421630859375,0.9998287558555603,0.17198464274406433,0.689249575138092,0.9998427033424377,0.03173632174730301,0.04809605397048641,18,7
758,759,31,40-50,NAU_3,Filling,ASWB/Feed-forward,ASWB,Feed-forward,component,8,526592,41,1.172610878944397,1.0146821737289429,1.0146821737289429,0.611875,0.1847153902053833,0.152994304895401,0.8282704949378967,0.9998135566711426,0.17262642085552216,0.15987253189086914,0.999829888343811,0.00745858671143651,0.0487507473989688,8,7
758,759,31,40-50,NAU_3,Filling,ASWB/Parameter generator,ASWB,Parameter generator,component,4,8290,41,1.172610878944397,1.0146821737289429,1.0146821737289429,0.611875,0.0,0.0,0.0,0.0,0.0,0.0,0.0,0.0,0.0,0,7
758,759,31,40-50,NAU_3,Filling,ASWB/Self-modulation,ASWB,Self-modulation,component,2,512,41,1.172610878944397,1.0146821737289429,1.0146821737289429,0.611875,0.40999943017959595,0.3381701111793518,0.824806272983551,0.9998151659965515,0.17606131732463837,0.354835569858551,0.9998338222503662,0.017821762710809708,0.05270058506547837,2,7
758,759,31,40-50,NAU_3,Filling,ASWB/Wave propagation,ASWB,Wave propagation,component,10,266240,41,1.172610878944397,1.0146821737289429,1.0146821737289429,0.611875,0.6569462418556213,0.5455635190010071,0.8304538130760193,0.9998418688774109,0.17031905055046082,0.5688562989234924,0.99985271692276,0.0251783300191164,0.04615105142151179,8,7
758,759,31,40-50,NAU_3,Filling,Decoder,Decoder,All,module,119,4348539,41,1.172610878944397,1.0146821737289429,1.0146821737289429,0.611875,2.160853862762451,1.9355294704437256,0.895724356174469,0.9859046339988708,0.1900644600391388,1.876460075378418,0.9858771562576294,0.32569414377212524,0.1682713431883106,83,7
758,759,31,40-50,NAU_3,Filling,Decoder/Detection decoder,Decoder,Detection decoder,component,119,4348539,41,1.172610878944397,1.0146821737289429,1.0146821737289429,0.611875,2.160853862762451,1.9355294704437256,0.895724356174469,0.9859046339988708,0.1900644600391388,1.876460075378418,0.9858771562576294,0.32569414377212524,0.1682713431883106,83,7
758,759,31,40-50,NAU_3,Filling,MSIA,MSIA,All,module,16,461568,41,1.172610878944397,1.0146821737289429,1.0146821737289429,0.611875,0.19694623351097107,0.16579748690128326,0.8418413400650024,0.9976985454559326,0.16996872425079346,0.17048124969005585,0.9977056384086609,0.012314185500144958,0.07427244966310552,16,7
758,759,31,40-50,NAU_3,Filling,MSIA/Hypergraph interaction,MSIA,Hypergraph interaction,component,4,66304,41,1.172610878944397,1.0146821737289429,1.0146821737289429,0.611875,0.10437896102666855,0.08760348707437515,0.8392829895019531,0.9978923797607422,0.17137110233306885,0.09035073220729828,0.9979233145713806,0.00635772617533803,0.0725738938900952,4,7
758,759,31,40-50,NAU_3,Filling,MSIA/Semantic collection,MSIA,Semantic collection,component,3,197120,41,1.172610878944397,1.0146821737289429,1.0146821737289429,0.611875,0.10634442418813705,0.08912504464387894,0.8380791544914246,0.9981743693351746,0.17110897600650787,0.09205571562051773,0.9981828927993774,0.0061972495168447495,0.06953432159958389,3,7
758,759,31,40-50,NAU_3,Filling,MSIA/Semantic scattering,MSIA,Semantic scattering,component,9,198144,41,1.172610878944397,1.0146821737289429,1.0146821737289429,0.611875,0.12877778708934784,0.10895486921072006,0.846068799495697,0.9972729086875916,0.16825470328330994,0.11147351562976837,0.9972637295722961,0.00853302888572216,0.07831709539496741,9,7
1271,1272,78,60-70,KSU_2,Post-Flowering,ASWB,ASWB,All,module,24,801634,66,1.3134433031082153,1.1232385635375977,1.1232385635375977,0.611875,0.11314990371465683,0.12117193639278412,1.0708973407745361,0.9910060167312622,0.15585115551948547,0.09667124599218369,0.9907059669494629,0.028601059690117836,0.2360369945513312,18,8
1271,1272,78,60-70,KSU_2,Post-Flowering,ASWB/Feed-forward,ASWB,Feed-forward,component,8,526592,66,1.3134433031082153,1.1232385635375977,1.1232385635375977,0.611875,0.03176930919289589,0.03366301953792572,1.0596082210540771,0.9926636219024658,0.13820531964302063,0.027143321931362152,0.9923694729804993,0.007513395976275206,0.22319435628198472,8,8
1271,1272,78,60-70,KSU_2,Post-Flowering,ASWB/Parameter generator,ASWB,Parameter generator,component,4,8290,66,1.3134433031082153,1.1232385635375977,1.1232385635375977,0.611875,0.0,0.0,0.0,0.0,0.0,0.0,0.0,0.0,0.0,0,8
1271,1272,78,60-70,KSU_2,Post-Flowering,ASWB/Self-modulation,ASWB,Self-modulation,component,2,512,66,1.3134433031082153,1.1232385635375977,1.1232385635375977,0.611875,0.060475610196590424,0.06611009687185287,1.0931695699691772,0.9915222525596619,0.16497169435024261,0.05164560675621033,0.9912192225456238,0.016406791284680367,0.24817375954664112,2,8
1271,1272,78,60-70,KSU_2,Post-Flowering,ASWB/Wave propagation,ASWB,Wave propagation,component,10,266240,66,1.3134433031082153,1.1232385635375977,1.1232385635375977,0.611875,0.09020150452852249,0.0958065465092659,1.0621391534805298,0.9906995892524719,0.15368139743804932,0.07707982510328293,0.9904060959815979,0.02218978852033615,0.23161035783906556,8,8
1271,1272,78,60-70,KSU_2,Post-Flowering,Decoder,Decoder,All,module,119,4348539,66,1.3134433031082153,1.1232385635375977,1.1232385635375977,0.611875,1.121145486831665,1.2691017389297485,1.1319688558578491,0.9800875782966614,0.24999290704727173,0.961212158203125,0.980221152305603,0.37822145223617554,0.29802295642202414,83,8
1271,1272,78,60-70,KSU_2,Post-Flowering,Decoder/Detection decoder,Decoder,Detection decoder,component,119,4348539,66,1.3134433031082153,1.1232385635375977,1.1232385635375977,0.611875,1.121145486831665,1.2691017389297485,1.1319688558578491,0.9800875782966614,0.24999290704727173,0.961212158203125,0.980221152305603,0.37822145223617554,0.29802295642202414,83,8
1271,1272,78,60-70,KSU_2,Post-Flowering,MSIA,MSIA,All,module,16,461568,66,1.3134433031082153,1.1232385635375977,1.1232385635375977,0.611875,0.04716486111283302,0.04629478231072426,0.9815524220466614,0.9608709812164307,0.2777674198150635,0.04025755822658539,0.960856020450592,0.013503865338861942,0.29169303029066734,16,8
1271,1272,78,60-70,KSU_2,Post-Flowering,MSIA/Hypergraph interaction,MSIA,Hypergraph interaction,component,4,66304,66,1.3134433031082153,1.1232385635375977,1.1232385635375977,0.611875,0.023997077718377113,0.023877503350377083,0.9950171113014221,0.9647630453109741,0.2648544907569885,0.020476609468460083,0.9647080302238464,0.006787979509681463,0.28428347009630994,4,8
1271,1272,78,60-70,KSU_2,Post-Flowering,MSIA/Semantic collection,MSIA,Semantic collection,component,3,197120,66,1.3134433031082153,1.1232385635375977,1.1232385635375977,0.611875,0.02432742528617382,0.023020494729280472,0.9462774991989136,0.960747241973877,0.27780237793922424,0.020755179226398468,0.9608113765716553,0.0065253241918981075,0.28345716582703795,3,8
1271,1272,78,60-70,KSU_2,Post-Flowering,MSIA/Semantic scattering,MSIA,Semantic scattering,component,9,198144,66,1.3134433031082153,1.1232385635375977,1.1232385635375977,0.611875,0.03250908479094505,0.03229750320315361,0.9934915900230408,0.9592752456665039,0.2845378816127777,0.027759719640016556,0.9592298865318298,0.009679765440523624,0.29970630793461667,9,8
522,523,92,10-20,CIMMYT_1,Post-Flowering,ASWB,ASWB,All,module,24,801634,10,0.8442973494529724,0.7211918234825134,0.7211918234825134,0.611875,0.19829730689525604,0.1913558542728424,0.9649947285652161,0.9850563406944275,0.17339667677879333,0.17032121121883392,0.9828023910522461,0.03954074904322624,0.20663464514050114,18,9
522,523,92,10-20,CIMMYT_1,Post-Flowering,ASWB/Feed-forward,ASWB,Feed-forward,component,8,526592,10,0.8442973494529724,0.7211918234825134,0.7211918234825134,0.611875,0.04916733503341675,0.046011436730623245,0.9358131289482117,0.9793328642845154,0.20688390731811523,0.04232797026634216,0.9763174057006836,0.010286650620400906,0.223567255259268,8,9
522,523,92,10-20,CIMMYT_1,Post-Flowering,ASWB/Parameter generator,ASWB,Parameter generator,component,4,8290,10,0.8442973494529724,0.7211918234825134,0.7211918234825134,0.611875,0.0,0.0,0.0,0.0,0.0,0.0,0.0,0.0,0.0,0,9
522,523,92,10-20,CIMMYT_1,Post-Flowering,ASWB/Self-modulation,ASWB,Self-modulation,component,2,512,10,0.8442973494529724,0.7211918234825134,0.7211918234825134,0.611875,0.0972350686788559,0.09228600561618805,0.9491021037101746,0.9819617867469788,0.19191330671310425,0.08365792781114578,0.9791277647018433,0.019918082281947136,0.21582993162349276,2,9
522,523,92,10-20,CIMMYT_1,Post-Flowering,ASWB/Wave propagation,ASWB,Wave propagation,component,10,266240,10,0.8442973494529724,0.7211918234825134,0.7211918234825134,0.611875,0.16567960381507874,0.1611933708190918,0.9729222655296326,0.9866989254951477,0.1631411761045456,0.14219355583190918,0.9847314357757568,0.03257185220718384,0.20206694631219918,8,9
522,523,92,10-20,CIMMYT_1,Post-Flowering,Decoder,Decoder,All,module,119,4348539,10,0.8442973494529724,0.7211918234825134,0.7211918234825134,0.611875,1.38593590259552,1.3347135782241821,0.963041365146637,0.9801313877105713,0.19908507168293,1.195604681968689,0.9779711365699768,0.299429714679718,0.22434005285096828,83,9
522,523,92,10-20,CIMMYT_1,Post-Flowering,Decoder/Detection decoder,Decoder,Detection decoder,component,119,4348539,10,0.8442973494529724,0.7211918234825134,0.7211918234825134,0.611875,1.38593590259552,1.3347135782241821,0.963041365146637,0.9801313877105713,0.19908507168293,1.195604681968689,0.9779711365699768,0.299429714679718,0.22434005285096828,83,9
522,523,92,10-20,CIMMYT_1,Post-Flowering,MSIA,MSIA,All,module,16,461568,10,0.8442973494529724,0.7211918234825134,0.7211918234825134,0.611875,0.09525229781866074,0.08805328607559204,0.9244216680526733,0.9899886250495911,0.15563306212425232,0.08132338523864746,0.9886870980262756,0.014398260973393917,0.16351758821395138,16,9
522,523,92,10-20,CIMMYT_1,Post-Flowering,MSIA/Hypergraph interaction,MSIA,Hypergraph interaction,component,4,66304,10,0.8442973494529724,0.7211918234825134,0.7211918234825134,0.611875,0.04735584929585457,0.043099548667669296,0.9101209044456482,0.9896414279937744,0.16411274671554565,0.04041542857885361,0.988163948059082,0.006959760561585426,0.16148105436672988,4,9
522,523,92,10-20,CIMMYT_1,Post-Flowering,MSIA/Semantic collection,MSIA,Semantic collection,component,3,197120,10,0.8442973494529724,0.7211918234825134,0.7211918234825134,0.611875,0.05111081525683403,0.045891597867012024,0.8978843092918396,0.9898530840873718,0.16926027834415436,0.043601810932159424,0.9884621500968933,0.007170528173446655,0.15624925927020297,3,9
522,523,92,10-20,CIMMYT_1,Post-Flowering,MSIA/Semantic scattering,MSIA,Semantic scattering,component,9,198144,10,0.8442973494529724,0.7211918234825134,0.7211918234825134,0.611875,0.0649469718337059,0.06156112253665924,0.9478674530982971,0.9908635020256042,0.14155644178390503,0.05548844859004021,0.9896693229675293,0.010366060771048069,0.1683864806863317,9,9
1336,1337,45,0-10,Terraref_2,Filling,ASWB,ASWB,All,module,24,801634,1,0.677759051322937,0.5733470916748047,0.5733470916748047,0.611875,0.17836718261241913,0.14052776992321014,0.7878566384315491,0.9918505549430847,0.24051199853420258,0.15087740123271942,0.9918427467346191,0.021284278482198715,0.15145959046976462,18,10
1336,1337,45,0-10,Terraref_2,Filling,ASWB/Feed-forward,ASWB,Feed-forward,component,8,526592,1,0.677759051322937,0.5733470916748047,0.5733470916748047,0.611875,0.04023534432053566,0.03182854875922203,0.7910594344139099,0.989031195640564,0.24700254201889038,0.034033868461847305,0.9890223741531372,0.005352220963686705,0.16815786997313056,8,10
1336,1337,45,0-10,Terraref_2,Filling,ASWB/Parameter generator,ASWB,Parameter generator,component,4,8290,1,0.677759051322937,0.5733470916748047,0.5733470916748047,0.611875,0.0,0.0,0.0,0.0,0.0,0.0,0.0,0.0,0.0,0,10
1336,1337,45,0-10,Terraref_2,Filling,ASWB/Self-modulation,ASWB,Self-modulation,component,2,512,1,0.677759051322937,0.5733470916748047,0.5733470916748047,0.611875,0.09246503561735153,0.07275629788637161,0.7868520021438599,0.9918035864830017,0.24151748418807983,0.07821375131607056,0.9917945861816406,0.011098257265985012,0.15254015924941514,2,10
1336,1337,45,0-10,Terraref_2,Filling,ASWB/Wave propagation,ASWB,Wave propagation,component,10,266240,1,0.677759051322937,0.5733470916748047,0.5733470916748047,0.611875,0.1471264362335205,0.11593756824731827,0.7880131602287292,0.9920815229415894,0.2396204173564911,0.12445196509361267,0.9920744299888611,0.01735519990324974,0.1496943584863501,8,10
1336,1337,45,0-10,Terraref_2,Filling,Decoder,Decoder,All,module,119,4348539,1,0.677759051322937,0.5733470916748047,0.5733470916748047,0.611875,3.558598756790161,3.1282997131347656,0.8790819048881531,0.9955621957778931,0.14974501729011536,3.010380268096924,0.9955624341964722,0.3122335970401764,0.09980936152926902,83,10
1336,1337,45,0-10,Terraref_2,Filling,Decoder/Detection decoder,Decoder,Detection decoder,component,119,4348539,1,0.677759051322937,0.5733470916748047,0.5733470916748047,0.611875,3.558598756790161,3.1282997131347656,0.8790819048881531,0.9955621957778931,0.14974501729011536,3.010380268096924,0.9955624341964722,0.3122335970401764,0.09980936152926902,83,10
1336,1337,45,0-10,Terraref_2,Filling,MSIA,MSIA,All,module,16,461568,1,0.677759051322937,0.5733470916748047,0.5733470916748047,0.611875,0.19107313454151154,0.16416972875595093,0.8591983914375305,0.994769811630249,0.16974307596683502,0.16164273023605347,0.9947687983512878,0.01685304008424282,0.10265619741198434,16,10
1336,1337,45,0-10,Terraref_2,Filling,MSIA/Hypergraph interaction,MSIA,Hypergraph interaction,component,4,66304,1,0.677759051322937,0.5733470916748047,0.5733470916748047,0.611875,0.08444392681121826,0.07234009355306625,0.85666424036026,0.9941866397857666,0.17465747892856598,0.07143700122833252,0.9941843748092651,0.007805332541465759,0.1078977391111615,4,10
1336,1337,45,0-10,Terraref_2,Filling,MSIA/Semantic collection,MSIA,Semantic collection,component,3,197120,1,0.677759051322937,0.5733470916748047,0.5733470916748047,0.611875,0.1032675951719284,0.08706891536712646,0.8431388139724731,0.9955986142158508,0.17896169424057007,0.08736450225114822,0.995599091053009,0.008187873288989067,0.09403899490954795,3,10
1336,1337,45,0-10,Terraref_2,Filling,MSIA/Semantic scattering,MSIA,Semantic scattering,component,9,198144,1,0.677759051322937,0.5733470916748047,0.5733470916748047,0.611875,0.13679897785186768,0.11890169233083725,0.8691709041595459,0.9946963787078857,0.16228362917900085,0.1157262772321701,0.9946955442428589,0.012492414563894272,0.10506506946204629,9,10
852,853,16,30-40,CIMMYT_2,Post-Flowering,ASWB,ASWB,All,module,24,801634,33,1.1702044010162354,0.9917336702346802,0.9917336702346802,0.611875,0.1455341875553131,0.1047966405749321,0.7200826406478882,0.9918307662010193,0.3001982569694519,0.12334660440683365,0.991825520992279,0.02356759086251259,0.2248888011411129,18,11
852,853,16,30-40,CIMMYT_2,Post-Flowering,ASWB/Feed-forward,ASWB,Feed-forward,component,8,526592,33,1.1702044010162354,0.9917336702346802,0.9917336702346802,0.611875,0.039622820913791656,0.028818443417549133,0.7273193001747131,0.9923487305641174,0.2923770844936371,0.03358056768774986,0.9923203587532043,0.006127119529992342,0.21261105054207066,8,11
852,853,16,30-40,CIMMYT_2,Post-Flowering,ASWB/Parameter generator,ASWB,Parameter generator,component,4,8290,33,1.1702044010162354,0.9917336702346802,0.9917336702346802,0.611875,0.0,0.0,0.0,0.0,0.0,0.0,0.0,0.0,0.0,0,11
852,853,16,30-40,CIMMYT_2,Post-Flowering,ASWB/Self-modulation,ASWB,Self-modulation,component,2,512,33,1.1702044010162354,0.9917336702346802,0.9917336702346802,0.611875,0.07375194132328033,0.05269775912165642,0.7145270705223083,0.9915952682495117,0.3057866394519806,0.06248057633638382,0.9916622042655945,0.012272283434867859,0.23288055582280917,2,11
852,853,16,30-40,CIMMYT_2,Post-Flowering,ASWB/Wave propagation,ASWB,Wave propagation,component,10,266240,33,1.1702044010162354,0.9917336702346802,0.9917336702346802,0.611875,0.11904153227806091,0.08587653189897537,0.72139972448349,0.9918807148933411,0.2988855540752411,0.10091039538383484,0.9918493032455444,0.019164569675922394,0.2231642248719065,8,11
852,853,16,30-40,CIMMYT_2,Post-Flowering,Decoder,Decoder,All,module,119,4348539,33,1.1702044010162354,0.9917336702346802,0.9917336702346802,0.611875,0.99767005443573,1.055306077003479,1.0577706098556519,0.963509738445282,0.2837863564491272,0.8467161655426025,0.963198721408844,0.3305700719356537,0.31324568211935344,83,11
852,853,16,30-40,CIMMYT_2,Post-Flowering,Decoder/Detection decoder,Decoder,Detection decoder,component,119,4348539,33,1.1702044010162354,0.9917336702346802,0.9917336702346802,0.611875,0.99767005443573,1.055306077003479,1.0577706098556519,0.963509738445282,0.2837863564491272,0.8467161655426025,0.963198721408844,0.3305700719356537,0.31324568211935344,83,11
852,853,16,30-40,CIMMYT_2,Post-Flowering,MSIA,MSIA,All,module,16,461568,33,1.1702044010162354,0.9917336702346802,0.9917336702346802,0.611875,0.06837302446365356,0.0568431094288826,0.8313674926757812,0.9811283946037292,0.24457159638404846,0.05779134854674339,0.9811116456985474,0.011180195026099682,0.19668514158408976,16,11
852,853,16,30-40,CIMMYT_2,Post-Flowering,MSIA/Hypergraph interaction,MSIA,Hypergraph interaction,component,4,66304,33,1.1702044010162354,0.9917336702346802,0.9917336702346802,0.611875,0.03511083498597145,0.028462359681725502,0.810643196105957,0.9823306202888489,0.2539745271205902,0.029661189764738083,0.982210099697113,0.005610230378806591,0.19711051513443864,4,11
852,853,16,30-40,CIMMYT_2,Post-Flowering,MSIA/Semantic collection,MSIA,Semantic collection,component,3,197120,33,1.1702044010162354,0.9917336702346802,0.9917336702346802,0.611875,0.03675588220357895,0.029676834121346474,0.8074036836624146,0.986186683177948,0.24371927976608276,0.03102322481572628,0.985910177230835,0.005268468055874109,0.1775279679204229,3,11
852,853,16,30-40,CIMMYT_2,Post-Flowering,MSIA/Semantic scattering,MSIA,Semantic scattering,component,9,198144,33,1.1702044010162354,0.9917336702346802,0.9917336702346802,0.611875,0.04572859779000282,0.03924689069390297,0.8582570552825928,0.9783110618591309,0.23941712081432343,0.038699012249708176,0.9784486889839172,0.008109581656754017,0.2066299142014286,9,11
847,848,58,30-40,UQ_9,Filling-Ripening,ASWB,ASWB,All,module,24,801634,38,1.0972375869750977,0.9250925779342651,0.9250925779342651,0.611875,0.014569367282092571,0.030435707420110703,2.0890204906463623,0.9300329685211182,1.21584951877594,0.012339864857494831,0.930858850479126,0.019478052854537964,0.6399737185562391,18,12
847,848,58,30-40,UQ_9,Filling-Ripening,ASWB/Feed-forward,ASWB,Feed-forward,component,8,526592,38,1.0972375869750977,0.9250925779342651,0.9250925779342651,0.611875,0.004198923707008362,0.008438333868980408,2.0096421241760254,0.9243452548980713,1.150415301322937,0.0035496344789862633,0.9257029294967651,0.005324493162333965,0.630988681534275,8,12
847,848,58,30-40,UQ_9,Filling-Ripening,ASWB/Parameter generator,ASWB,Parameter generator,component,4,8290,38,1.0972375869750977,0.9250925779342651,0.9250925779342651,0.611875,0.0,0.0,0.0,0.0,0.0,0.0,0.0,0.0,0.0,0,12
847,848,58,30-40,UQ_9,Filling-Ripening,ASWB/Self-modulation,ASWB,Self-modulation,component,2,512,38,1.0972375869750977,0.9250925779342651,0.9250925779342651,0.611875,0.006424523424357176,0.013768274337053299,2.143080949783325,0.9180783629417419,1.2875416278839111,0.005434450227767229,0.9200647473335266,0.00902300514280796,0.6553475709388773,2,12
847,848,58,30-40,UQ_9,Filling-Ripening,ASWB/Wave propagation,ASWB,Wave propagation,component,10,266240,38,1.0972375869750977,0.9250925779342651,0.9250925779342651,0.611875,0.012383900582790375,0.025798477232456207,2.0832271575927734,0.9341387748718262,1.2032408714294434,0.010494718328118324,0.9345798492431641,0.016420403495430946,0.6364873146378183,8,12
847,848,58,30-40,UQ_9,Filling-Ripening,Decoder,Decoder,All,module,119,4348539,38,1.0972375869750977,0.9250925779342651,0.9250925779342651,0.611875,0.6588349342346191,0.8036236763000488,1.2197648286819458,0.9707604050636292,0.34587183594703674,0.5559861063957214,0.9709105491638184,0.29549744725227356,0.3677062485425625,83,12
847,848,58,30-40,UQ_9,Filling-Ripening,Decoder/Detection decoder,Decoder,Detection decoder,component,119,4348539,38,1.0972375869750977,0.9250925779342651,0.9250925779342651,0.611875,0.6588349342346191,0.8036236763000488,1.2197648286819458,0.9707604050636292,0.34587183594703674,0.5559861063957214,0.9709105491638184,0.29549744725227356,0.3677062485425625,83,12
847,848,58,30-40,UQ_9,Filling-Ripening,MSIA,MSIA,All,module,16,461568,38,1.0972375869750977,0.9250925779342651,0.9250925779342651,0.611875,0.03283761069178581,0.034489329904317856,1.0502996444702148,0.9478362798690796,0.3348211944103241,0.02756432071328163,0.9476267099380493,0.0121464217081666,0.35217911573996513,16,12
847,848,58,30-40,UQ_9,Filling-Ripening,MSIA/Hypergraph interaction,MSIA,Hypergraph interaction,component,4,66304,38,1.0972375869750977,0.9250925779342651,0.9250925779342651,0.611875,0.016134114935994148,0.017190206795930862,1.0654571056365967,0.9492330551147461,0.33535733819007874,0.013526305556297302,0.9490231275558472,0.006093472242355347,0.3544734693824479,4,12
847,848,58,30-40,UQ_9,Filling-Ripening,MSIA/Semantic collection,MSIA,Semantic collection,component,3,197120,38,1.0972375869750977,0.9250925779342651,0.9250925779342651,0.611875,0.013919650577008724,0.014372569508850574,1.0325380563735962,0.9227022528648376,0.40085506439208984,0.011679958552122116,0.9226647615432739,0.005763231310993433,0.4009882371725151,3,12
847,848,58,30-40,UQ_9,Filling-Ripening,MSIA/Semantic scattering,MSIA,Semantic scattering,component,9,198144,38,1.0972375869750977,0.9250925779342651,0.9250925779342651,0.611875,0.02498483844101429,0.02621907740831375,1.049399495124817,0.9550043344497681,0.31125062704086304,0.020985933020710945,0.9547421932220459,0.008785802870988846,0.335091991764858,9,12
95,96,65,20-30,KSU_1,Post-Flowering,ASWB,ASWB,All,module,24,801634,25,1.1450700759887695,0.9769174456596375,0.9769174456596375,0.611875,0.20495595037937164,0.16146230697631836,0.7877902984619141,0.9950987696647644,0.22968575358390808,0.1766289919614792,0.9951522350311279,0.022506223991513252,0.1393899567830047,18,13
95,96,65,20-30,KSU_1,Post-Flowering,ASWB/Feed-forward,ASWB,Feed-forward,component,8,526592,25,1.1450700759887695,0.9769174456596375,0.9769174456596375,0.611875,0.05488090217113495,0.04322146996855736,0.7875502705574036,0.9952331185340881,0.22944100201129913,0.04728902503848076,0.995304524898529,0.00597818847745657,0.13831525123522098,8,13
95,96,65,20-30,KSU_1,Post-Flowering,ASWB/Parameter generator,ASWB,Parameter generator,component,4,8290,25,1.1450700759887695,0.9769174456596375,0.9769174456596375,0.611875,0.0,0.0,0.0,0.0,0.0,0.0,0.0,0.0,0.0,0,13
95,96,65,20-30,KSU_1,Post-Flowering,ASWB/Self-modulation,ASWB,Self-modulation,component,2,512,25,1.1450700759887695,0.9769174456596375,0.9769174456596375,0.611875,0.10353267192840576,0.08064041286706924,0.7788885235786438,0.9942203760147095,0.24061141908168793,0.0892329066991806,0.994215190410614,0.012533293105661869,0.15542198582641475,2,13
95,96,65,20-30,KSU_1,Post-Flowering,ASWB/Wave propagation,ASWB,Wave propagation,component,10,266240,25,1.1450700759887695,0.9769174456596375,0.9769174456596375,0.611875,0.1681547313928604,0.1330379992723465,0.7911641597747803,0.9954452514648438,0.2254321426153183,0.14491043984889984,0.9955195784568787,0.017711801454424858,0.1331334021204456,8,13
95,96,65,20-30,KSU_1,Post-Flowering,Decoder,Decoder,All,module,119,4348539,25,1.1450700759887695,0.9769174456596375,0.9769174456596375,0.611875,1.1721765995025635,1.2273039817810059,1.047029972076416,0.9717473387718201,0.24774034321308136,1.005627155303955,0.9713098406791687,0.3463526964187622,0.2822061213523902,83,13
95,96,65,20-30,KSU_1,Post-Flowering,Decoder/Detection decoder,Decoder,Detection decoder,component,119,4348539,25,1.1450700759887695,0.9769174456596375,0.9769174456596375,0.611875,1.1721765995025635,1.2273039817810059,1.047029972076416,0.9717473387718201,0.24774034321308136,1.005627155303955,0.9713098406791687,0.3463526964187622,0.2822061213523902,83,13
95,96,65,20-30,KSU_1,Post-Flowering,MSIA,MSIA,All,module,16,461568,25,1.1450700759887695,0.9769174456596375,0.9769174456596375,0.611875,0.10573899000883102,0.10018552094697952,0.9474794864654541,0.9867942929267883,0.16668105125427246,0.09007415920495987,0.9851837754249573,0.019226212054491043,0.19190609454100654,16,13
95,96,65,20-30,KSU_1,Post-Flowering,MSIA/Hypergraph interaction,MSIA,Hypergraph interaction,component,4,66304,25,1.1450700759887695,0.9769174456596375,0.9769174456596375,0.611875,0.05887100100517273,0.05704952031373978,0.9690598249435425,0.9885815382003784,0.15194474160671234,0.04987166449427605,0.9867868423461914,0.011256451718509197,0.1973101904556803,4,13
95,96,65,20-30,KSU_1,Post-Flowering,MSIA/Semantic collection,MSIA,Semantic collection,component,3,197120,25,1.1450700759887695,0.9769174456596375,0.9769174456596375,0.611875,0.04730069637298584,0.04370732977986336,0.9240314364433289,0.9862247705459595,0.17671668529510498,0.04052405059337616,0.9852043986320496,0.007908566854894161,0.18094372030335654,3,13
95,96,65,20-30,KSU_1,Post-Flowering,MSIA/Semantic scattering,MSIA,Semantic scattering,component,9,198144,25,1.1450700759887695,0.9769174456596375,0.9769174456596375,0.611875,0.0740106925368309,0.06980087608098984,0.9431188106536865,0.9861573576927185,0.17130620777606964,0.06311871856451035,0.9845946431159973,0.013431087136268616,0.19242003668671076,9,13
1018,1019,66,20-30,KSU_4,Ripening,ASWB,ASWB,All,module,24,801634,27,1.1549203395843506,0.9827668070793152,0.9827668070793152,0.611875,0.2203826606273651,0.18866120278835297,0.8560619354248047,0.9888595342636108,0.1994786262512207,0.18993009626865387,0.9887271523475647,0.028451265767216682,0.15080612943581384,18,14
1018,1019,66,20-30,KSU_4,Ripening,ASWB/Feed-forward,ASWB,Feed-forward,component,8,526592,27,1.1549203395843506,0.9827668070793152,0.9827668070793152,0.611875,0.05796223133802414,0.04847884550690651,0.8363867998123169,0.9887699484825134,0.21343541145324707,0.04995939880609512,0.9885476231575012,0.007593891117721796,0.15664339854462783,8,14
1018,1019,66,20-30,KSU_4,Ripening,ASWB/Parameter generator,ASWB,Parameter generator,component,4,8290,27,1.1549203395843506,0.9827668070793152,0.9827668070793152,0.611875,0.0,0.0,0.0,0.0,0.0,0.0,0.0,0.0,0.0,0,14
1018,1019,66,20-30,KSU_4,Ripening,ASWB/Self-modulation,ASWB,Self-modulation,component,2,512,27,1.1549203395843506,0.9827668070793152,0.9827668070793152,0.611875,0.11236964911222458,0.09719035029411316,0.8649163842201233,0.989095151424408,0.19264322519302368,0.09682905673980713,0.9889095425605774,0.014452414587140083,0.14870215554738533,2,14
1018,1019,66,20-30,KSU_4,Ripening,ASWB/Wave propagation,ASWB,Wave propagation,component,10,266240,27,1.1549203395843506,0.9827668070793152,0.9827668070793152,0.611875,0.18050473928451538,0.15426239371299744,0.8546168804168701,0.9888253211975098,0.20058967173099518,0.15556874871253967,0.9887235164642334,0.02330096624791622,0.1510476123640819,8,14
1018,1019,66,20-30,KSU_4,Ripening,Decoder,Decoder,All,module,119,4348539,27,1.1549203395843506,0.9827668070793152,0.9827668070793152,0.611875,1.4257259368896484,1.3418625593185425,0.9411785006523132,0.9631457328796387,0.26987600326538086,1.2235236167907715,0.9623690247535706,0.3709043264389038,0.2764100718536074,83,14
1018,1019,66,20-30,KSU_4,Ripening,Decoder/Detection decoder,Decoder,Detection decoder,component,119,4348539,27,1.1549203395843506,0.9827668070793152,0.9827668070793152,0.611875,1.4257259368896484,1.3418625593185425,0.9411785006523132,0.9631457328796387,0.26987600326538086,1.2235236167907715,0.9623690247535706,0.3709043264389038,0.2764100718536074,83,14
1018,1019,66,20-30,KSU_4,Ripening,MSIA,MSIA,All,module,16,461568,27,1.1549203395843506,0.9827668070793152,0.9827668070793152,0.611875,0.12961769104003906,0.1092604473233223,0.8429439663887024,0.9853836894035339,0.22205424308776855,0.11106898635625839,0.984732985496521,0.019334344193339348,0.17695648029085376,16,14
1018,1019,66,20-30,KSU_4,Ripening,MSIA/Hypergraph interaction,MSIA,Hypergraph interaction,component,4,66304,27,1.1549203395843506,0.9827668070793152,0.9827668070793152,0.611875,0.06398549675941467,0.05328783392906189,0.8328111171722412,0.9851781725883484,0.22943338751792908,0.054870884865522385,0.984420895576477,0.009675323963165283,0.1815672218173724,4,14
1018,1019,66,20-30,KSU_4,Ripening,MSIA/Semantic collection,MSIA,Semantic collection,component,3,197120,27,1.1549203395843506,0.9827668070793152,0.9827668070793152,0.611875,0.0646573156118393,0.055061180144548416,0.8515846729278564,0.9884626865386963,0.20414912700653076,0.055488746613264084,0.9879661202430725,0.008585824631154537,0.155932448389496,3,14
1018,1019,66,20-30,KSU_4,Ripening,MSIA/Semantic scattering,MSIA,Semantic scattering,component,9,198144,27,1.1549203395843506,0.9827668070793152,0.9827668070793152,0.611875,0.09233652055263519,0.07788786292076111,0.843521773815155,0.9840165972709656,0.22682617604732513,0.07903482764959335,0.9833351373672485,0.014369710348546505,0.18449229199118572,9,14
1056,1057,18,80-100,UQ_7,Ripening,ASWB,ASWB,All,module,24,801634,85,1.2573392391204834,1.0765964984893799,1.0765964984893799,0.611875,0.016147935763001442,0.01827404275536537,1.1316642761230469,-0.3719264268875122,1.7670471668243408,0.013771690428256989,-0.3570233881473541,0.026519805192947388,1.4512281462820267,18,15
1056,1057,18,80-100,UQ_7,Ripening,ASWB/Feed-forward,ASWB,Feed-forward,component,8,526592,85,1.2573392391204834,1.0765964984893799,1.0765964984893799,0.611875,0.005083050113171339,0.004895796068012714,0.9631611108779907,-0.2214549332857132,1.5343639850616455,0.004338359925895929,-0.20279981195926666,0.007169728633016348,1.4644663571386585,8,15
1056,1057,18,80-100,UQ_7,Ripening,ASWB/Parameter generator,ASWB,Parameter generator,component,4,8290,85,1.2573392391204834,1.0765964984893799,1.0765964984893799,0.611875,0.0,0.0,0.0,0.0,0.0,0.0,0.0,0.0,0.0,0,15
1056,1057,18,80-100,UQ_7,Ripening,ASWB/Self-modulation,ASWB,Self-modulation,component,2,512,85,1.2573392391204834,1.0765964984893799,1.0765964984893799,0.611875,0.008653223514556885,0.007877483032643795,0.9103524088859558,-0.44235551357269287,1.6230034828186035,0.007421082817018032,-0.4271983206272125,0.012925740331411362,1.6408464833053789,2,15
1056,1057,18,80-100,UQ_7,Ripening,ASWB/Wave propagation,ASWB,Wave propagation,component,10,266240,85,1.2573392391204834,1.0765964984893799,1.0765964984893799,0.611875,0.01265069842338562,0.015745382755994797,1.2446255683898926,-0.37193912267684937,1.8641196489334106,0.010759442113339901,-0.35752519965171814,0.022018639370799065,1.3984188070890704,8,15
1056,1057,18,80-100,UQ_7,Ripening,Decoder,Decoder,All,module,119,4348539,85,1.2573392391204834,1.0765964984893799,1.0765964984893799,0.611875,0.8915881514549255,1.0643136501312256,1.1937278509140015,0.979157030582428,0.2954519987106323,0.7665501832962036,0.9790187478065491,0.35056793689727783,0.3293840465675266,83,15
1056,1057,18,80-100,UQ_7,Ripening,Decoder/Detection decoder,Decoder,Detection decoder,component,119,4348539,85,1.2573392391204834,1.0765964984893799,1.0765964984893799,0.611875,0.8915881514549255,1.0643136501312256,1.1937278509140015,0.979157030582428,0.2954519987106323,0.7665501832962036,0.9790187478065491,0.35056793689727783,0.3293840465675266,83,15
1056,1057,18,80-100,UQ_7,Ripening,MSIA,MSIA,All,module,16,461568,85,1.2573392391204834,1.0765964984893799,1.0765964984893799,0.611875,0.029184065759181976,0.030676113441586494,1.051125407218933,0.8983413577079773,0.46510863304138184,0.025115998461842537,0.9006950855255127,0.01356230117380619,0.44211275980679715,16,15
1056,1057,18,80-100,UQ_7,Ripening,MSIA/Hypergraph interaction,MSIA,Hypergraph interaction,component,4,66304,85,1.2573392391204834,1.0765964984893799,1.0765964984893799,0.611875,0.013812626712024212,0.014560072682797909,1.0541132688522339,0.8842840790748596,0.4968738555908203,0.011889668181538582,0.886702835559845,0.006808655336499214,0.46762509259609286,4,15
1056,1057,18,80-100,UQ_7,Ripening,MSIA/Semantic collection,MSIA,Semantic collection,component,3,197120,85,1.2573392391204834,1.0765964984893799,1.0765964984893799,0.611875,0.01236692164093256,0.012752815149724483,1.0312036275863647,0.8345574736595154,0.5849647521972656,0.010664932429790497,0.8383813500404358,0.006951410323381424,0.545088299467087,3,15
1056,1057,18,80-100,UQ_7,Ripening,MSIA/Semantic scattering,MSIA,Semantic scattering,component,9,198144,85,1.2573392391204834,1.0765964984893799,1.0765964984893799,0.611875,0.02253841795027256,0.023799031972885132,1.055931806564331,0.9224250316619873,0.4086029827594757,0.019383201375603676,0.9243915677070618,0.009447544813156128,0.39697181061481684,9,15
1302,1303,5,40-50,Terraref_1,Ripening,ASWB,ASWB,All,module,24,801634,40,0.8487675786018372,0.7031049132347107,0.7031049132347107,0.611875,0.0921207144856453,0.06519847363233566,0.7077504396438599,0.9735000729560852,0.3505999445915222,0.07719464600086212,0.9728387594223022,0.020428234711289406,0.31332381838396095,18,16
1302,1303,5,40-50,Terraref_1,Ripening,ASWB/Feed-forward,ASWB,Feed-forward,component,8,526592,40,0.8487675786018372,0.7031049132347107,0.7031049132347107,0.611875,0.023425593972206116,0.016505012288689613,0.7045717835426331,0.9700167179107666,0.35990092158317566,0.019625943154096603,0.9693865180015564,0.005438128020614386,0.3294834275489132,8,16
1302,1303,5,40-50,Terraref_1,Ripening,ASWB/Parameter generator,ASWB,Parameter generator,component,4,8290,40,0.8487675786018372,0.7031049132347107,0.7031049132347107,0.611875,0.0,0.0,0.0,0.0,0.0,0.0,0.0,0.0,0.0,0,16
1302,1303,5,40-50,Terraref_1,Ripening,ASWB/Self-modulation,ASWB,Self-modulation,component,2,512,40,0.8487675786018372,0.7031049132347107,0.7031049132347107,0.611875,0.0441003181040287,0.030927125364542007,0.7012903094291687,0.9566017985343933,0.38742342591285706,0.036970414221286774,0.9554357528686523,0.011765618808567524,0.3804304043743045,2,16
1302,1303,5,40-50,Terraref_1,Ripening,ASWB/Wave propagation,ASWB,Wave propagation,component,10,266240,40,0.8487675786018372,0.7031049132347107,0.7031049132347107,0.611875,0.07741206884384155,0.05497216805815697,0.7101240158081055,0.9792518019676208,0.33689072728157043,0.06486158072948456,0.9787540435791016,0.015789544209837914,0.28722796949055396,8,16
1302,1303,5,40-50,Terraref_1,Ripening,Decoder,Decoder,All,module,119,4348539,40,0.8487675786018372,0.7031049132347107,0.7031049132347107,0.611875,0.9647149443626404,0.9980260729789734,1.034529447555542,0.9562417268753052,0.30287089943885803,0.8025796413421631,0.9556384682655334,0.3305538296699524,0.3312076093195579,83,16
1302,1303,5,40-50,Terraref_1,Ripening,Decoder/Detection decoder,Decoder,Detection decoder,component,119,4348539,40,0.8487675786018372,0.7031049132347107,0.7031049132347107,0.611875,0.9647149443626404,0.9980260729789734,1.034529447555542,0.9562417268753052,0.30287089943885803,0.8025796413421631,0.9556384682655334,0.3305538296699524,0.3312076093195579,83,16
1302,1303,5,40-50,Terraref_1,Ripening,MSIA,MSIA,All,module,16,461568,40,0.8487675786018372,0.7031049132347107,0.7031049132347107,0.611875,0.06610237061977386,0.05414918065071106,0.8191715478897095,0.9685508608818054,0.290212482213974,0.055085498839616776,0.9679111242294312,0.013867521658539772,0.2560984578509531,16,16
1302,1303,5,40-50,Terraref_1,Ripening,MSIA/Hypergraph interaction,MSIA,Hypergraph interaction,component,4,66304,40,0.8487675786018372,0.7031049132347107,0.7031049132347107,0.611875,0.030727697536349297,0.025125835090875626,0.8176934123039246,0.9646185636520386,0.3018246293067932,0.025618813931941986,0.9638551473617554,0.006839275360107422,0.27220091731761326,4,16
1302,1303,5,40-50,Terraref_1,Ripening,MSIA/Semantic collection,MSIA,Semantic collection,component,3,197120,40,0.8487675786018372,0.7031049132347107,0.7031049132347107,0.611875,0.033631838858127594,0.02590731903910637,0.7703211903572083,0.9692460894584656,0.3164377510547638,0.028060859069228172,0.9684761762619019,0.0071043819189071655,0.27422296796450846,3,16
1302,1303,5,40-50,Terraref_1,Ripening,MSIA/Semantic scattering,MSIA,Semantic scattering,component,9,198144,40,0.8487675786018372,0.7031049132347107,0.7031049132347107,0.611875,0.04789813980460167,0.040368758141994476,0.8428043127059937,0.9710255265235901,0.27120137214660645,0.039883289486169815,0.9705520272254944,0.009749884717166424,0.2415205511864358,9,16
92,93,72,30-40,CIMMYT_3,Post-Flowering,ASWB,ASWB,All,module,24,801634,39,1.1331030130386353,0.9657272100448608,0.9657272100448608,0.611875,0.06912494450807571,0.044181596487760544,0.6391556262969971,0.9489004611968994,0.4421873688697815,0.05906372889876366,0.9488056898117065,0.022105751559138298,0.5003384512205703,18,17
92,93,72,30-40,CIMMYT_3,Post-Flowering,ASWB/Feed-forward,ASWB,Feed-forward,component,8,526592,39,1.1331030130386353,0.9657272100448608,0.9657272100448608,0.611875,0.01610005646944046,0.009994728490710258,0.6207883954048157,0.9287624359130859,0.48192161321640015,0.013758090324699879,0.9286167621612549,0.005813299678266048,0.5816365780890699,8,17
92,93,72,30-40,CIMMYT_3,Post-Flowering,ASWB/Parameter generator,ASWB,Parameter generator,component,4,8290,39,1.1331030130386353,0.9657272100448608,0.9657272100448608,0.611875,0.0,0.0,0.0,0.0,0.0,0.0,0.0,0.0,0.0,0,17
92,93,72,30-40,CIMMYT_3,Post-Flowering,ASWB/Self-modulation,ASWB,Self-modulation,component,2,512,39,1.1331030130386353,0.9657272100448608,0.9657272100448608,0.611875,0.03294222429394722,0.020843753591179848,0.6327366828918457,0.9270937442779541,0.47659552097320557,0.028155377134680748,0.9272512793540955,0.011783341877162457,0.5653176538293296,2,17
92,93,72,30-40,CIMMYT_3,Post-Flowering,ASWB/Wave propagation,ASWB,Wave propagation,component,10,266240,39,1.1331030130386353,0.9657272100448608,0.9657272100448608,0.611875,0.058599114418029785,0.03765178471803665,0.6425316333770752,0.9572134613990784,0.4275127649307251,0.05006509646773338,0.9570480585098267,0.017777027562260628,0.47214302576591405,8,17
92,93,72,30-40,CIMMYT_3,Post-Flowering,Decoder,Decoder,All,module,119,4348539,39,1.1331030130386353,0.9657272100448608,0.9657272100448608,0.611875,0.8223819136619568,0.9730817079544067,1.1832479238510132,0.9802321195602417,0.2834785282611847,0.7028074264526367,0.9801511168479919,0.3165390193462372,0.3252954163650443,83,17
92,93,72,30-40,CIMMYT_3,Post-Flowering,Decoder/Detection decoder,Decoder,Detection decoder,component,119,4348539,39,1.1331030130386353,0.9657272100448608,0.9657272100448608,0.611875,0.8223819136619568,0.9730817079544067,1.1832479238510132,0.9802321195602417,0.2834785282611847,0.7028074264526367,0.9801511168479919,0.3165390193462372,0.3252954163650443,83,17
92,93,72,30-40,CIMMYT_3,Post-Flowering,MSIA,MSIA,All,module,16,461568,39,1.1331030130386353,0.9657272100448608,0.9657272100448608,0.611875,0.03344970569014549,0.030260534957051277,0.9046577215194702,0.893695592880249,0.44880756735801697,0.02846900001168251,0.8949742317199707,0.013570772483944893,0.4484643944069682,16,17
92,93,72,30-40,CIMMYT_3,Post-Flowering,MSIA/Hypergraph interaction,MSIA,Hypergraph interaction,component,4,66304,39,1.1331030130386353,0.9657272100448608,0.9657272100448608,0.611875,0.015406167134642601,0.013446098193526268,0.8727737665176392,0.8819136619567871,0.47149959206581116,0.013113763183355331,0.8829498291015625,0.006433433853089809,0.478461019731898,4,17
92,93,72,30-40,CIMMYT_3,Post-Flowering,MSIA/Semantic collection,MSIA,Semantic collection,component,3,197120,39,1.1331030130386353,0.9657272100448608,0.9657272100448608,0.611875,0.016201527789235115,0.013500479981303215,0.8332843780517578,0.808418869972229,0.58913254737854,0.013760466128587723,0.8111186027526855,0.008381271734833717,0.6208128708342905,3,17
92,93,72,30-40,CIMMYT_3,Post-Flowering,MSIA/Semantic scattering,MSIA,Semantic scattering,component,9,198144,39,1.1331030130386353,0.9657272100448608,0.9657272100448608,0.611875,0.024880582466721535,0.023508284240961075,0.9448446035385132,0.931935727596283,0.36285316944122314,0.021193455904722214,0.9325876832008362,0.008516517467796803,0.36227728831683664,9,17
809,810,3,50-60,ARC_1,Filling,ASWB,ASWB,All,module,24,801634,50,1.3139939308166504,1.129589319229126,1.129589319229126,0.611875,0.021569831296801567,0.04275625944137573,1.9822250604629517,0.9576773643493652,1.0642142295837402,0.01872961036860943,0.9586095213890076,0.025368714705109596,0.5933333513398975,18,18
809,810,3,50-60,ARC_1,Filling,ASWB/Feed-forward,ASWB,Feed-forward,component,8,526592,50,1.3139939308166504,1.129589319229126,1.129589319229126,0.611875,0.005274467170238495,0.010660500265657902,2.0211520195007324,0.9544826149940491,1.1075862646102905,0.004568308126181364,0.9555380344390869,0.006437813863158226,0.6038941609426359,8,18
809,810,3,50-60,ARC_1,Filling,ASWB/Parameter generator,ASWB,Parameter generator,component,4,8290,50,1.3139939308166504,1.129589319229126,1.129589319229126,0.611875,0.0,0.0,0.0,0.0,0.0,0.0,0.0,0.0,0.0,0,18
809,810,3,50-60,ARC_1,Filling,ASWB/Self-modulation,ASWB,Self-modulation,component,2,512,50,1.3139939308166504,1.129589319229126,1.129589319229126,0.611875,0.010987358167767525,0.02141888625919819,1.9494118690490723,0.9705615639686584,1.0080465078353882,0.009551014751195908,0.9713276028633118,0.012352226302027702,0.5766978802048182,2,18
809,810,3,50-60,ARC_1,Filling,ASWB/Wave propagation,ASWB,Wave propagation,component,10,266240,50,1.3139939308166504,1.129589319229126,1.129589319229126,0.611875,0.017796505242586136,0.035435616970062256,1.991155982017517,0.9532297849655151,1.0810381174087524,0.015450146049261093,0.9542182087898254,0.021202562376856804,0.598340432304869,8,18
809,810,3,50-60,ARC_1,Filling,Decoder,Decoder,All,module,119,4348539,50,1.3139939308166504,1.129589319229126,1.129589319229126,0.611875,0.9811191558837891,1.1769914627075195,1.1996417045593262,0.9872571229934692,0.26538729667663574,0.845880925655365,0.9865772128105164,0.36927154660224915,0.31374190748400743,83,18
809,810,3,50-60,ARC_1,Filling,Decoder/Detection decoder,Decoder,Detection decoder,component,119,4348539,50,1.3139939308166504,1.129589319229126,1.129589319229126,0.611875,0.9811191558837891,1.1769914627075195,1.1996417045593262,0.9872571229934692,0.26538729667663574,0.845880925655365,0.9865772128105164,0.36927154660224915,0.31374190748400743,83,18
809,810,3,50-60,ARC_1,Filling,MSIA,MSIA,All,module,16,461568,50,1.3139939308166504,1.129589319229126,1.129589319229126,0.611875,0.038502153009176254,0.040535908192396164,1.0528218746185303,0.969573974609375,0.25856608152389526,0.03302384167909622,0.9699753522872925,0.011696843430399895,0.288555109580449,16,18
809,810,3,50-60,ARC_1,Filling,MSIA/Hypergraph interaction,MSIA,Hypergraph interaction,component,4,66304,50,1.3139939308166504,1.129589319229126,1.129589319229126,0.611875,0.019080327823758125,0.020278584212064743,1.062800645828247,0.9679718613624573,0.2683708965778351,0.016298815608024597,0.9691706895828247,0.006018131040036678,0.29677274197752873,4,18
809,810,3,50-60,ARC_1,Filling,MSIA/Semantic collection,MSIA,Semantic collection,component,3,197120,50,1.3139939308166504,1.129589319229126,1.129589319229126,0.611875,0.017254270613193512,0.018557652831077576,1.0755397081375122,0.9655210971832275,0.28261855244636536,0.014891259372234344,0.9659164547920227,0.005681569688022137,0.30615777435535896,3,18
809,810,3,50-60,ARC_1,Filling,MSIA/Semantic scattering,MSIA,Semantic scattering,component,9,198144,50,1.3139939308166504,1.129589319229126,1.129589319229126,0.611875,0.028646936640143394,0.029791811481118202,1.039965033531189,0.9719967246055603,0.2446267306804657,0.024559583514928818,0.9720219373703003,0.008265471085906029,0.2774410374859083,9,18
1059,1060,61,60-70,Terraref_1,Ripening,ASWB,ASWB,All,module,24,801634,62,0.7963013648986816,0.671660840511322,0.671660840511322,0.611875,0.03639247268438339,0.03182109072804451,0.8743866086006165,0.8403512835502625,0.5431097149848938,0.030832920223474503,0.8308422565460205,0.01824582740664482,0.5733878691519659,18,19
1059,1060,61,60-70,Terraref_1,Ripening,ASWB/Feed-forward,ASWB,Feed-forward,component,8,526592,62,0.7963013648986816,0.671660840511322,0.671660840511322,0.611875,0.009565653279423714,0.008435283787548542,0.8818303942680359,0.8354045152664185,0.5515928268432617,0.008107174187898636,0.825251579284668,0.004899842664599419,0.5808746674097859,8,19
1059,1060,61,60-70,Terraref_1,Ripening,ASWB/Parameter generator,ASWB,Parameter generator,component,4,8290,62,0.7963013648986816,0.671660840511322,0.671660840511322,0.611875,0.0,0.0,0.0,0.0,0.0,0.0,0.0,0.0,0.0,0,19
1059,1060,61,60-70,Terraref_1,Ripening,ASWB/Self-modulation,ASWB,Self-modulation,component,2,512,62,0.7963013648986816,0.671660840511322,0.671660840511322,0.611875,0.01680302992463112,0.01600843109190464,0.9527109861373901,0.8030897378921509,0.6143559813499451,0.014209962449967861,0.789675772190094,0.009946015663444996,0.6212985898708482,2,19
1059,1060,61,60-70,Terraref_1,Ripening,ASWB/Wave propagation,ASWB,Wave propagation,component,10,266240,62,0.7963013648986816,0.671660840511322,0.671660840511322,0.611875,0.030831290408968925,0.026175521314144135,0.8489920496940613,0.8546648025512695,0.5192111134529114,0.026134643703699112,0.8465278148651123,0.014490636065602303,0.5535949367232729,8,19
1059,1060,61,60-70,Terraref_1,Ripening,Decoder,Decoder,All,module,119,4348539,62,0.7963013648986816,0.671660840511322,0.671660840511322,0.611875,0.54860919713974,0.6567678451538086,1.1971505880355835,0.9797400236129761,0.29559630155563354,0.46399539709091187,0.9787288308143616,0.22388717532157898,0.3408924127050507,83,19
1059,1060,61,60-70,Terraref_1,Ripening,Decoder/Detection decoder,Decoder,Detection decoder,component,119,4348539,62,0.7963013648986816,0.671660840511322,0.671660840511322,0.611875,0.54860919713974,0.6567678451538086,1.1971505880355835,0.9797400236129761,0.29559630155563354,0.46399539709091187,0.9787288308143616,0.22388717532157898,0.3408924127050507,83,19
1059,1060,61,60-70,Terraref_1,Ripening,MSIA,MSIA,All,module,16,461568,62,0.7963013648986816,0.671660840511322,0.671660840511322,0.611875,0.029459848999977112,0.03401617705821991,1.1546622514724731,0.9539481401443481,0.3609279990196228,0.02453354001045227,0.950261652469635,0.013150571845471859,0.386597583348775,16,19
1059,1060,61,60-70,Terraref_1,Ripening,MSIA/Hypergraph interaction,MSIA,Hypergraph interaction,component,4,66304,62,0.7963013648986816,0.671660840511322,0.671660840511322,0.611875,0.015136534348130226,0.018172089010477066,1.200544834136963,0.9593509435653687,0.3712414503097534,0.012555702589452267,0.9558494687080383,0.007189636118710041,0.39564169615088707,4,19
1059,1060,61,60-70,Terraref_1,Ripening,MSIA/Semantic collection,MSIA,Semantic collection,component,3,197120,62,0.7963013648986816,0.671660840511322,0.671660840511322,0.611875,0.015026926063001156,0.018113156780600548,1.2053800821304321,0.9585586786270142,0.37694352865219116,0.012430851347744465,0.9549846649169922,0.007249834947288036,0.40025242618408263,3,19
1059,1060,61,60-70,Terraref_1,Ripening,MSIA/Semantic scattering,MSIA,Semantic scattering,component,9,198144,62,0.7963013648986816,0.671660840511322,0.671660840511322,0.611875,0.020321404561400414,0.02233358472585678,1.0990177392959595,0.9500401616096497,0.34585797786712646,0.01702124997973442,0.9467761516571045,0.008287735283374786,0.37108844751553177,9,19
328,329,83,50-60,UQ_11,Post-Flowering,ASWB,ASWB,All,module,24,801634,59,1.2043105363845825,1.0239237546920776,1.0239237546920776,0.611875,0.046217434108257294,0.06056363135576248,1.3104065656661987,0.9658684730529785,0.4310506582260132,0.039889540523290634,0.9658899307250977,0.02433573268353939,0.4018208971088043,18,20
328,329,83,50-60,UQ_11,Post-Flowering,ASWB/Feed-forward,ASWB,Feed-forward,component,8,526592,59,1.2043105363845825,1.0239237546920776,1.0239237546920776,0.611875,0.0145886754617095,0.01797368936240673,1.2320302724838257,0.9708454608917236,0.354508638381958,0.012581652030348778,0.970924973487854,0.006498005241155624,0.3615287384874177,8,20
328,329,83,50-60,UQ_11,Post-Flowering,ASWB/Parameter generator,ASWB,Parameter generator,component,4,8290,59,1.2043105363845825,1.0239237546920776,1.0239237546920776,0.611875,0.0,0.0,0.0,0.0,0.0,0.0,0.0,0.0,0.0,0,20
328,329,83,50-60,UQ_11,Post-Flowering,ASWB/Self-modulation,ASWB,Self-modulation,component,2,512,59,1.2043105363845825,1.0239237546920776,1.0239237546920776,0.611875,0.02229798212647438,0.029241792857646942,1.311409831047058,0.9669520258903503,0.4285500645637512,0.019221853464841843,0.96668541431427,0.011740963906049728,0.401513134410272,2,20
328,329,83,50-60,UQ_11,Post-Flowering,ASWB/Wave propagation,ASWB,Wave propagation,component,10,266240,59,1.2043105363845825,1.0239237546920776,1.0239237546920776,0.611875,0.03776270151138306,0.04989807307720184,1.3213586807250977,0.9650900959968567,0.44218558073043823,0.03260978311300278,0.9651942849159241,0.020301567390561104,0.4068607490944731,8,20
328,329,83,50-60,UQ_11,Post-Flowering,Decoder,Decoder,All,module,119,4348539,59,1.2043105363845825,1.0239237546920776,1.0239237546920776,0.611875,0.8971722722053528,1.043872594833374,1.1635141372680664,0.977057695388794,0.2830619812011719,0.7668918371200562,0.9766726493835449,0.33773863315582275,0.32354392176540814,83,20
328,329,83,50-60,UQ_11,Post-Flowering,Decoder/Detection decoder,Decoder,Detection decoder,component,119,4348539,59,1.2043105363845825,1.0239237546920776,1.0239237546920776,0.611875,0.8971722722053528,1.043872594833374,1.1635141372680664,0.977057695388794,0.2830619812011719,0.7668918371200562,0.9766726493835449,0.33773863315582275,0.32354392176540814,83,20
328,329,83,50-60,UQ_11,Post-Flowering,MSIA,MSIA,All,module,16,461568,59,1.2043105363845825,1.0239237546920776,1.0239237546920776,0.611875,0.039662547409534454,0.0429818369448185,1.0836882591247559,0.969740092754364,0.269422709941864,0.03401372581720352,0.969898521900177,0.012978531420230865,0.3019538563903896,16,20
328,329,83,50-60,UQ_11,Post-Flowering,MSIA/Hypergraph interaction,MSIA,Hypergraph interaction,component,4,66304,59,1.2043105363845825,1.0239237546920776,1.0239237546920776,0.611875,0.018845928832888603,0.02112681046128273,1.1210278272628784,0.9705130457878113,0.28418147563934326,0.01617182232439518,0.97032630443573,0.006695412565022707,0.31691544624271645,4,20
328,329,83,50-60,UQ_11,Post-Flowering,MSIA/Semantic collection,MSIA,Semantic collection,component,3,197120,59,1.2043105363845825,1.0239237546920776,1.0239237546920776,0.611875,0.017117124050855637,0.01923326775431633,1.1236273050308228,0.9709503650665283,0.28384077548980713,0.014696729369461536,0.970757782459259,0.006091941613703966,0.31673981205491264,3,20
328,329,83,50-60,UQ_11,Post-Flowering,MSIA/Semantic scattering,MSIA,Semantic scattering,component,9,198144,59,1.2043105363845825,1.0239237546920776,1.0239237546920776,0.611875,0.030413033440709114,0.03211195394396782,1.0558615922927856,0.9697859883308411,0.2586974501609802,0.026065533980727196,0.9701662063598633,0.009300644509494305,0.28963184631252925,9,20
906,907,60,40-50,Ukyoto_1,Post-Flowering,ASWB,ASWB,All,module,24,801634,48,0.9635041952133179,0.8308483958244324,0.8308483958244324,0.611875,0.10788240283727646,0.11729288101196289,1.0872290134429932,0.986786425113678,0.19063414633274078,0.09677012264728546,0.9864710569381714,0.026987068355083466,0.2300827477528752,18,21
906,907,60,40-50,Ukyoto_1,Post-Flowering,ASWB/Feed-forward,ASWB,Feed-forward,component,8,526592,48,0.9635041952133179,0.8308483958244324,0.8308483958244324,0.611875,0.030121713876724243,0.03319333866238594,1.1019737720489502,0.9898737668991089,0.18087655305862427,0.027019308879971504,0.989653468132019,0.007528445217758417,0.22680590507424636,8,21
906,907,60,40-50,Ukyoto_1,Post-Flowering,ASWB/Parameter generator,ASWB,Parameter generator,component,4,8290,48,0.9635041952133179,0.8308483958244324,0.8308483958244324,0.611875,0.0,0.0,0.0,0.0,0.0,0.0,0.0,0.0,0.0,0,21
906,907,60,40-50,Ukyoto_1,Post-Flowering,ASWB/Self-modulation,ASWB,Self-modulation,component,2,512,48,0.9635041952133179,0.8308483958244324,0.8308483958244324,0.611875,0.05750691145658493,0.06302393227815628,1.09593665599823,0.988606870174408,0.18486811220645905,0.05149497091770172,0.9884549379348755,0.014417163096368313,0.2287569590665674,2,21
906,907,60,40-50,Ukyoto_1,Post-Flowering,ASWB/Wave propagation,ASWB,Wave propagation,component,10,266240,48,0.9635041952133179,0.8308483958244324,0.8308483958244324,0.611875,0.08616408705711365,0.09318694472312927,1.0815056562423706,0.9856194853782654,0.1942906379699707,0.07734779268503189,0.9852319955825806,0.021535316482186317,0.23109799925483757,8,21
906,907,60,40-50,Ukyoto_1,Post-Flowering,Decoder,Decoder,All,module,119,4348539,48,0.9635041952133179,0.8308483958244324,0.8308483958244324,0.611875,1.0987964868545532,1.1713593006134033,1.0660384893417358,0.9893275499343872,0.16466768085956573,0.9698323607444763,0.9884924292564392,0.2583770751953125,0.2205788395243105,83,21
906,907,60,40-50,Ukyoto_1,Post-Flowering,Decoder/Detection decoder,Decoder,Detection decoder,component,119,4348539,48,0.9635041952133179,0.8308483958244324,0.8308483958244324,0.611875,1.0987964868545532,1.1713593006134033,1.0660384893417358,0.9893275499343872,0.16466768085956573,0.9698323607444763,0.9884924292564392,0.2583770751953125,0.2205788395243105,83,21
906,907,60,40-50,Ukyoto_1,Post-Flowering,MSIA,MSIA,All,module,16,461568,48,0.9635041952133179,0.8308483958244324,0.8308483958244324,0.611875,0.05088435113430023,0.05296206474304199,1.0408320426940918,0.981818675994873,0.19878220558166504,0.04462805762887001,0.9829985499382019,0.01224023662507534,0.2311132823930062,16,21
906,907,60,40-50,Ukyoto_1,Post-Flowering,MSIA/Hypergraph interaction,MSIA,Hypergraph interaction,component,4,66304,48,0.9635041952133179,0.8308483958244324,0.8308483958244324,0.611875,0.02476685866713524,0.025610225275158882,1.0340522527694702,0.9796441793441772,0.2079852968454361,0.021688153967261314,0.9818178415298462,0.005964959040284157,0.2329131812077413,4,21
906,907,60,40-50,Ukyoto_1,Post-Flowering,MSIA/Semantic collection,MSIA,Semantic collection,component,3,197120,48,0.9635041952133179,0.8308483958244324,0.8308483958244324,0.611875,0.024335304275155067,0.02514653466641903,1.033335566520691,0.979325532913208,0.209377259016037,0.021364916115999222,0.9815722703933716,0.005839644931256771,0.23222463885073993,3,21
906,907,60,40-50,Ukyoto_1,Post-Flowering,MSIA/Semantic scattering,MSIA,Semantic scattering,component,9,198144,48,0.9635041952133179,0.8308483958244324,0.8308483958244324,0.611875,0.037196945399045944,0.03894544765353203,1.047006607055664,0.9838615655899048,0.1897467076778412,0.03263169527053833,0.9841532707214355,0.008952160365879536,0.2298641023597953,9,21
492,493,70,20-30,UQ_11,Post-Flowering,ASWB,ASWB,All,module,24,801634,27,1.1306661367416382,0.9560104608535767,0.9560104608535767,0.611875,0.05526954308152199,0.046794917434453964,0.8466673493385315,0.980095624923706,0.2391975224018097,0.04676804319024086,0.9796633124351501,0.009434758685529232,0.2016193040354132,18,22
492,493,70,20-30,UQ_11,Post-Flowering,ASWB/Feed-forward,ASWB,Feed-forward,component,8,526592,27,1.1306661367416382,0.9560104608535767,0.9560104608535767,0.611875,0.01753031276166439,0.01438220590353012,0.8204192519187927,0.9828349351882935,0.2457936406135559,0.01483661774545908,0.9824343323707581,0.002775417175143957,0.19297576420198026,8,22
492,493,70,20-30,UQ_11,Post-Flowering,ASWB/Parameter generator,ASWB,Parameter generator,component,4,8290,27,1.1306661367416382,0.9560104608535767,0.9560104608535767,0.611875,0.0,0.0,0.0,0.0,0.0,0.0,0.0,0.0,0.0,0,22
492,493,70,20-30,UQ_11,Post-Flowering,ASWB/Self-modulation,ASWB,Self-modulation,component,2,512,27,1.1306661367416382,0.9560104608535767,0.9560104608535767,0.611875,0.02730935998260975,0.022826319560408592,0.8358423709869385,0.9808372259140015,0.24286188185214996,0.023098547011613846,0.9805645942687988,0.004535291809588671,0.1986869498425391,2,22
492,493,70,20-30,UQ_11,Post-Flowering,ASWB/Wave propagation,ASWB,Wave propagation,component,10,266240,27,1.1306661367416382,0.9560104608535767,0.9560104608535767,0.611875,0.04473934695124626,0.03823447972536087,0.8546051979064941,0.9795657396316528,0.23678284883499146,0.03786266967654228,0.9790680408477783,0.007793770637363195,0.20384141992636035,8,22
492,493,70,20-30,UQ_11,Post-Flowering,Decoder,Decoder,All,module,119,4348539,27,1.1306661367416382,0.9560104608535767,0.9560104608535767,0.611875,0.9757472276687622,1.1243536472320557,1.1523001194000244,0.9688685536384583,0.3081246316432953,0.8298428654670715,0.968652069568634,0.3810960352420807,0.338946768376895,83,22
492,493,70,20-30,UQ_11,Post-Flowering,Decoder/Detection decoder,Decoder,Detection decoder,component,119,4348539,27,1.1306661367416382,0.9560104608535767,0.9560104608535767,0.611875,0.9757472276687622,1.1243536472320557,1.1523001194000244,0.9688685536384583,0.3081246316432953,0.8298428654670715,0.968652069568634,0.3810960352420807,0.338946768376895,83,22
492,493,70,20-30,UQ_11,Post-Flowering,MSIA,MSIA,All,module,16,461568,27,1.1306661367416382,0.9560104608535767,0.9560104608535767,0.611875,0.05987492948770523,0.056276723742485046,0.9399046301841736,0.973565936088562,0.2308727204799652,0.05049872770905495,0.9733161926269531,0.013603336177766323,0.24172224808276715,16,22
492,493,70,20-30,UQ_11,Post-Flowering,MSIA/Hypergraph interaction,MSIA,Hypergraph interaction,component,4,66304,27,1.1306661367416382,0.9560104608535767,0.9560104608535767,0.611875,0.032474320381879807,0.030583951622247696,0.9417887926101685,0.9754933714866638,0.2225957065820694,0.027372339740395546,0.9750528931617737,0.007216896396130323,0.23597004354664666,4,22
492,493,70,20-30,UQ_11,Post-Flowering,MSIA/Semantic collection,MSIA,Semantic collection,component,3,197120,27,1.1306661367416382,0.9560104608535767,0.9560104608535767,0.611875,0.02986300364136696,0.02821177989244461,0.9447067379951477,0.9699833393096924,0.2444816380739212,0.025246156379580498,0.9694045782089233,0.007237212732434273,0.2565315892873696,3,22
492,493,70,20-30,UQ_11,Post-Flowering,MSIA/Semantic scattering,MSIA,Semantic scattering,component,9,198144,27,1.1306661367416382,0.9560104608535767,0.9560104608535767,0.611875,0.04047995060682297,0.037891775369644165,0.9360628128051758,0.9743024706840515,0.22846683859825134,0.034110236912965775,0.9743559956550598,0.008977188728749752,0.23691655091837033,9,22
1277,1278,79,30-40,CIMMYT_2,Post-Flowering,ASWB,ASWB,All,module,24,801634,31,1.1370233297348022,0.9766917824745178,0.9766917824745178,0.611875,0.5667676329612732,0.4556085765361786,0.8038719296455383,0.9998722672462463,0.19665122032165527,0.4867227077484131,0.999873697757721,0.032002270221710205,0.07024071071052149,18,23
1277,1278,79,30-40,CIMMYT_2,Post-Flowering,ASWB/Feed-forward,ASWB,Feed-forward,component,8,526592,31,1.1370233297348022,0.9766917824745178,0.9766917824745178,0.611875,0.1285533308982849,0.10302211344242096,0.8013958930969238,0.9998298287391663,0.1992892175912857,0.11037741601467133,0.9998334050178528,0.007608573883771896,0.07385379341906363,8,23
1277,1278,79,30-40,CIMMYT_2,Post-Flowering,ASWB/Parameter generator,ASWB,Parameter generator,component,4,8290,31,1.1370233297348022,0.9766917824745178,0.9766917824745178,0.611875,0.0,0.0,0.0,0.0,0.0,0.0,0.0,0.0,0.0,0,23
1277,1278,79,30-40,CIMMYT_2,Post-Flowering,ASWB/Self-modulation,ASWB,Self-modulation,component,2,512,31,1.1370233297348022,0.9766917824745178,0.9766917824745178,0.611875,0.2918913662433624,0.23339807987213135,0.7996059656143188,0.9998311400413513,0.20106646418571472,0.2506239712238312,0.9998363256454468,0.017773259431123734,0.07614998135743417,2,23
1277,1278,79,30-40,CIMMYT_2,Post-Flowering,ASWB/Wave propagation,ASWB,Wave propagation,component,10,266240,31,1.1370233297348022,0.9766917824745178,0.9766917824745178,0.611875,0.4685072600841522,0.3774797320365906,0.8057073354721069,0.9998995661735535,0.19470861554145813,0.402372270822525,0.9998989701271057,0.02550227753818035,0.06755932934621325,8,23
1277,1278,79,30-40,CIMMYT_2,Post-Flowering,Decoder,Decoder,All,module,119,4348539,31,1.1370233297348022,0.9766917824745178,0.9766917824745178,0.611875,1.6057426929473877,1.4667736291885376,0.9134549498558044,0.981474757194519,0.20330896973609924,1.3830434083938599,0.9816415309906006,0.2854742407798767,0.19462733382915362,83,23
1277,1278,79,30-40,CIMMYT_2,Post-Flowering,Decoder/Detection decoder,Decoder,Detection decoder,component,119,4348539,31,1.1370233297348022,0.9766917824745178,0.9766917824745178,0.611875,1.6057426929473877,1.4667736291885376,0.9134549498558044,0.981474757194519,0.20330896973609924,1.3830434083938599,0.9816415309906006,0.2854742407798767,0.19462733382915362,83,23
1277,1278,79,30-40,CIMMYT_2,Post-Flowering,MSIA,MSIA,All,module,16,461568,31,1.1370233297348022,0.9766917824745178,0.9766917824745178,0.611875,0.14171530306339264,0.11506260931491852,0.8119279146194458,0.9959821701049805,0.20468449592590332,0.12166614085435867,0.9958885312080383,0.012598508037626743,0.1094926328599544,16,23
1277,1278,79,30-40,CIMMYT_2,Post-Flowering,MSIA/Hypergraph interaction,MSIA,Hypergraph interaction,component,4,66304,31,1.1370233297348022,0.9766917824745178,0.9766917824745178,0.611875,0.07701776176691055,0.061780333518981934,0.8021569848060608,0.9968937635421753,0.21006084978580475,0.06610625237226486,0.9968256950378418,0.006681481841951609,0.1081490089382365,4,23
1277,1278,79,30-40,CIMMYT_2,Post-Flowering,MSIA/Semantic collection,MSIA,Semantic collection,component,3,197120,31,1.1370233297348022,0.9766917824745178,0.9766917824745178,0.611875,0.0755523070693016,0.06114905700087547,0.8093605637550354,0.9970393180847168,0.2028200924396515,0.06479430198669434,0.9969783425331116,0.006101864855736494,0.09978673678727594,3,23
1277,1278,79,30-40,CIMMYT_2,Post-Flowering,MSIA/Semantic scattering,MSIA,Semantic scattering,component,9,198144,31,1.1370233297348022,0.9766917824745178,0.9766917824745178,0.611875,0.09188766032457352,0.07538823783397675,0.8204392194747925,0.9947586059570312,0.2020961195230484,0.07895764708518982,0.9946151971817017,0.008766266517341137,0.11628162123442373,9,23
269,270,25,20-30,KSU_3,Filling,ASWB,ASWB,All,module,24,801634,29,1.156880497932434,0.9723313450813293,0.9723313450813293,0.611875,0.05419327691197395,0.05131757631897926,0.9469361901283264,0.9271482229232788,0.3752168118953705,0.04501333087682724,0.9324754476547241,0.018753768876194954,0.36544533513479804,18,24
269,270,25,20-30,KSU_3,Filling,ASWB/Feed-forward,ASWB,Feed-forward,component,8,526592,29,1.156880497932434,0.9723313450813293,0.9723313450813293,0.611875,0.016476718708872795,0.015315658412873745,0.9295333027839661,0.9409845471382141,0.33864307403564453,0.0137097779661417,0.9449282288551331,0.005070126615464687,0.3310420276285959,8,24
269,270,25,20-30,KSU_3,Filling,ASWB/Parameter generator,ASWB,Parameter generator,component,4,8290,29,1.156880497932434,0.9723313450813293,0.9723313450813293,0.611875,0.0,0.0,0.0,0.0,0.0,0.0,0.0,0.0,0.0,0,24
269,270,25,20-30,KSU_3,Filling,ASWB/Self-modulation,ASWB,Self-modulation,component,2,512,29,1.156880497932434,0.9723313450813293,0.9723313450813293,0.611875,0.02817249856889248,0.028389448300004005,1.007700800895691,0.9242680668830872,0.39075523614883423,0.02342713437974453,0.9298353791236877,0.010860715061426163,0.38256168089834386,2,24
269,270,25,20-30,KSU_3,Filling,ASWB/Wave propagation,ASWB,Wave propagation,component,10,266240,29,1.156880497932434,0.9723313450813293,0.9723313450813293,0.611875,0.04326360300183296,0.03991194814443588,0.9225294589996338,0.9276305437088013,0.3735339641571045,0.03590837121009827,0.9330108165740967,0.014423677697777748,0.3613874633626109,8,24
269,270,25,20-30,KSU_3,Filling,Decoder,Decoder,All,module,119,4348539,29,1.156880497932434,0.9723313450813293,0.9723313450813293,0.611875,1.0616987943649292,1.082340955734253,1.0194425582885742,0.9460225105285645,0.3323124647140503,0.8929410576820374,0.9464483261108398,0.3733421564102173,0.3449395076775455,83,24
269,270,25,20-30,KSU_3,Filling,Decoder/Detection decoder,Decoder,Detection decoder,component,119,4348539,29,1.156880497932434,0.9723313450813293,0.9723313450813293,0.611875,1.0616987943649292,1.082340955734253,1.0194425582885742,0.9460225105285645,0.3323124647140503,0.8929410576820374,0.9464483261108398,0.3733421564102173,0.3449395076775455,83,24
269,270,25,20-30,KSU_3,Filling,MSIA,MSIA,All,module,16,461568,29,1.156880497932434,0.9723313450813293,0.9723313450813293,0.611875,0.08092182874679565,0.06744706630706787,0.8334842324256897,0.9659634232521057,0.29062938690185547,0.06735246628522873,0.9665454030036926,0.017434479668736458,0.25849129729916026,16,24
269,270,25,20-30,KSU_3,Filling,MSIA/Hypergraph interaction,MSIA,Hypergraph interaction,component,4,66304,29,1.156880497932434,0.9723313450813293,0.9723313450813293,0.611875,0.03881775587797165,0.032968562096357346,0.8493165373802185,0.9612247943878174,0.29760780930519104,0.03232929855585098,0.9620675444602966,0.009014952927827835,0.27344088897416263,4,24
269,270,25,20-30,KSU_3,Filling,MSIA/Semantic collection,MSIA,Semantic collection,component,3,197120,29,1.156880497932434,0.9723313450813293,0.9723313450813293,0.611875,0.035801272839307785,0.032380469143390656,0.9044502377510071,0.9601210355758667,0.2850729823112488,0.029886335134506226,0.9611120223999023,0.00902702659368515,0.2787799816522332,3,24
269,270,25,20-30,KSU_3,Filling,MSIA/Semantic scattering,MSIA,Semantic scattering,component,9,198144,29,1.156880497932434,0.9723313450813293,0.9723313450813293,0.611875,0.06131715327501297,0.049129288643598557,0.8012323975563049,0.9722911715507507,0.2896735966205597,0.05097036808729172,0.9724825024604797,0.011882951483130455,0.24187102665649482,9,24
507,508,52,80-100,KSU_3,Filling,ASWB,ASWB,All,module,24,801634,82,1.26687490940094,1.0952266454696655,1.0952266454696655,0.611875,0.3963424861431122,0.32777807116508484,0.8270071744918823,0.9947453141212463,0.19651390612125397,0.343400776386261,0.9949590563774109,0.03713339939713478,0.11328823574177606,18,25
507,508,52,80-100,KSU_3,Filling,ASWB/Feed-forward,ASWB,Feed-forward,component,8,526592,82,1.26687490940094,1.0952266454696655,1.0952266454696655,0.611875,0.1174938827753067,0.0964634120464325,0.8210079669952393,0.9963054060935974,0.19520480930805206,0.10178066045045853,0.9964566826820374,0.009891952387988567,0.10254615898540986,8,25
507,508,52,80-100,KSU_3,Filling,ASWB/Parameter generator,ASWB,Parameter generator,component,4,8290,82,1.26687490940094,1.0952266454696655,1.0952266454696655,0.611875,0.0,0.0,0.0,0.0,0.0,0.0,0.0,0.0,0.0,0,25
507,508,52,80-100,KSU_3,Filling,ASWB/Self-modulation,ASWB,Self-modulation,component,2,512,82,1.26687490940094,1.0952266454696655,1.0952266454696655,0.611875,0.1944015920162201,0.1607217639684677,0.8267512917518616,0.9939023852348328,0.20024371147155762,0.1684269905090332,0.9941725730895996,0.01936149224638939,0.12046590186869748,2,25
507,508,52,80-100,KSU_3,Filling,ASWB/Wave propagation,ASWB,Wave propagation,component,10,266240,82,1.26687490940094,1.0952266454696655,1.0952266454696655,0.611875,0.32479310035705566,0.2688899040222168,0.8278806209564209,0.9948486089706421,0.19533227384090424,0.2814198434352875,0.9950498938560486,0.030102679505944252,0.11195169121506714,8,25
507,508,52,80-100,KSU_3,Filling,Decoder,Decoder,All,module,119,4348539,82,1.26687490940094,1.0952266454696655,1.0952266454696655,0.611875,2.395764112472534,2.16493821144104,0.9036524891853333,0.9886431097984314,0.1726527363061905,2.0766489505767822,0.9885437488555908,0.3328784704208374,0.15375887804172697,83,25
507,508,52,80-100,KSU_3,Filling,Decoder/Detection decoder,Decoder,Detection decoder,component,119,4348539,82,1.26687490940094,1.0952266454696655,1.0952266454696655,0.611875,2.395764112472534,2.16493821144104,0.9036524891853333,0.9886431097984314,0.1726527363061905,2.0766489505767822,0.9885437488555908,0.3328784704208374,0.15375887804172697,83,25
507,508,52,80-100,KSU_3,Filling,MSIA,MSIA,All,module,16,461568,82,1.26687490940094,1.0952266454696655,1.0952266454696655,0.611875,0.19957289099693298,0.16904668509960175,0.8470423221588135,0.9970305562019348,0.16860228776931763,0.1728689968585968,0.9970877170562744,0.013594919815659523,0.08042109673815515,16,25
507,508,52,80-100,KSU_3,Filling,MSIA/Hypergraph interaction,MSIA,Hypergraph interaction,component,4,66304,82,1.26687490940094,1.0952266454696655,1.0952266454696655,0.611875,0.1065453290939331,0.08927161991596222,0.8378745317459106,0.9969599843025208,0.17714053392410278,0.09227565675973892,0.9970393776893616,0.007602669298648834,0.08516333976918726,4,25
507,508,52,80-100,KSU_3,Filling,MSIA/Semantic collection,MSIA,Semantic collection,component,3,197120,82,1.26687490940094,1.0952266454696655,1.0952266454696655,0.611875,0.11213147640228271,0.09445236623287201,0.8423358798027039,0.9974748492240906,0.17062248289585114,0.09711053967475891,0.9975497126579285,0.007212068885564804,0.07635667769067289,3,25
507,508,52,80-100,KSU_3,Filling,MSIA/Semantic scattering,MSIA,Semantic scattering,component,9,198144,82,1.26687490940094,1.0952266454696655,1.0952266454696655,0.611875,0.1261109560728073,0.10810232907533646,0.8572001457214355,0.9968582987785339,0.16055476665496826,0.10926312208175659,0.9968817830085754,0.008660676889121532,0.08011554388514526,9,25
91,92,48,80-100,NAU_3,Filling,ASWB,ASWB,All,module,24,801634,80,1.2724698781967163,1.1094237565994263,1.1094237565994263,0.611875,0.2600751519203186,0.2094838172197342,0.8054741621017456,0.995928943157196,0.2107093632221222,0.2285345494747162,0.9963042736053467,0.026772724464535713,0.12780330633584433,18,26
91,92,48,80-100,NAU_3,Filling,ASWB/Feed-forward,ASWB,Feed-forward,component,8,526592,80,1.2724698781967163,1.1094237565994263,1.1094237565994263,0.611875,0.06845968961715698,0.05506924167275429,0.8044039011001587,0.994324266910553,0.2176898866891861,0.060143277049064636,0.9948323369026184,0.007744457572698593,0.14063127323814578,8,26
91,92,48,80-100,NAU_3,Filling,ASWB/Parameter generator,ASWB,Parameter generator,component,4,8290,80,1.2724698781967163,1.1094237565994263,1.1094237565994263,0.611875,0.0,0.0,0.0,0.0,0.0,0.0,0.0,0.0,0.0,0,26
91,92,48,80-100,NAU_3,Filling,ASWB/Self-modulation,ASWB,Self-modulation,component,2,512,80,1.2724698781967163,1.1094237565994263,1.1094237565994263,0.611875,0.14685089886188507,0.11845782399177551,0.8066537380218506,0.9972741603851318,0.20440268516540527,0.12907090783119202,0.997525155544281,0.013722730800509453,0.11584486645189614,2,26
91,92,48,80-100,NAU_3,Filling,ASWB/Wave propagation,ASWB,Wave propagation,component,10,266240,80,1.2724698781967163,1.1094237565994263,1.1094237565994263,0.611875,0.20343837141990662,0.1637638360261917,0.8049800992012024,0.9954090118408203,0.21312886476516724,0.1787499189376831,0.9958337545394897,0.021644601598381996,0.13216960547333692,8,26
91,92,48,80-100,NAU_3,Filling,Decoder,Decoder,All,module,119,4348539,80,1.2724698781967163,1.1094237565994263,1.1094237565994263,0.611875,1.669887661933899,1.600099802017212,0.9582080245018005,0.9840133190155029,0.17995382845401764,1.4667333364486694,0.9839819073677063,0.304913192987442,0.1905588592680559,83,26
91,92,48,80-100,NAU_3,Filling,Decoder/Detection decoder,Decoder,Detection decoder,component,119,4348539,80,1.2724698781967163,1.1094237565994263,1.1094237565994263,0.611875,1.669887661933899,1.600099802017212,0.9582080245018005,0.9840133190155029,0.17995382845401764,1.4667333364486694,0.9839819073677063,0.304913192987442,0.1905588592680559,83,26
91,92,48,80-100,NAU_3,Filling,MSIA,MSIA,All,module,16,461568,80,1.2724698781967163,1.1094237565994263,1.1094237565994263,0.611875,0.1449127197265625,0.12994302809238434,0.8966985940933228,0.994800329208374,0.141408309340477,0.1275852620601654,0.9950465559959412,0.013030815869569778,0.10028099283868762,16,26
91,92,48,80-100,NAU_3,Filling,MSIA/Hypergraph interaction,MSIA,Hypergraph interaction,component,4,66304,80,1.2724698781967163,1.1094237565994263,1.1094237565994263,0.611875,0.07675899565219879,0.06834670156240463,0.8904064297676086,0.9946959614753723,0.1464790552854538,0.06754861027002335,0.9949555993080139,0.0068712495267391205,0.10053520315775968,4,26
91,92,48,80-100,NAU_3,Filling,MSIA/Semantic collection,MSIA,Semantic collection,component,3,197120,80,1.2724698781967163,1.1094237565994263,1.1094237565994263,0.611875,0.0850464478135109,0.07500484585762024,0.881928026676178,0.9963071942329407,0.14301975071430206,0.07488184422254562,0.9965088367462158,0.006263392977416515,0.0835065108900584,3,26
91,92,48,80-100,NAU_3,Filling,MSIA/Semantic scattering,MSIA,Semantic scattering,component,9,198144,80,1.2724698781967163,1.1094237565994263,1.1094237565994263,0.611875,0.08874038606882095,0.08116766810417175,0.9146643280982971,0.993877112865448,0.13595260679721832,0.07815302163362503,0.9941461682319641,0.009130059741437435,0.11248394779211576,9,26
58,59,54,50-60,CIMMYT_3,Post-Flowering,ASWB,ASWB,All,module,24,801634,51,1.1564584970474243,0.98531174659729,0.98531174659729,0.611875,0.03446399047970772,0.0424116812646389,1.230608582496643,0.9762189388275146,0.33423173427581787,0.029555020853877068,0.978316068649292,0.014820745214819908,0.34944960380943046,18,27
58,59,54,50-60,CIMMYT_3,Post-Flowering,ASWB/Feed-forward,ASWB,Feed-forward,component,8,526592,51,1.1564584970474243,0.98531174659729,0.98531174659729,0.611875,0.010580630972981453,0.012759105302393436,1.2058926820755005,0.9833433628082275,0.28733956813812256,0.009055688977241516,0.9847370386123657,0.00415238831192255,0.3254451008523002,8,27
58,59,54,50-60,CIMMYT_3,Post-Flowering,ASWB/Parameter generator,ASWB,Parameter generator,component,4,8290,51,1.1564584970474243,0.98531174659729,0.98531174659729,0.611875,0.0,0.0,0.0,0.0,0.0,0.0,0.0,0.0,0.0,0,27
58,59,54,50-60,CIMMYT_3,Post-Flowering,ASWB/Self-modulation,ASWB,Self-modulation,component,2,512,51,1.1564584970474243,0.98531174659729,0.98531174659729,0.611875,0.020316096022725105,0.025528930127620697,1.2565864324569702,0.9783872961997986,0.34663134813308716,0.017415178939700127,0.9800717234611511,0.009140725247561932,0.358053596522333,2,27
58,59,54,50-60,CIMMYT_3,Post-Flowering,ASWB/Wave propagation,ASWB,Wave propagation,component,10,266240,51,1.1564584970474243,0.98531174659729,0.98531174659729,0.611875,0.025750208646059036,0.03137243539094925,1.2183371782302856,0.9738554954528809,0.33373141288757324,0.022095369175076485,0.9763445258140564,0.010902262292802334,0.34751086923738056,8,27
58,59,54,50-60,CIMMYT_3,Post-Flowering,Decoder,Decoder,All,module,119,4348539,51,1.1564584970474243,0.98531174659729,0.98531174659729,0.611875,1.0857621431350708,1.1951937675476074,1.100787878036499,0.9897636771202087,0.18081527948379517,0.9271063208580017,0.9897326231002808,0.30761176347732544,0.2573739688322735,83,27
58,59,54,50-60,CIMMYT_3,Post-Flowering,Decoder/Detection decoder,Decoder,Detection decoder,component,119,4348539,51,1.1564584970474243,0.98531174659729,0.98531174659729,0.611875,1.0857621431350708,1.1951937675476074,1.100787878036499,0.9897636771202087,0.18081527948379517,0.9271063208580017,0.9897326231002808,0.30761176347732544,0.2573739688322735,83,27
58,59,54,50-60,CIMMYT_3,Post-Flowering,MSIA,MSIA,All,module,16,461568,51,1.1564584970474243,0.98531174659729,0.98531174659729,0.611875,0.05151230841875076,0.050887323915958405,0.9878672957420349,0.9893651604652405,0.14546053111553192,0.04402035474777222,0.9892926812171936,0.009753258898854256,0.19166382014825517,16,27
58,59,54,50-60,CIMMYT_3,Post-Flowering,MSIA/Hypergraph interaction,MSIA,Hypergraph interaction,component,4,66304,51,1.1564584970474243,0.98531174659729,0.98531174659729,0.611875,0.023096412420272827,0.023398257791996002,1.0130689144134521,0.9875832200050354,0.15915098786354065,0.019735995680093765,0.9875240921974182,0.004993457812815905,0.2134115222255586,4,27
58,59,54,50-60,CIMMYT_3,Post-Flowering,MSIA/Semantic collection,MSIA,Semantic collection,component,3,197120,51,1.1564584970474243,0.98531174659729,0.98531174659729,0.611875,0.02079647034406662,0.021002212539315224,1.0098931789398193,0.990135133266449,0.14150193333625793,0.01778508722782135,0.9899953007698059,0.004221832845360041,0.20101848019378693,3,27
58,59,54,50-60,CIMMYT_3,Post-Flowering,MSIA/Semantic scattering,MSIA,Semantic scattering,component,9,198144,51,1.1564584970474243,0.98531174659729,0.98531174659729,0.611875,0.04108017310500145,0.040011852979660034,0.973994255065918,0.990012526512146,0.1418861299753189,0.035099465399980545,0.9899472594261169,0.007236543111503124,0.18085998454462507,9,27
57,58,2,80-100,UQ_10,Filling-Ripening,ASWB,ASWB,All,module,24,801634,90,1.0261021852493286,0.8696150183677673,0.8696150183677673,0.611875,0.11388126760721207,0.08031658083200455,0.7052659392356873,0.995026171207428,0.3064047694206238,0.09715660661458969,0.9950359463691711,0.019001584500074387,0.23658358340501762,18,28
57,58,2,80-100,UQ_10,Filling-Ripening,ASWB/Feed-forward,ASWB,Feed-forward,component,8,526592,90,1.0261021852493286,0.8696150183677673,0.8696150183677673,0.611875,0.03264818340539932,0.02317655272781849,0.7098879814147949,0.9953973889350891,0.3011636435985565,0.027843277901411057,0.9953773617744446,0.005267296452075243,0.22726833079679626,8,28
57,58,2,80-100,UQ_10,Filling-Ripening,ASWB/Parameter generator,ASWB,Parameter generator,component,4,8290,90,1.0261021852493286,0.8696150183677673,0.8696150183677673,0.611875,0.0,0.0,0.0,0.0,0.0,0.0,0.0,0.0,0.0,0,28
57,58,2,80-100,UQ_10,Filling-Ripening,ASWB/Self-modulation,ASWB,Self-modulation,component,2,512,90,1.0261021852493286,0.8696150183677673,0.8696150183677673,0.611875,0.05737510323524475,0.03996133804321289,0.6964926719665527,0.9942291378974915,0.31647345423698425,0.048929594457149506,0.9942640662193298,0.01014203205704689,0.2537961077799654,2,28
57,58,2,80-100,UQ_10,Filling-Ripening,ASWB/Wave propagation,ASWB,Wave propagation,component,10,266240,90,1.0261021852493286,0.8696150183677673,0.8696150183677673,0.611875,0.0927962064743042,0.06570153683423996,0.7080196142196655,0.9953194260597229,0.3031180202960968,0.0791836678981781,0.9953209757804871,0.015180742368102074,0.23105612287885968,8,28
57,58,2,80-100,UQ_10,Filling-Ripening,Decoder,Decoder,All,module,119,4348539,90,1.0261021852493286,0.8696150183677673,0.8696150183677673,0.611875,0.836559534072876,0.8924257159233093,1.066780924797058,0.9603549242019653,0.29840344190597534,0.7126598358154297,0.9597446918487549,0.2889985740184784,0.3238348793204358,83,28
57,58,2,80-100,UQ_10,Filling-Ripening,Decoder/Detection decoder,Decoder,Detection decoder,component,119,4348539,90,1.0261021852493286,0.8696150183677673,0.8696150183677673,0.611875,0.836559534072876,0.8924257159233093,1.066780924797058,0.9603549242019653,0.29840344190597534,0.7126598358154297,0.9597446918487549,0.2889985740184784,0.3238348793204358,83,28
57,58,2,80-100,UQ_10,Filling-Ripening,MSIA,MSIA,All,module,16,461568,90,1.0261021852493286,0.8696150183677673,0.8696150183677673,0.611875,0.0515429750084877,0.04221804812550545,0.8190844058990479,0.9642753601074219,0.3020816147327423,0.04376792535185814,0.9639002680778503,0.011653825640678406,0.27603894917249644,16,28
57,58,2,80-100,UQ_10,Filling-Ripening,MSIA/Hypergraph interaction,MSIA,Hypergraph interaction,component,4,66304,90,1.0261021852493286,0.8696150183677673,0.8696150183677673,0.611875,0.026305604726076126,0.021372787654399872,0.8124803900718689,0.9656766653060913,0.3015585243701935,0.022357577458024025,0.9650620222091675,0.005861703772097826,0.27426014176915836,4,28
57,58,2,80-100,UQ_10,Filling-Ripening,MSIA/Semantic collection,MSIA,Semantic collection,component,3,197120,90,1.0261021852493286,0.8696150183677673,0.8696150183677673,0.611875,0.025879230350255966,0.020296717062592506,0.7842859625816345,0.9683229923248291,0.31019341945648193,0.021993150934576988,0.967966616153717,0.005610387306660414,0.27641846163390316,3,28
57,58,2,80-100,UQ_10,Filling-Ripening,MSIA/Semantic scattering,MSIA,Semantic scattering,component,9,198144,90,1.0261021852493286,0.8696150183677673,0.8696150183677673,0.611875,0.035985544323921204,0.03022599406540394,0.8399482369422913,0.9623568058013916,0.29808270931243896,0.030529841780662537,0.9621350765228271,0.008365146815776825,0.27675340627924633,9,28
25,26,85,30-40,CIMMYT_1,Post-Flowering,ASWB,ASWB,All,module,24,801634,38,1.2439862489700317,1.0676851272583008,1.0676851272583008,0.611875,0.04055732861161232,0.03523232787847519,0.8687043786048889,0.7131141424179077,0.7181063294410706,0.03495442122220993,0.7132497429847717,0.026577400043606758,0.7543469774486271,18,29
25,26,85,30-40,CIMMYT_1,Post-Flowering,ASWB/Feed-forward,ASWB,Feed-forward,component,8,526592,38,1.2439862489700317,1.0676851272583008,1.0676851272583008,0.611875,0.011098734103143215,0.008684385567903519,0.7824662923812866,0.6918297410011292,0.727726936340332,0.009552114643156528,0.6933488845825195,0.007185330614447594,0.8273850300939818,8,29
25,26,85,30-40,CIMMYT_1,Post-Flowering,ASWB/Parameter generator,ASWB,Parameter generator,component,4,8290,38,1.2439862489700317,1.0676851272583008,1.0676851272583008,0.611875,0.0,0.0,0.0,0.0,0.0,0.0,0.0,0.0,0.0,0,29
25,26,85,30-40,CIMMYT_1,Post-Flowering,ASWB/Self-modulation,ASWB,Self-modulation,component,2,512,38,1.2439862489700317,1.0676851272583008,1.0676851272583008,0.611875,0.022242803126573563,0.018327683210372925,0.8239825963973999,0.754396915435791,0.6600966453552246,0.019231457263231277,0.7549751996994019,0.013173594139516354,0.718781200455303,2,29
25,26,85,30-40,CIMMYT_1,Post-Flowering,ASWB/Wave propagation,ASWB,Wave propagation,component,10,266240,38,1.2439862489700317,1.0676851272583008,1.0676851272583008,0.611875,0.03204641863703728,0.028809627518057823,0.8989967703819275,0.6983737945556641,0.7433192133903503,0.027581151574850082,0.6981658935546875,0.021935943514108658,0.7614101744411395,8,29
25,26,85,30-40,CIMMYT_1,Post-Flowering,Decoder,Decoder,All,module,119,4348539,38,1.2439862489700317,1.0676851272583008,1.0676851272583008,0.611875,1.1652271747589111,1.2635031938552856,1.0843406915664673,0.9807788133621216,0.22090287506580353,1.0093311071395874,0.9794936180114746,0.34191620349884033,0.2706096867516122,83,29
25,26,85,30-40,CIMMYT_1,Post-Flowering,Decoder/Detection decoder,Decoder,Detection decoder,component,119,4348539,38,1.2439862489700317,1.0676851272583008,1.0676851272583008,0.611875,1.1652271747589111,1.2635031938552856,1.0843406915664673,0.9807788133621216,0.22090287506580353,1.0093311071395874,0.9794936180114746,0.34191620349884033,0.2706096867516122,83,29
25,26,85,30-40,CIMMYT_1,Post-Flowering,MSIA,MSIA,All,module,16,461568,38,1.2439862489700317,1.0676851272583008,1.0676851272583008,0.611875,0.03499668464064598,0.03357110172510147,0.9592651724815369,0.9259210228919983,0.37918585538864136,0.030038850381970406,0.9247778058052063,0.012813687324523926,0.3816880193402469,16,29
25,26,85,30-40,CIMMYT_1,Post-Flowering,MSIA/Hypergraph interaction,MSIA,Hypergraph interaction,component,4,66304,38,1.2439862489700317,1.0676851272583008,1.0676851272583008,0.611875,0.016043026000261307,0.015624720603227615,0.9739260077476501,0.9170656204223633,0.4027702808380127,0.013767017051577568,0.9160569906234741,0.006290017161518335,0.40256829681927236,4,29
25,26,85,30-40,CIMMYT_1,Post-Flowering,MSIA/Semantic collection,MSIA,Semantic collection,component,3,197120,38,1.2439862489700317,1.0676851272583008,1.0676851272583008,0.611875,0.017868340015411377,0.016460862010717392,0.9212306141853333,0.9270600080490112,0.3749583959579468,0.015344382263720036,0.9260519742965698,0.006213079672306776,0.37744558384983384,3,29
25,26,85,30-40,CIMMYT_1,Post-Flowering,MSIA/Semantic scattering,MSIA,Semantic scattering,component,9,198144,38,1.2439862489700317,1.0676851272583008,1.0676851272583008,0.611875,0.025458035990595818,0.024737156927585602,0.9716836214065552,0.9293869137763977,0.3715222179889679,0.02184838056564331,0.9281370639801025,0.00927490834146738,0.3749383313781092,9,29
1002,1003,89,40-50,KSU_4,Ripening,ASWB,ASWB,All,module,24,801634,41,0.9175506830215454,0.7735445499420166,0.7735445499420166,0.611875,0.138872891664505,0.10481946915388107,0.7547870874404907,0.992800235748291,0.26645469665527344,0.11732766777276993,0.992999255657196,0.018128547817468643,0.17295019678887022,18,30
1002,1003,89,40-50,KSU_4,Ripening,ASWB/Feed-forward,ASWB,Feed-forward,component,8,526592,41,0.9175506830215454,0.7735445499420166,0.7735445499420166,0.611875,0.03880853205919266,0.02877049148082733,0.7413445115089417,0.9946520924568176,0.27355441451072693,0.0327850878238678,0.9948224425315857,0.005087675526738167,0.17683658724177848,8,30
1002,1003,89,40-50,KSU_4,Ripening,ASWB/Parameter generator,ASWB,Parameter generator,component,4,8290,41,0.9175506830215454,0.7735445499420166,0.7735445499420166,0.611875,0.0,0.0,0.0,0.0,0.0,0.0,0.0,0.0,0.0,0,30
1002,1003,89,40-50,KSU_4,Ripening,ASWB/Self-modulation,ASWB,Self-modulation,component,2,512,41,0.9175506830215454,0.7735445499420166,0.7735445499420166,0.611875,0.0701296478509903,0.05261487141251564,0.7502514719963074,0.9930813908576965,0.26973286271095276,0.059216972440481186,0.9932889938354492,0.009241573512554169,0.17564565425044165,2,30
1002,1003,89,40-50,KSU_4,Ripening,ASWB/Wave propagation,ASWB,Wave propagation,component,10,266240,41,0.9175506830215454,0.7735445499420166,0.7735445499420166,0.611875,0.113408163189888,0.08597125113010406,0.7580693364143372,0.9925161600112915,0.2643425762653351,0.09583459049463272,0.992713212966919,0.014742899686098099,0.17148639216366668,8,30
1002,1003,89,40-50,KSU_4,Ripening,Decoder,Decoder,All,module,119,4348539,41,0.9175506830215454,0.7735445499420166,0.7735445499420166,0.611875,1.0320162773132324,0.9939255118370056,0.9630908966064453,0.9705607295036316,0.2409718781709671,0.870588481426239,0.9703715443611145,0.25785067677497864,0.2594265603449604,83,30
1002,1003,89,40-50,KSU_4,Ripening,Decoder/Detection decoder,Decoder,Detection decoder,component,119,4348539,41,0.9175506830215454,0.7735445499420166,0.7735445499420166,0.611875,1.0320162773132324,0.9939255118370056,0.9630908966064453,0.9705607295036316,0.2409718781709671,0.870588481426239,0.9703715443611145,0.25785067677497864,0.2594265603449604,83,30
1002,1003,89,40-50,KSU_4,Ripening,MSIA,MSIA,All,module,16,461568,41,0.9175506830215454,0.7735445499420166,0.7735445499420166,0.611875,0.0652114599943161,0.05424558371305466,0.8318412899971008,0.9829972386360168,0.23783312737941742,0.05488140508532524,0.9826696515083313,0.010177958756685257,0.18762741701746763,16,30
1002,1003,89,40-50,KSU_4,Ripening,MSIA/Hypergraph interaction,MSIA,Hypergraph interaction,component,4,66304,41,0.9175506830215454,0.7735445499420166,0.7735445499420166,0.611875,0.030752133578062057,0.025136468932032585,0.8173894286155701,0.9830820560455322,0.24698930978775024,0.025879237800836563,0.9826603531837463,0.004807401914149523,0.1912520778932169,4,30
1002,1003,89,40-50,KSU_4,Ripening,MSIA/Semantic collection,MSIA,Semantic collection,component,3,197120,41,0.9175506830215454,0.7735445499420166,0.7735445499420166,0.611875,0.03318199887871742,0.027366356924176216,0.8247350454330444,0.9857232570648193,0.23295260965824127,0.027914464473724365,0.985349714756012,0.004762705881148577,0.17403507139604202,3,30
1002,1003,89,40-50,KSU_4,Ripening,MSIA/Semantic scattering,MSIA,Semantic scattering,component,9,198144,41,0.9175506830215454,0.7735445499420166,0.7735445499420166,0.611875,0.04696589708328247,0.03951991721987724,0.8414598703384399,0.981773853302002,0.23623786866664886,0.03953499719500542,0.9815043210983276,0.007602392230182886,0.1923686273907256,9,30
99,100,12,40-50,CIMMYT_1,Post-Flowering,ASWB,ASWB,All,module,24,801634,48,0.9795564413070679,0.8231337070465088,0.8231337070465088,0.611875,0.0907428115606308,0.06887970864772797,0.7590651512145996,0.9751251935958862,0.3095363676548004,0.07630685716867447,0.9745439291000366,0.017965469509363174,0.26082383131502657,18,31
99,100,12,40-50,CIMMYT_1,Post-Flowering,ASWB/Feed-forward,ASWB,Feed-forward,component,8,526592,48,0.9795564413070679,0.8231337070465088,0.8231337070465088,0.611875,0.020245833322405815,0.01496952585875988,0.7393879890441895,0.9673754572868347,0.34082695841789246,0.01703007146716118,0.9666154980659485,0.004611657932400703,0.308069739543691,8,31
99,100,12,40-50,CIMMYT_1,Post-Flowering,ASWB/Parameter generator,ASWB,Parameter generator,component,4,8290,48,0.9795564413070679,0.8231337070465088,0.8231337070465088,0.611875,0.0,0.0,0.0,0.0,0.0,0.0,0.0,0.0,0.0,0,31
99,100,12,40-50,CIMMYT_1,Post-Flowering,ASWB/Self-modulation,ASWB,Self-modulation,component,2,512,48,0.9795564413070679,0.8231337070465088,0.8231337070465088,0.611875,0.0450434610247612,0.03358543664216995,0.7456229329109192,0.9685133695602417,0.3341585099697113,0.037895165383815765,0.9677916765213013,0.010027889162302017,0.29857849606489784,2,31
99,100,12,40-50,CIMMYT_1,Post-Flowering,ASWB/Wave propagation,ASWB,Wave propagation,component,10,266240,48,0.9795564413070679,0.8231337070465088,0.8231337070465088,0.611875,0.07612785696983337,0.058243852108716965,0.7650793790817261,0.9780172109603882,0.29803505539894104,0.06400522589683533,0.9775023460388184,0.01417505368590355,0.24337424762779494,8,31
99,100,12,40-50,CIMMYT_1,Post-Flowering,Decoder,Decoder,All,module,119,4348539,48,0.9795564413070679,0.8231337070465088,0.8231337070465088,0.611875,0.716898500919342,0.822831392288208,1.1477655172348022,0.9759616851806641,0.27751624584198,0.6032865643501282,0.9760184288024902,0.2683447599411011,0.32612362928310545,83,31
99,100,12,40-50,CIMMYT_1,Post-Flowering,Decoder/Detection decoder,Decoder,Detection decoder,component,119,4348539,48,0.9795564413070679,0.8231337070465088,0.8231337070465088,0.611875,0.716898500919342,0.822831392288208,1.1477655172348022,0.9759616851806641,0.27751624584198,0.6032865643501282,0.9760184288024902,0.2683447599411011,0.32612362928310545,83,31
99,100,12,40-50,CIMMYT_1,Post-Flowering,MSIA,MSIA,All,module,16,461568,48,0.9795564413070679,0.8231337070465088,0.8231337070465088,0.611875,0.03863809257745743,0.03722386062145233,0.9633979797363281,0.9435799717903137,0.3317371904850006,0.03226470574736595,0.9447486996650696,0.012542285025119781,0.33694208004560355,16,31
99,100,12,40-50,CIMMYT_1,Post-Flowering,MSIA/Hypergraph interaction,MSIA,Hypergraph interaction,component,4,66304,48,0.9795564413070679,0.8231337070465088,0.8231337070465088,0.611875,0.01914624683558941,0.018268166109919548,0.9541382193565369,0.9350922107696533,0.3549162447452545,0.015925301238894463,0.9370155930519104,0.00649127596989274,0.35533265522301116,4,31
99,100,12,40-50,CIMMYT_1,Post-Flowering,MSIA/Semantic collection,MSIA,Semantic collection,component,3,197120,48,0.9795564413070679,0.8231337070465088,0.8231337070465088,0.611875,0.01618434675037861,0.015100415796041489,0.9330259561538696,0.9177649617195129,0.3974171578884125,0.013590448535978794,0.9199557900428772,0.0059273564256727695,0.3925293518888799,3,31
99,100,12,40-50,CIMMYT_1,Post-Flowering,MSIA/Semantic scattering,MSIA,Semantic scattering,component,9,198144,48,0.9795564413070679,0.8231337070465088,0.8231337070465088,0.611875,0.02940051630139351,0.02870308794081211,0.9762783646583557,0.954815685749054,0.2979724407196045,0.02454986423254013,0.955446720123291,0.008946435526013374,0.3116889564099022,9,31
949,950,11,50-60,KSU_1,Post-Flowering,ASWB,ASWB,All,module,24,801634,59,1.2431607246398926,1.0713139772415161,1.0713139772415161,0.611875,0.30872228741645813,0.24416516721248627,0.790889322757721,0.9954023957252502,0.22583086788654327,0.2666844129562378,0.9953836798667908,0.03329112008213997,0.13634672161557002,18,32
949,950,11,50-60,KSU_1,Post-Flowering,ASWB/Feed-forward,ASWB,Feed-forward,component,8,526592,59,1.2431607246398926,1.0713139772415161,1.0713139772415161,0.611875,0.08977793157100677,0.07106047123670578,0.7915138006210327,0.9965083599090576,0.22134557366371155,0.07755039632320404,0.9964938163757324,0.008986789733171463,0.1264667905625906,8,32
949,950,11,50-60,KSU_1,Post-Flowering,ASWB/Parameter generator,ASWB,Parameter generator,component,4,8290,59,1.2431607246398926,1.0713139772415161,1.0713139772415161,0.611875,0.0,0.0,0.0,0.0,0.0,0.0,0.0,0.0,0.0,0,32
949,950,11,50-60,KSU_1,Post-Flowering,ASWB/Self-modulation,ASWB,Self-modulation,component,2,512,59,1.2431607246398926,1.0713139772415161,1.0713139772415161,0.611875,0.154536634683609,0.12055177241563797,0.7800853848457336,0.994685709476471,0.2380204200744629,0.1334984451532364,0.9946568012237549,0.018428068608045578,0.15286435229263448,2,32
949,950,11,50-60,KSU_1,Post-Flowering,ASWB/Wave propagation,ASWB,Wave propagation,component,10,266240,59,1.2431607246398926,1.0713139772415161,1.0713139772415161,0.611875,0.2517296373844147,0.20008575916290283,0.794843852519989,0.9955747127532959,0.22163891792297363,0.21745041012763977,0.9955593943595886,0.026228660717606544,0.13108709399079266,8,32
949,950,11,50-60,KSU_1,Post-Flowering,Decoder,Decoder,All,module,119,4348539,59,1.2431607246398926,1.0713139772415161,1.0713139772415161,0.611875,1.4902843236923218,1.4597285985946655,0.9794967174530029,0.9772469997406006,0.21211719512939453,1.2858775854110718,0.9773341417312622,0.33957919478416443,0.23263173381071647,83,32
949,950,11,50-60,KSU_1,Post-Flowering,Decoder/Detection decoder,Decoder,Detection decoder,component,119,4348539,59,1.2431607246398926,1.0713139772415161,1.0713139772415161,0.611875,1.4902843236923218,1.4597285985946655,0.9794967174530029,0.9772469997406006,0.21211719512939453,1.2858775854110718,0.9773341417312622,0.33957919478416443,0.23263173381071647,83,32
949,950,11,50-60,KSU_1,Post-Flowering,MSIA,MSIA,All,module,16,461568,59,1.2431607246398926,1.0713139772415161,1.0713139772415161,0.611875,0.12335534393787384,0.10331808030605316,0.8375647068023682,0.9930425882339478,0.19503703713417053,0.1064678430557251,0.9929021596908569,0.012886767275631428,0.12472906230407789,16,32
949,950,11,50-60,KSU_1,Post-Flowering,MSIA/Hypergraph interaction,MSIA,Hypergraph interaction,component,4,66304,59,1.2431607246398926,1.0713139772415161,1.0713139772415161,0.611875,0.0651191845536232,0.05397772789001465,0.8289067149162292,0.9937132596969604,0.19923631846904755,0.056213248521089554,0.9936254620552063,0.00660921772941947,0.12244342227383954,4,32
949,950,11,50-60,KSU_1,Post-Flowering,MSIA/Semantic collection,MSIA,Semantic collection,component,3,197120,59,1.2431607246398926,1.0713139772415161,1.0713139772415161,0.611875,0.06625508517026901,0.05528505519032478,0.8344273567199707,0.994813084602356,0.18992263078689575,0.05719252675771713,0.9947388768196106,0.006075222510844469,0.10988905572997727,3,32
949,950,11,50-60,KSU_1,Post-Flowering,MSIA/Semantic scattering,MSIA,Semantic scattering,component,9,198144,59,1.2431607246398926,1.0713139772415161,1.0713139772415161,0.611875,0.08115600049495697,0.06859003752470016,0.8451628684997559,0.9915333986282349,0.1956673115491867,0.0700320303440094,0.9913188219070435,0.00924546830356121,0.1347931658476174,9,32
1322,1323,50,80-100,UQ_7,Ripening,ASWB,ASWB,All,module,24,801634,99,1.1570292711257935,0.9851548075675964,0.9851548075675964,0.611875,0.024345753714442253,0.028262410312891006,1.1608763933181763,0.7685091495513916,0.7505637407302856,0.0213891863822937,0.7705822587013245,0.018016990274190903,0.6374895161002252,18,33
1322,1323,50,80-100,UQ_7,Ripening,ASWB/Feed-forward,ASWB,Feed-forward,component,8,526592,99,1.1570292711257935,0.9851548075675964,0.9851548075675964,0.611875,0.00691613694652915,0.0068956539034843445,0.9970383644104004,0.7116355895996094,0.7583070993423462,0.006084932014346123,0.7144641280174255,0.004961774218827486,0.7195509357452413,8,33
1322,1323,50,80-100,UQ_7,Ripening,ASWB/Parameter generator,ASWB,Parameter generator,component,4,8290,99,1.1570292711257935,0.9851548075675964,0.9851548075675964,0.611875,0.0,0.0,0.0,0.0,0.0,0.0,0.0,0.0,0.0,0,33
1322,1323,50,80-100,UQ_7,Ripening,ASWB/Self-modulation,ASWB,Self-modulation,component,2,512,99,1.1570292711257935,0.9851548075675964,0.9851548075675964,0.611875,0.012528111226856709,0.01384721603244543,1.1052916049957275,0.7668726444244385,0.7255575656890869,0.010975112207233906,0.7668967247009277,0.00889385212212801,0.6422844925137885,2,33
1322,1323,50,80-100,UQ_7,Ripening,ASWB/Wave propagation,ASWB,Wave propagation,component,10,266240,99,1.1570292711257935,0.9851548075675964,0.9851548075675964,0.611875,0.01969592086970806,0.02365308627486229,1.2009129524230957,0.7766392230987549,0.7594996094703674,0.017321022227406502,0.7793518900871277,0.014862441457808018,0.6283510441342839,8,33
1322,1323,50,80-100,UQ_7,Ripening,Decoder,Decoder,All,module,119,4348539,99,1.1570292711257935,0.9851548075675964,0.9851548075675964,0.611875,0.7998932003974915,0.9298908114433289,1.1625187397003174,0.9754361510276794,0.28900542855262756,0.686687707901001,0.9737959504127502,0.3043234050273895,0.3272678913291275,83,33
1322,1323,50,80-100,UQ_7,Ripening,Decoder/Detection decoder,Decoder,Detection decoder,component,119,4348539,99,1.1570292711257935,0.9851548075675964,0.9851548075675964,0.611875,0.7998932003974915,0.9298908114433289,1.1625187397003174,0.9754361510276794,0.28900542855262756,0.686687707901001,0.9737959504127502,0.3043234050273895,0.3272678913291275,83,33
1322,1323,50,80-100,UQ_7,Ripening,MSIA,MSIA,All,module,16,461568,99,1.1570292711257935,0.9851548075675964,0.9851548075675964,0.611875,0.03871656209230423,0.03952211141586304,1.0208063125610352,0.9603434801101685,0.285299688577652,0.032672710716724396,0.9549447298049927,0.012777842581272125,0.32330870298957426,16,33
1322,1323,50,80-100,UQ_7,Ripening,MSIA/Hypergraph interaction,MSIA,Hypergraph interaction,component,4,66304,99,1.1570292711257935,0.9851548075675964,0.9851548075675964,0.611875,0.020983830094337463,0.021440092474222183,1.0217435359954834,0.966831386089325,0.26125186681747437,0.017643172293901443,0.9607650637626648,0.006640745792537928,0.30973494169963206,4,33
1322,1323,50,80-100,UQ_7,Ripening,MSIA/Semantic collection,MSIA,Semantic collection,component,3,197120,99,1.1570292711257935,0.9851548075675964,0.9851548075675964,0.611875,0.01527845673263073,0.014900392852723598,0.9752550721168518,0.9254262447357178,0.3821899890899658,0.012932131066918373,0.9144205451011658,0.006070858333259821,0.40742941432917634,3,33
1322,1323,50,80-100,UQ_7,Ripening,MSIA/Semantic scattering,MSIA,Semantic scattering,component,9,198144,99,1.1570292711257935,0.9851548075675964,0.9851548075675964,0.611875,0.028726639226078987,0.029669811949133873,1.0328327417373657,0.9665789008140564,0.2647918462753296,0.02426900342106819,0.9630935192108154,0.00907295010983944,0.3057973581158575,9,33
1325,1326,59,70-80,UQ_10,Filling-Ripening,ASWB,ASWB,All,module,24,801634,76,1.1160657405853271,0.9550114870071411,0.9550114870071411,0.611875,0.054094452410936356,0.03719691187143326,0.687628984451294,0.9865216612815857,0.3407518267631531,0.046656977385282516,0.9863719344139099,0.01169595867395401,0.31443359369131807,18,34
1325,1326,59,70-80,UQ_10,Filling-Ripening,ASWB/Feed-forward,ASWB,Feed-forward,component,8,526592,76,1.1160657405853271,0.9550114870071411,0.9550114870071411,0.611875,0.016557062044739723,0.011309103108942509,0.683038055896759,0.9886815547943115,0.3404802083969116,0.014255131594836712,0.9887161254882812,0.0035096057690680027,0.31033458049319873,8,34
1325,1326,59,70-80,UQ_10,Filling-Ripening,ASWB/Parameter generator,ASWB,Parameter generator,component,4,8290,76,1.1160657405853271,0.9550114870071411,0.9550114870071411,0.611875,0.0,0.0,0.0,0.0,0.0,0.0,0.0,0.0,0.0,0,34
1325,1326,59,70-80,UQ_10,Filling-Ripening,ASWB/Self-modulation,ASWB,Self-modulation,component,2,512,76,1.1160657405853271,0.9550114870071411,0.9550114870071411,0.611875,0.028027785941958427,0.019871456548571587,0.708991289138794,0.9883860349655151,0.3180480897426605,0.024150891229510307,0.9882383346557617,0.005440844688564539,0.27380200717876624,2,34
1325,1326,59,70-80,UQ_10,Filling-Ripening,ASWB/Wave propagation,ASWB,Wave propagation,component,10,266240,76,1.1160657405853271,0.9550114870071411,0.9550114870071411,0.611875,0.0432032011449337,0.029340069741010666,0.6791179776191711,0.9856662154197693,0.34990569949150085,0.03728805482387543,0.9855101704597473,0.009740395471453667,0.3319826966136633,8,34
1325,1326,59,70-80,UQ_10,Filling-Ripening,Decoder,Decoder,All,module,119,4348539,76,1.1160657405853271,0.9550114870071411,0.9550114870071411,0.611875,0.9788206219673157,1.0142422914505005,1.0361881256103516,0.9681897759437561,0.25929245352745056,0.8428006172180176,0.9680195450782776,0.2899419665336609,0.28587051533712476,83,34
1325,1326,59,70-80,UQ_10,Filling-Ripening,Decoder/Detection decoder,Decoder,Detection decoder,component,119,4348539,76,1.1160657405853271,0.9550114870071411,0.9550114870071411,0.611875,0.9788206219673157,1.0142422914505005,1.0361881256103516,0.9681897759437561,0.25929245352745056,0.8428006172180176,0.9680195450782776,0.2899419665336609,0.28587051533712476,83,34
1325,1326,59,70-80,UQ_10,Filling-Ripening,MSIA,MSIA,All,module,16,461568,76,1.1160657405853271,0.9550114870071411,0.9550114870071411,0.611875,0.05923920497298241,0.05233105644583702,0.8833855390548706,0.9706778526306152,0.2557424306869507,0.05095048248767853,0.9705668091773987,0.012604008428752422,0.24085140420961407,16,34
1325,1326,59,70-80,UQ_10,Filling-Ripening,MSIA/Hypergraph interaction,MSIA,Hypergraph interaction,component,4,66304,76,1.1160657405853271,0.9550114870071411,0.9550114870071411,0.611875,0.028617005795240402,0.025073213502764702,0.8761647939682007,0.9680643081665039,0.2670149803161621,0.024636412039399147,0.9675414562225342,0.006347522605210543,0.25315951641023726,4,34
1325,1326,59,70-80,UQ_10,Filling-Ripening,MSIA/Semantic collection,MSIA,Semantic collection,component,3,197120,76,1.1160657405853271,0.9550114870071411,0.9550114870071411,0.611875,0.030902856960892677,0.02592751756310463,0.8390006422996521,0.9702590107917786,0.2753657102584839,0.026602212339639664,0.9705250859260559,0.006412057671695948,0.24730704187509384,3,34
1325,1326,59,70-80,UQ_10,Filling-Ripening,MSIA/Semantic scattering,MSIA,Semantic scattering,component,9,198144,76,1.1160657405853271,0.9550114870071411,0.9550114870071411,0.611875,0.041657689958810806,0.03791617974638939,0.910184383392334,0.9731808304786682,0.2385120391845703,0.03579555079340935,0.9731224179267883,0.008800880052149296,0.23211410302978558,9,34
434,435,47,30-40,Terraref_2,Filling,ASWB,ASWB,All,module,24,801634,33,0.8569429516792297,0.7171732783317566,0.7171732783317566,0.611875,0.04426153376698494,0.03623763471841812,0.8187162280082703,0.9292597770690918,0.3856112062931061,0.037531863898038864,0.9259936809539795,0.014247185550630093,0.393159919551505,18,35
434,435,47,30-40,Terraref_2,Filling,ASWB/Feed-forward,ASWB,Feed-forward,component,8,526592,33,0.8569429516792297,0.7171732783317566,0.7171732783317566,0.611875,0.011880331672728062,0.009504669345915318,0.8000339865684509,0.91880202293396,0.41219955682754517,0.010079111903905869,0.9156466722488403,0.004061013460159302,0.4272650959609178,8,35
434,435,47,30-40,Terraref_2,Filling,ASWB/Parameter generator,ASWB,Parameter generator,component,4,8290,33,0.8569429516792297,0.7171732783317566,0.7171732783317566,0.611875,0.0,0.0,0.0,0.0,0.0,0.0,0.0,0.0,0.0,0,35
434,435,47,30-40,Terraref_2,Filling,ASWB/Self-modulation,ASWB,Self-modulation,component,2,512,33,0.8569429516792297,0.7171732783317566,0.7171732783317566,0.611875,0.022092314437031746,0.018655508756637573,0.8444343209266663,0.909376323223114,0.4210132360458374,0.01870766095817089,0.9051413536071777,0.008137214928865433,0.4361829545908383,2,35
434,435,47,30-40,Terraref_2,Filling,ASWB/Wave propagation,ASWB,Wave propagation,component,10,266240,33,0.8569429516792297,0.7171732783317566,0.7171732783317566,0.611875,0.03646739199757576,0.02957700937986374,0.8110535740852356,0.9381892681121826,0.36873355507850647,0.03093664161860943,0.9352864027023315,0.010967050679028034,0.3707964702643158,8,35
434,435,47,30-40,Terraref_2,Filling,Decoder,Decoder,All,module,119,4348539,33,0.8569429516792297,0.7171732783317566,0.7171732783317566,0.611875,0.6486080884933472,0.7667244076728821,1.1821073293685913,0.9576663374900818,0.3650323450565338,0.5459902286529541,0.9567150473594666,0.29148566722869873,0.3801700641217348,83,35
434,435,47,30-40,Terraref_2,Filling,Decoder/Detection decoder,Decoder,Detection decoder,component,119,4348539,33,0.8569429516792297,0.7171732783317566,0.7171732783317566,0.611875,0.6486080884933472,0.7667244076728821,1.1821073293685913,0.9576663374900818,0.3650323450565338,0.5459902286529541,0.9567150473594666,0.29148566722869873,0.3801700641217348,83,35
434,435,47,30-40,Terraref_2,Filling,MSIA,MSIA,All,module,16,461568,33,0.8569429516792297,0.7171732783317566,0.7171732783317566,0.611875,0.041145503520965576,0.03940781578421593,0.9577672481536865,0.9575072526931763,0.2884097099304199,0.034674592316150665,0.9561042189598083,0.011931736953556538,0.3027759015848723,16,35
434,435,47,30-40,Terraref_2,Filling,MSIA/Hypergraph interaction,MSIA,Hypergraph interaction,component,4,66304,33,0.8569429516792297,0.7171732783317566,0.7171732783317566,0.611875,0.02002808079123497,0.01928858272731304,0.9630769491195679,0.9523802399635315,0.30510056018829346,0.016877854242920876,0.9507590532302856,0.006154065020382404,0.319052213808748,4,35
434,435,47,30-40,Terraref_2,Filling,MSIA/Semantic collection,MSIA,Semantic collection,component,3,197120,33,0.8569429516792297,0.7171732783317566,0.7171732783317566,0.611875,0.024006780236959457,0.023261189460754395,0.9689424633979797,0.9654686450958252,0.2605424225330353,0.020204585045576096,0.9640185832977295,0.0065699368715286255,0.2824419999077533,3,35
434,435,47,30-40,Terraref_2,Filling,MSIA/Semantic scattering,MSIA,Semantic scattering,component,9,198144,33,0.8569429516792297,0.7171732783317566,0.7171732783317566,0.611875,0.026748890057206154,0.025295129045844078,0.9456515312194824,0.9540026187896729,0.2999143898487091,0.02256634831428528,0.9528014063835144,0.007831333205103874,0.3095984681837605,9,35
259,260,80,50-60,UQ_10,Filling-Ripening,ASWB,ASWB,All,module,24,801634,50,1.1035864353179932,0.9225512742996216,0.9225512742996216,0.611875,0.0353400819003582,0.014990085735917091,0.4241667091846466,0.8398820757865906,0.6836792826652527,0.029643399640917778,0.8398651480674744,0.018895335495471954,1.260522176347375,18,36
259,260,80,50-60,UQ_10,Filling-Ripening,ASWB/Feed-forward,ASWB,Feed-forward,component,8,526592,50,1.1035864353179932,0.9225512742996216,0.9225512742996216,0.611875,0.010081598535180092,0.0043551987037062645,0.43199485540390015,0.8840227723121643,0.6502559185028076,0.008453737944364548,0.8842917084693909,0.00503172492608428,1.1553376248487337,8,36
259,260,80,50-60,UQ_10,Filling-Ripening,ASWB/Parameter generator,ASWB,Parameter generator,component,4,8290,50,1.1035864353179932,0.9225512742996216,0.9225512742996216,0.611875,0.0,0.0,0.0,0.0,0.0,0.0,0.0,0.0,0.0,0,36
259,260,80,50-60,UQ_10,Filling-Ripening,ASWB/Self-modulation,ASWB,Self-modulation,component,2,512,50,1.1035864353179932,0.9225512742996216,0.9225512742996216,0.611875,0.019495807588100433,0.008377188816666603,0.4296918213367462,0.8548253774642944,0.6708294153213501,0.01634177193045616,0.8549143075942993,0.010156698524951935,1.2124232540568929,2,36
259,260,80,50-60,UQ_10,Filling-Ripening,ASWB/Wave propagation,ASWB,Wave propagation,component,10,266240,50,1.1035864353179932,0.9225512742996216,0.9225512742996216,0.611875,0.027698304504156113,0.011642922647297382,0.42034783959388733,0.8263934254646301,0.6942240595817566,0.023242460563778877,0.8263041377067566,0.015118100680410862,1.2984798695643793,8,36
259,260,80,50-60,UQ_10,Filling-Ripening,Decoder,Decoder,All,module,119,4348539,50,1.1035864353179932,0.9225512742996216,0.9225512742996216,0.611875,0.7370147109031677,0.8789109587669373,1.1925283670425415,0.9609572291374207,0.3608129620552063,0.6164398789405823,0.9608660340309143,0.3336106836795807,0.3795727887471306,83,36
259,260,80,50-60,UQ_10,Filling-Ripening,Decoder/Detection decoder,Decoder,Detection decoder,component,119,4348539,50,1.1035864353179932,0.9225512742996216,0.9225512742996216,0.611875,0.7370147109031677,0.8789109587669373,1.1925283670425415,0.9609572291374207,0.3608129620552063,0.6164398789405823,0.9608660340309143,0.3336106836795807,0.3795727887471306,83,36
259,260,80,50-60,UQ_10,Filling-Ripening,MSIA,MSIA,All,module,16,461568,50,1.1035864353179932,0.9225512742996216,0.9225512742996216,0.611875,0.04523332044482231,0.04069458693265915,0.8996595144271851,0.9447171688079834,0.3309679329395294,0.0376458466053009,0.9448716640472412,0.013349371030926704,0.32803800301541486,16,36
259,260,80,50-60,UQ_10,Filling-Ripening,MSIA/Hypergraph interaction,MSIA,Hypergraph interaction,component,4,66304,50,1.1035864353179932,0.9225512742996216,0.9225512742996216,0.611875,0.02217864617705345,0.020074574276804924,0.9051307439804077,0.9379358887672424,0.34835708141326904,0.018417716026306152,0.9385179281234741,0.00694322632625699,0.3458716598677517,4,36
259,260,80,50-60,UQ_10,Filling-Ripening,MSIA/Semantic collection,MSIA,Semantic collection,component,3,197120,50,1.1035864353179932,0.9225512742996216,0.9225512742996216,0.611875,0.02494145557284355,0.021924013271927834,0.879019021987915,0.9579447507858276,0.29760897159576416,0.020805463194847107,0.9577656984329224,0.006307183764874935,0.2876838143931815,3,36
259,260,80,50-60,UQ_10,Filling-Ripening,MSIA/Semantic scattering,MSIA,Semantic scattering,component,9,198144,50,1.1035864353179932,0.9225512742996216,0.9225512742996216,0.611875,0.030530065298080444,0.027792057022452354,0.9103176593780518,0.9399895668029785,0.3424912095069885,0.025399407371878624,0.9401533007621765,0.009498249739408493,0.3417613072589462,9,36
989,990,88,10-20,Terraref_2,Filling,ASWB,ASWB,All,module,24,801634,18,0.7636034488677979,0.6358030438423157,0.6358030438423157,0.611875,0.03684080019593239,0.04080859199166298,1.107701063156128,0.9122540354728699,0.45386356115341187,0.03025982156395912,0.9063332676887512,0.018509650602936745,0.4535723900182145,18,37
989,990,88,10-20,Terraref_2,Filling,ASWB/Feed-forward,ASWB,Feed-forward,component,8,526592,18,0.7636034488677979,0.6358030438423157,0.6358030438423157,0.611875,0.009702079929411411,0.0107811838388443,1.1112239360809326,0.9131901264190674,0.4531016945838928,0.00807545892894268,0.9073541164398193,0.004842829890549183,0.4491927753889702,8,37
989,990,88,10-20,Terraref_2,Filling,ASWB/Parameter generator,ASWB,Parameter generator,component,4,8290,18,0.7636034488677979,0.6358030438423157,0.6358030438423157,0.611875,0.0,0.0,0.0,0.0,0.0,0.0,0.0,0.0,0.0,0,37
989,990,88,10-20,Terraref_2,Filling,ASWB/Self-modulation,ASWB,Self-modulation,component,2,512,18,0.7636034488677979,0.6358030438423157,0.6358030438423157,0.611875,0.020672624930739403,0.024896986782550812,1.204345703125,0.9306939244270325,0.4568307399749756,0.016885394230484962,0.925920307636261,0.011245938949286938,0.4516987958225015,2,37
989,990,88,10-20,Terraref_2,Filling,ASWB/Wave propagation,ASWB,Wave propagation,component,10,266240,18,0.7636034488677979,0.6358030438423157,0.6358030438423157,0.611875,0.028909457847476006,0.030483558773994446,1.0544493198394775,0.9043464660644531,0.45242488384246826,0.02377661131322384,0.8981093168258667,0.01388103049248457,0.4553612193182146,8,37
989,990,88,10-20,Terraref_2,Filling,Decoder,Decoder,All,module,119,4348539,18,0.7636034488677979,0.6358030438423157,0.6358030438423157,0.611875,1.0001531839370728,1.118130087852478,1.1179587841033936,0.9732613563537598,0.2714760899543762,0.832085132598877,0.9720625281333923,0.3657958209514618,0.3271496089100176,83,37
989,990,88,10-20,Terraref_2,Filling,Decoder/Detection decoder,Decoder,Detection decoder,component,119,4348539,18,0.7636034488677979,0.6358030438423157,0.6358030438423157,0.611875,1.0001531839370728,1.118130087852478,1.1179587841033936,0.9732613563537598,0.2714760899543762,0.832085132598877,0.9720625281333923,0.3657958209514618,0.3271496089100176,83,37
989,990,88,10-20,Terraref_2,Filling,MSIA,MSIA,All,module,16,461568,18,0.7636034488677979,0.6358030438423157,0.6358030438423157,0.611875,0.07706896215677261,0.08437694609165192,1.094823956489563,0.9772850871086121,0.2423420548439026,0.06354217231273651,0.9757381081581116,0.026348592713475227,0.3122724148472364,16,37
989,990,88,10-20,Terraref_2,Filling,MSIA/Hypergraph interaction,MSIA,Hypergraph interaction,component,4,66304,18,0.7636034488677979,0.6358030438423157,0.6358030438423157,0.611875,0.0383492149412632,0.04331238940358162,1.129420518875122,0.9788708090782166,0.2539234459400177,0.031559474766254425,0.9772953391075134,0.01414927002042532,0.3266795070709093,4,37
989,990,88,10-20,Terraref_2,Filling,MSIA/Semantic collection,MSIA,Semantic collection,component,3,197120,18,0.7636034488677979,0.6358030438423157,0.6358030438423157,0.611875,0.04458652809262276,0.05097299441695213,1.143237590789795,0.9839672446250916,0.23911422491073608,0.03662380576133728,0.9826986193656921,0.016446780413389206,0.32265674405660355,3,37
989,990,88,10-20,Terraref_2,Filling,MSIA/Semantic scattering,MSIA,Semantic scattering,component,9,198144,18,0.7636034488677979,0.6358030438423157,0.6358030438423157,0.611875,0.049809690564870834,0.05143209174275398,1.0325720310211182,0.9731218814849854,0.23784016072750092,0.04123474657535553,0.9718114137649536,0.014951585792005062,0.2907053803447828,9,37
808,809,22,60-70,KSU_1,Post-Flowering,ASWB,ASWB,All,module,24,801634,64,1.1680772304534912,0.9952214360237122,0.9952214360237122,0.611875,0.15457816421985626,0.10755278915166855,0.6957825422286987,0.9912481307983398,0.32361531257629395,0.13212907314300537,0.9912258982658386,0.029212478548288345,0.2716106088805708,18,38
808,809,22,60-70,KSU_1,Post-Flowering,ASWB/Feed-forward,ASWB,Feed-forward,component,8,526592,64,1.1680772304534912,0.9952214360237122,0.9952214360237122,0.611875,0.03746436536312103,0.02617345005273819,0.6986225247383118,0.9899657964706421,0.3238033652305603,0.032018568366765976,0.9899499416351318,0.007142139598727226,0.2728772700708609,8,38
808,809,22,60-70,KSU_1,Post-Flowering,ASWB/Parameter generator,ASWB,Parameter generator,component,4,8290,64,1.1680772304534912,0.9952214360237122,0.9952214360237122,0.611875,0.0,0.0,0.0,0.0,0.0,0.0,0.0,0.0,0.0,0,38
808,809,22,60-70,KSU_1,Post-Flowering,ASWB/Self-modulation,ASWB,Self-modulation,component,2,512,64,1.1680772304534912,0.9952214360237122,0.9952214360237122,0.611875,0.07996538281440735,0.05452125892043114,0.681810736656189,0.9907901883125305,0.33734703063964844,0.06835365295410156,0.9907697439193726,0.016128629446029663,0.2958227628156559,2,38
808,809,22,60-70,KSU_1,Post-Flowering,ASWB/Wave propagation,ASWB,Wave propagation,component,10,266240,64,1.1680772304534912,0.9952214360237122,0.9952214360237122,0.611875,0.12687145173549652,0.08893809467554092,0.7010095119476318,0.991644024848938,0.3179790675640106,0.10844667255878448,0.9916205406188965,0.023285746574401855,0.261819714705511,8,38
808,809,22,60-70,KSU_1,Post-Flowering,Decoder,Decoder,All,module,119,4348539,64,1.1680772304534912,0.9952214360237122,0.9952214360237122,0.611875,0.9577879309654236,1.0562658309936523,1.1028180122375488,0.9663177728652954,0.2913118600845337,0.8255631327629089,0.9653550386428833,0.33711326122283936,0.319155700516895,83,38
808,809,22,60-70,KSU_1,Post-Flowering,Decoder/Detection decoder,Decoder,Detection decoder,component,119,4348539,64,1.1680772304534912,0.9952214360237122,0.9952214360237122,0.611875,0.9577879309654236,1.0562658309936523,1.1028180122375488,0.9663177728652954,0.2913118600845337,0.8255631327629089,0.9653550386428833,0.33711326122283936,0.319155700516895,83,38
808,809,22,60-70,KSU_1,Post-Flowering,MSIA,MSIA,All,module,16,461568,64,1.1680772304534912,0.9952214360237122,0.9952214360237122,0.611875,0.05766402930021286,0.05203127861022949,0.9023177623748779,0.9479771852493286,0.3215963840484619,0.04940417781472206,0.9490383863449097,0.01639821194112301,0.31516065680344585,16,38
808,809,22,60-70,KSU_1,Post-Flowering,MSIA/Hypergraph interaction,MSIA,Hypergraph interaction,component,4,66304,64,1.1680772304534912,0.9952214360237122,0.9952214360237122,0.611875,0.028531743213534355,0.0248405858874321,0.8706297874450684,0.944712221622467,0.3361651301383972,0.02443537674844265,0.9458839297294617,0.008115410804748535,0.32669965360416336,4,38
808,809,22,60-70,KSU_1,Post-Flowering,MSIA/Semantic collection,MSIA,Semantic collection,component,3,197120,64,1.1680772304534912,0.9952214360237122,0.9952214360237122,0.611875,0.02714655175805092,0.023089980706572533,0.8505676984786987,0.9528489708900452,0.3202190697193146,0.023234110325574875,0.9532527923583984,0.007083653938025236,0.306784749110201,3,38
808,809,22,60-70,KSU_1,Post-Flowering,MSIA/Semantic scattering,MSIA,Semantic scattering,component,9,198144,64,1.1680772304534912,0.9952214360237122,0.9952214360237122,0.611875,0.04212059825658798,0.03945949301123619,0.9368217587471008,0.9490815997123718,0.3152688145637512,0.036109019070863724,0.950297474861145,0.012363789603114128,0.31332864818089545,9,38
872,873,56,50-60,Terraref_1,Ripening,ASWB,ASWB,All,module,24,801634,51,0.8014959096908569,0.6714673042297363,0.6714673042297363,0.611875,0.09335368126630783,0.0779348686337471,0.8348344564437866,0.9855564832687378,0.22670553624629974,0.0796760767698288,0.9859395027160645,0.013328486122190952,0.17102083259840764,18,39
872,873,56,50-60,Terraref_1,Ripening,ASWB/Feed-forward,ASWB,Feed-forward,component,8,526592,51,0.8014959096908569,0.6714673042297363,0.6714673042297363,0.611875,0.02384674921631813,0.0193500779569149,0.8114346265792847,0.9852923154830933,0.24377362430095673,0.020343415439128876,0.9856076836585999,0.0035096637438982725,0.18137724053168824,8,39
872,873,56,50-60,Terraref_1,Ripening,ASWB/Parameter generator,ASWB,Parameter generator,component,4,8290,51,0.8014959096908569,0.6714673042297363,0.6714673042297363,0.611875,0.0,0.0,0.0,0.0,0.0,0.0,0.0,0.0,0.0,0,39
872,873,56,50-60,Terraref_1,Ripening,ASWB/Self-modulation,ASWB,Self-modulation,component,2,512,51,0.8014959096908569,0.6714673042297363,0.6714673042297363,0.611875,0.04343331232666969,0.03636760264635086,0.8373205065727234,0.9819290637969971,0.23817449808120728,0.037082523107528687,0.9823577404022217,0.006935114972293377,0.19069486212034514,2,39
872,873,56,50-60,Terraref_1,Ripening,ASWB/Wave propagation,ASWB,Wave propagation,component,10,266240,51,0.8014959096908569,0.6714673042297363,0.6714673042297363,0.611875,0.07911883294582367,0.0661575123667717,0.8361790776252747,0.9867121577262878,0.22149300575256348,0.06752265244722366,0.9870865345001221,0.010827510617673397,0.1636626020284225,8,39
872,873,56,50-60,Terraref_1,Ripening,Decoder,Decoder,All,module,119,4348539,51,0.8014959096908569,0.6714673042297363,0.6714673042297363,0.611875,0.7399963736534119,0.791528582572937,1.0696384906768799,0.9696566462516785,0.2641262114048004,0.6250109672546387,0.96834796667099,0.24299296736717224,0.30699203126348396,83,39
872,873,56,50-60,Terraref_1,Ripening,Decoder/Detection decoder,Decoder,Detection decoder,component,119,4348539,51,0.8014959096908569,0.6714673042297363,0.6714673042297363,0.611875,0.7399963736534119,0.791528582572937,1.0696384906768799,0.9696566462516785,0.2641262114048004,0.6250109672546387,0.96834796667099,0.24299296736717224,0.30699203126348396,83,39
872,873,56,50-60,Terraref_1,Ripening,MSIA,MSIA,All,module,16,461568,51,0.8014959096908569,0.6714673042297363,0.6714673042297363,0.611875,0.04348357021808624,0.0405627079308033,0.9328283667564392,0.9674795866012573,0.2553117275238037,0.03679056465625763,0.9666159749031067,0.010670935735106468,0.2630725678697345,16,39
872,873,56,50-60,Terraref_1,Ripening,MSIA/Hypergraph interaction,MSIA,Hypergraph interaction,component,4,66304,51,0.8014959096908569,0.6714673042297363,0.6714673042297363,0.611875,0.021223070099949837,0.019968505948781967,0.9408867955207825,0.9626299142837524,0.27169153094291687,0.017961811274290085,0.9618240594863892,0.005604639183729887,0.28067393715410927,4,39
872,873,56,50-60,Terraref_1,Ripening,MSIA/Semantic collection,MSIA,Semantic collection,component,3,197120,51,0.8014959096908569,0.6714673042297363,0.6714673042297363,0.611875,0.023339971899986267,0.021617019549012184,0.9261801838874817,0.9753220677375793,0.22618964314460754,0.01977478340268135,0.9745703339576721,0.005013462621718645,0.2319220098937155,3,39
872,873,56,50-60,Terraref_1,Ripening,MSIA/Semantic scattering,MSIA,Semantic scattering,component,9,198144,51,0.8014959096908569,0.6714673042297363,0.6714673042297363,0.611875,0.02992737665772438,0.02791588567197323,0.9327875971794128,0.9652365446090698,0.26338502764701843,0.025295786559581757,0.9642733335494995,0.0075711337849497795,0.2712123797150734,9,39
694,695,94,10-20,NAU_2,Post-Flowering,ASWB,ASWB,All,module,24,801634,18,1.2390550374984741,1.0553154945373535,1.0553154945373535,0.611875,0.22267629206180573,0.17251461744308472,0.774732768535614,0.9991865754127502,0.22804774343967438,0.18998782336711884,0.9992079138755798,0.01890065334737301,0.1095597209529716,18,40
694,695,94,10-20,NAU_2,Post-Flowering,ASWB/Feed-forward,ASWB,Feed-forward,component,8,526592,18,1.2390550374984741,1.0553154945373535,1.0553154945373535,0.611875,0.05157613754272461,0.03958873078227043,0.7675784230232239,0.9987168312072754,0.2366209179162979,0.043995220214128494,0.9987421035766602,0.004878415260463953,0.12322737213512086,8,40
694,695,94,10-20,NAU_2,Post-Flowering,ASWB/Parameter generator,ASWB,Parameter generator,component,4,8290,18,1.2390550374984741,1.0553154945373535,1.0553154945373535,0.611875,0.0,0.0,0.0,0.0,0.0,0.0,0.0,0.0,0.0,0,40
694,695,94,10-20,NAU_2,Post-Flowering,ASWB/Self-modulation,ASWB,Self-modulation,component,2,512,18,1.2390550374984741,1.0553154945373535,1.0553154945373535,0.611875,0.1243620291352272,0.09534727782011032,0.7666912078857422,0.9992286562919617,0.23583005368709564,0.10607286542654037,0.9992483854293823,0.011412286199629307,0.11969178838184164,2,40
694,695,94,10-20,NAU_2,Post-Flowering,ASWB/Wave propagation,ASWB,Wave propagation,component,10,266240,18,1.2390550374984741,1.0553154945373535,1.0553154945373535,0.611875,0.17736604809761047,0.13821333646774292,0.7792547345161438,0.9992520213127136,0.22336995601654053,0.15135501325130463,0.9992712736129761,0.014254665933549404,0.10313524221214532,8,40
694,695,94,10-20,NAU_2,Post-Flowering,Decoder,Decoder,All,module,119,4348539,18,1.2390550374984741,1.0553154945373535,1.0553154945373535,0.611875,1.0929793119430542,1.1191391944885254,1.0239344835281372,0.9675450921058655,0.25891321897506714,0.9322502613067627,0.9672284722328186,0.3214184045791626,0.287201454619824,83,40
694,695,94,10-20,NAU_2,Post-Flowering,Decoder/Detection decoder,Decoder,Detection decoder,component,119,4348539,18,1.2390550374984741,1.0553154945373535,1.0553154945373535,0.611875,1.0929793119430542,1.1191391944885254,1.0239344835281372,0.9675450921058655,0.25891321897506714,0.9322502613067627,0.9672284722328186,0.3214184045791626,0.287201454619824,83,40
694,695,94,10-20,NAU_2,Post-Flowering,MSIA,MSIA,All,module,16,461568,18,1.2390550374984741,1.0553154945373535,1.0553154945373535,0.611875,0.08084959536790848,0.06963547319173813,0.8612964749336243,0.9822953343391418,0.22301656007766724,0.06899027526378632,0.9818385243415833,0.013225613161921501,0.18992637740114687,16,40
694,695,94,10-20,NAU_2,Post-Flowering,MSIA/Hypergraph interaction,MSIA,Hypergraph interaction,component,4,66304,18,1.2390550374984741,1.0553154945373535,1.0553154945373535,0.611875,0.04015379026532173,0.03407156094908714,0.848526656627655,0.983278214931488,0.2265433520078659,0.034251924604177475,0.9828823804855347,0.006323408335447311,0.1855919763962775,4,40
694,695,94,10-20,NAU_2,Post-Flowering,MSIA/Semantic collection,MSIA,Semantic collection,component,3,197120,18,1.2390550374984741,1.0553154945373535,1.0553154945373535,0.611875,0.04531577602028847,0.03926379978656769,0.8664488196372986,0.9872719049453735,0.19973117113113403,0.03865032270550728,0.9870230555534363,0.006305777933448553,0.16060029767179554,3,40
694,695,94,10-20,NAU_2,Post-Flowering,MSIA/Semantic scattering,MSIA,Semantic scattering,component,9,198144,18,1.2390550374984741,1.0553154945373535,1.0553154945373535,0.611875,0.053579945117235184,0.046331215649843216,0.8647118806838989,0.9782675504684448,0.23640498518943787,0.0457451231777668,0.9776296019554138,0.009755436331033707,0.21055860922714034,9,40
185,186,30,40-50,Terraref_1,Ripening,ASWB,ASWB,All,module,24,801634,41,1.0407346487045288,0.8694528341293335,0.8694528341293335,0.611875,0.04743296280503273,0.043231938034296036,0.9114323854446411,0.8488030433654785,0.5324057936668396,0.04038286209106445,0.8345708847045898,0.024202045053243637,0.5598186469004484,18,41
185,186,30,40-50,Terraref_1,Ripening,ASWB/Feed-forward,ASWB,Feed-forward,component,8,526592,41,1.0407346487045288,0.8694528341293335,0.8694528341293335,0.611875,0.011861154809594154,0.011550252325832844,0.9737882018089294,0.8568025827407837,0.5287485122680664,0.01007112953811884,0.8426709175109863,0.006228172220289707,0.539223909971215,8,41
185,186,30,40-50,Terraref_1,Ripening,ASWB/Parameter generator,ASWB,Parameter generator,component,4,8290,41,1.0407346487045288,0.8694528341293335,0.8694528341293335,0.611875,0.0,0.0,0.0,0.0,0.0,0.0,0.0,0.0,0.0,0,41
185,186,30,40-50,Terraref_1,Ripening,ASWB/Self-modulation,ASWB,Self-modulation,component,2,512,41,1.0407346487045288,0.8694528341293335,0.8694528341293335,0.611875,0.022606298327445984,0.02339896187186241,1.0350638628005981,0.8532278537750244,0.5523281097412109,0.019084865227341652,0.8358242511749268,0.012854650616645813,0.549368415874198,2,41
185,186,30,40-50,Terraref_1,Ripening,ASWB/Wave propagation,ASWB,Wave propagation,component,10,266240,41,1.0407346487045288,0.8694528341293335,0.8694528341293335,0.611875,0.03997692093253136,0.03446854650974274,0.8622111678123474,0.8504418730735779,0.5262007117271423,0.03413378819823265,0.8378320932388306,0.019537320360541344,0.5668159043207408,8,41
185,186,30,40-50,Terraref_1,Ripening,Decoder,Decoder,All,module,119,4348539,41,1.0407346487045288,0.8694528341293335,0.8694528341293335,0.611875,0.9814234375953674,1.0400059223175049,1.059691309928894,0.9728836417198181,0.2470492124557495,0.8283540606498718,0.9706221222877502,0.30889230966567993,0.297010144882019,83,41
185,186,30,40-50,Terraref_1,Ripening,Decoder/Detection decoder,Decoder,Detection decoder,component,119,4348539,41,1.0407346487045288,0.8694528341293335,0.8694528341293335,0.611875,0.9814234375953674,1.0400059223175049,1.059691309928894,0.9728836417198181,0.2470492124557495,0.8283540606498718,0.9706221222877502,0.30889230966567993,0.297010144882019,83,41
185,186,30,40-50,Terraref_1,Ripening,MSIA,MSIA,All,module,16,461568,41,1.0407346487045288,0.8694528341293335,0.8694528341293335,0.611875,0.03893963247537613,0.04110155999660492,1.055519938468933,0.9542803168296814,0.31559303402900696,0.03265320882201195,0.9511749744415283,0.014227816835045815,0.34616245310934823,16,41
185,186,30,40-50,Terraref_1,Ripening,MSIA/Hypergraph interaction,MSIA,Hypergraph interaction,component,4,66304,41,1.0407346487045288,0.8694528341293335,0.8694528341293335,0.611875,0.018918048590421677,0.02076587826013565,1.0976754426956177,0.9585808515548706,0.31697016954421997,0.01584714464843273,0.9551624059677124,0.007328317034989595,0.3529018586735047,4,41
185,186,30,40-50,Terraref_1,Ripening,MSIA/Semantic collection,MSIA,Semantic collection,component,3,197120,41,1.0407346487045288,0.8694528341293335,0.8694528341293335,0.611875,0.02146758884191513,0.022495614364743233,1.0478873252868652,0.9564950466156006,0.3057282269001007,0.018024982884526253,0.9543781280517578,0.0075488006696105,0.33556765986536163,3,41
185,186,30,40-50,Terraref_1,Ripening,MSIA/Semantic scattering,MSIA,Semantic scattering,component,9,198144,41,1.0407346487045288,0.8694528341293335,0.8694528341293335,0.611875,0.02641107700765133,0.027423789724707603,1.0383442640304565,0.9510126709938049,0.32124993205070496,0.022140463814139366,0.94743812084198,0.009578214026987553,0.34926660841327895,9,41
263,264,63,30-40,KSU_3,Filling,ASWB,ASWB,All,module,24,801634,30,1.151713252067566,0.9756929874420166,0.9756929874420166,0.611875,0.4056769013404846,0.32911455631256104,0.8112726211547852,0.9992023706436157,0.1921251118183136,0.34628385305404663,0.999255895614624,0.021550100296735764,0.06547902510963256,18,42
263,264,63,30-40,KSU_3,Filling,ASWB/Feed-forward,ASWB,Feed-forward,component,8,526592,30,1.151713252067566,0.9756929874420166,0.9756929874420166,0.611875,0.09665849059820175,0.07812530547380447,0.8082611560821533,0.9990133047103882,0.1958543062210083,0.082482248544693,0.9990804195404053,0.005552887450903654,0.07107668145714381,8,42
263,264,63,30-40,KSU_3,Filling,ASWB/Parameter generator,ASWB,Parameter generator,component,4,8290,30,1.151713252067566,0.9756929874420166,0.9756929874420166,0.611875,0.0,0.0,0.0,0.0,0.0,0.0,0.0,0.0,0.0,0,42
263,264,63,30-40,KSU_3,Filling,ASWB/Self-modulation,ASWB,Self-modulation,component,2,512,30,1.151713252067566,0.9756929874420166,0.9756929874420166,0.611875,0.20833368599414825,0.16722658276557922,0.8026862144470215,0.9989359378814697,0.20159567892551422,0.17774003744125366,0.9990101456642151,0.013014216907322407,0.07782385247664801,2,42
263,264,63,30-40,KSU_3,Filling,ASWB/Wave propagation,ASWB,Wave propagation,component,10,266240,30,1.151713252067566,0.9756929874420166,0.9756929874420166,0.611875,0.33440688252449036,0.27248507738113403,0.8148309588432312,0.9993516802787781,0.1879998743534088,0.2855129539966583,0.9993928074836731,0.016254302114248276,0.05965208175973922,8,42
263,264,63,30-40,KSU_3,Filling,Decoder,Decoder,All,module,119,4348539,30,1.151713252067566,0.9756929874420166,0.9756929874420166,0.611875,1.5317964553833008,1.4349135160446167,0.9367520809173584,0.9804607033729553,0.20151101052761078,1.3074463605880737,0.9799773097038269,0.3022838830947876,0.21066348578835778,83,42
263,264,63,30-40,KSU_3,Filling,Decoder/Detection decoder,Decoder,Detection decoder,component,119,4348539,30,1.151713252067566,0.9756929874420166,0.9756929874420166,0.611875,1.5317964553833008,1.4349135160446167,0.9367520809173584,0.9804607033729553,0.20151101052761078,1.3074463605880737,0.9799773097038269,0.3022838830947876,0.21066348578835778,83,42
263,264,63,30-40,KSU_3,Filling,MSIA,MSIA,All,module,16,461568,30,1.151713252067566,0.9756929874420166,0.9756929874420166,0.611875,0.12938706576824188,0.11086635291576385,0.8568580746650696,0.9936716556549072,0.17701570689678192,0.11043770611286163,0.993634045124054,0.012492899782955647,0.11268432174771492,16,42
263,264,63,30-40,KSU_3,Filling,MSIA/Hypergraph interaction,MSIA,Hypergraph interaction,component,4,66304,30,1.151713252067566,0.9756929874420166,0.9756929874420166,0.611875,0.06641828268766403,0.05602862313389778,0.8435723185539246,0.9940494298934937,0.1857665479183197,0.0567016527056694,0.994060218334198,0.006180081982165575,0.11030222833419182,4,42
263,264,63,30-40,KSU_3,Filling,MSIA/Semantic collection,MSIA,Semantic collection,component,3,197120,30,1.151713252067566,0.9756929874420166,0.9756929874420166,0.611875,0.06518308073282242,0.05590396001935005,0.8576452732086182,0.9953219890594482,0.1681932657957077,0.05563344433903694,0.995310366153717,0.005407803691923618,0.09673382154058163,3,42
263,264,63,30-40,KSU_3,Filling,MSIA/Semantic scattering,MSIA,Semantic scattering,component,9,198144,30,1.151713252067566,0.9756929874420166,0.9756929874420166,0.611875,0.08989321440458298,0.07763304561376572,0.8636140823364258,0.9927040338516235,0.1766432672739029,0.07672242075204849,0.9926291108131409,0.009414604865014553,0.12127058510435634,9,42
1093,1094,35,40-50,UQ_10,Filling-Ripening,ASWB,ASWB,All,module,24,801634,44,1.2782683372497559,1.0789508819580078,1.0789508819580078,0.611875,0.03940173238515854,0.05413532629609108,1.3739326000213623,0.960440456867218,0.4985280930995941,0.033622436225414276,0.9615238308906555,0.023682165890932083,0.4374623284138603,18,43
1093,1094,35,40-50,UQ_10,Filling-Ripening,ASWB/Feed-forward,ASWB,Feed-forward,component,8,526592,44,1.2782683372497559,1.0789508819580078,1.0789508819580078,0.611875,0.012082979083061218,0.015874359756708145,1.3137786388397217,0.9668660759925842,0.4307183623313904,0.010302304290235043,0.9677698612213135,0.0064490120857954025,0.4062533660968718,8,43
1093,1094,35,40-50,UQ_10,Filling-Ripening,ASWB/Parameter generator,ASWB,Parameter generator,component,4,8290,44,1.2782683372497559,1.0789508819580078,1.0789508819580078,0.611875,0.0,0.0,0.0,0.0,0.0,0.0,0.0,0.0,0.0,0,43
1093,1094,35,40-50,UQ_10,Filling-Ripening,ASWB/Self-modulation,ASWB,Self-modulation,component,2,512,44,1.2782683372497559,1.0789508819580078,1.0789508819580078,0.611875,0.019387200474739075,0.026942776516079903,1.389719843864441,0.9581671953201294,0.5178351402282715,0.01656113564968109,0.9592512845993042,0.012005946598947048,0.44560910757589134,2,43
1093,1094,35,40-50,UQ_10,Filling-Ripening,ASWB/Wave propagation,ASWB,Wave propagation,component,10,266240,44,1.2782683372497559,1.0789508819580078,1.0789508819580078,0.611875,0.03210350126028061,0.04418965056538582,1.3764744997024536,0.9605634808540344,0.5003000497817993,0.027387216687202454,0.961664080619812,0.019367821514606476,0.43828863244683536,8,43
1093,1094,35,40-50,UQ_10,Filling-Ripening,Decoder,Decoder,All,module,119,4348539,44,1.2782683372497559,1.0789508819580078,1.0789508819580078,0.611875,0.9321796298027039,1.1306123733520508,1.212869644165039,0.9779340624809265,0.31438812613487244,0.7889263033866882,0.9775567650794983,0.3959626853466034,0.3502196638558353,83,43
1093,1094,35,40-50,UQ_10,Filling-Ripening,Decoder/Detection decoder,Decoder,Detection decoder,component,119,4348539,44,1.2782683372497559,1.0789508819580078,1.0789508819580078,0.611875,0.9321796298027039,1.1306123733520508,1.212869644165039,0.9779340624809265,0.31438812613487244,0.7889263033866882,0.9775567650794983,0.3959626853466034,0.3502196638558353,83,43
1093,1094,35,40-50,UQ_10,Filling-Ripening,MSIA,MSIA,All,module,16,461568,44,1.2782683372497559,1.0789508819580078,1.0789508819580078,0.611875,0.03738332912325859,0.041956983506679535,1.122344732284546,0.9535474181175232,0.3453114330768585,0.03160848841071129,0.95308518409729,0.01521602738648653,0.362657801270774,16,43
1093,1094,35,40-50,UQ_10,Filling-Ripening,MSIA/Hypergraph interaction,MSIA,Hypergraph interaction,component,4,66304,44,1.2782683372497559,1.0789508819580078,1.0789508819580078,0.611875,0.016485078260302544,0.0194551944732666,1.180169939994812,0.9514920711517334,0.38334909081459045,0.01394581701606512,0.9506455063819885,0.007558760698884726,0.3885214670699501,4,43
1093,1094,35,40-50,UQ_10,Filling-Ripening,MSIA/Semantic collection,MSIA,Semantic collection,component,3,197120,44,1.2782683372497559,1.0789508819580078,1.0789508819580078,0.611875,0.014963112771511078,0.016856886446475983,1.1265628337860107,0.9273124933242798,0.42401888966560364,0.01264732051640749,0.9271941781044006,0.006983121857047081,0.4142592927359333,3,43
1093,1094,35,40-50,UQ_10,Filling-Ripening,MSIA/Semantic scattering,MSIA,Semantic scattering,component,9,198144,44,1.2782683372497559,1.0789508819580078,1.0789508819580078,0.611875,0.030030997470021248,0.03313199803233147,1.1032600402832031,0.9613903760910034,0.30960553884506226,0.025390077382326126,0.9609548449516296,0.011208416894078255,0.3382958336270772,9,43
782,783,27,80-100,UQ_9,Filling-Ripening,ASWB,ASWB,All,module,24,801634,96,1.0285722017288208,0.8635087013244629,0.8635087013244629,0.611875,0.06517914682626724,0.051890503615140915,0.7961212396621704,0.9141950607299805,0.42212408781051636,0.05577389895915985,0.9167614579200745,0.022290997207164764,0.4295775846095386,18,44
782,783,27,80-100,UQ_9,Filling-Ripening,ASWB/Feed-forward,ASWB,Feed-forward,component,8,526592,96,1.0285722017288208,0.8635087013244629,0.8635087013244629,0.611875,0.01847400888800621,0.01404393557459116,0.7601996660232544,0.9253164529800415,0.4135856032371521,0.015798384323716164,0.9272286295890808,0.0059472559951245785,0.4234750268923611,8,44
782,783,27,80-100,UQ_9,Filling-Ripening,ASWB/Parameter generator,ASWB,Parameter generator,component,4,8290,96,1.0285722017288208,0.8635087013244629,0.8635087013244629,0.611875,0.0,0.0,0.0,0.0,0.0,0.0,0.0,0.0,0.0,0,44
782,783,27,80-100,UQ_9,Filling-Ripening,ASWB/Self-modulation,ASWB,Self-modulation,component,2,512,96,1.0285722017288208,0.8635087013244629,0.8635087013244629,0.611875,0.03206263482570648,0.026832353323698044,0.8368729948997498,0.907764732837677,0.42542752623558044,0.027468640357255936,0.9109188914299011,0.011476890183985233,0.4277258146362052,2,44
782,783,27,80-100,UQ_9,Filling-Ripening,ASWB/Wave propagation,ASWB,Wave propagation,component,10,266240,96,1.0285722017288208,0.8635087013244629,0.8635087013244629,0.611875,0.05365649610757828,0.04213570058345795,0.7852861285209656,0.9159970879554749,0.4219418168067932,0.04589784890413284,0.9183930158615112,0.018160387873649597,0.43099764860155626,8,44
782,783,27,80-100,UQ_9,Filling-Ripening,Decoder,Decoder,All,module,119,4348539,96,1.0285722017288208,0.8635087013244629,0.8635087013244629,0.611875,0.8380436301231384,0.894230306148529,1.0670450925827026,0.9544783234596252,0.318814218044281,0.7141861915588379,0.953437864780426,0.30313271284103394,0.33898729528261423,83,44
782,783,27,80-100,UQ_9,Filling-Ripening,Decoder/Detection decoder,Decoder,Detection decoder,component,119,4348539,96,1.0285722017288208,0.8635087013244629,0.8635087013244629,0.611875,0.8380436301231384,0.894230306148529,1.0670450925827026,0.9544783234596252,0.318814218044281,0.7141861915588379,0.953437864780426,0.30313271284103394,0.33898729528261423,83,44
782,783,27,80-100,UQ_9,Filling-Ripening,MSIA,MSIA,All,module,16,461568,96,1.0285722017288208,0.8635087013244629,0.8635087013244629,0.611875,0.04702519625425339,0.04039476439356804,0.8590025901794434,0.9498165845870972,0.3257235586643219,0.04000744968652725,0.9496846199035645,0.012758483178913593,0.31584497076420864,16,44
782,783,27,80-100,UQ_9,Filling-Ripening,MSIA/Hypergraph interaction,MSIA,Hypergraph interaction,component,4,66304,96,1.0285722017288208,0.8635087013244629,0.8635087013244629,0.611875,0.02218443714082241,0.018835511058568954,0.8490416407585144,0.9441694021224976,0.34291940927505493,0.01892015151679516,0.944042980670929,0.006315858568996191,0.3353165491160315,4,44
782,783,27,80-100,UQ_9,Filling-Ripening,MSIA/Semantic collection,MSIA,Semantic collection,component,3,197120,96,1.0285722017288208,0.8635087013244629,0.8635087013244629,0.611875,0.02340788021683693,0.019281921908259392,0.8237363696098328,0.951859712600708,0.33223286271095276,0.019956005737185478,0.951387882232666,0.006153473164886236,0.3191317335566224,3,44
782,783,27,80-100,UQ_9,Filling-Ripening,MSIA/Semantic scattering,MSIA,Semantic scattering,component,9,198144,96,1.0285722017288208,0.8635087013244629,0.8635087013244629,0.611875,0.03422413393855095,0.030086012557148933,0.8790876269340515,0.9518582820892334,0.3150573670864105,0.029058251529932022,0.9519773721694946,0.00922082457691431,0.30648210890024674,9,44
1268,1269,95,50-60,KSU_2,Post-Flowering,ASWB,ASWB,All,module,24,801634,54,1.3216156959533691,1.1376293897628784,1.1376293897628784,0.611875,0.045687269419431686,0.021612010896205902,0.4730423092842102,0.1048760935664177,1.060446858406067,0.038749732077121735,0.10818706452846527,0.04227784276008606,1.9562197596109925,18,45
1268,1269,95,50-60,KSU_2,Post-Flowering,ASWB/Feed-forward,ASWB,Feed-forward,component,8,526592,54,1.3216156959533691,1.1376293897628784,1.1376293897628784,0.611875,0.01139624509960413,0.006476062815636396,0.5682628750801086,0.16330550611019135,1.066452980041504,0.00965141598135233,0.16457007825374603,0.010701257735490799,1.6524326647438792,8,45
1268,1269,95,50-60,KSU_2,Post-Flowering,ASWB/Parameter generator,ASWB,Parameter generator,component,4,8290,54,1.3216156959533691,1.1376293897628784,1.1376293897628784,0.611875,0.0,0.0,0.0,0.0,0.0,0.0,0.0,0.0,0.0,0,45
1268,1269,95,50-60,KSU_2,Post-Flowering,ASWB/Self-modulation,ASWB,Self-modulation,component,2,512,54,1.3216156959533691,1.1376293897628784,1.1376293897628784,0.611875,0.025550849735736847,0.012798313982784748,0.5008957982063293,0.27291837334632874,0.9886806011199951,0.021825416013598442,0.27677392959594727,0.02203460782766342,1.7216805164572917,2,45
1268,1269,95,50-60,KSU_2,Post-Flowering,ASWB/Wave propagation,ASWB,Wave propagation,component,10,266240,54,1.3216156959533691,1.1376293897628784,1.1376293897628784,0.611875,0.036119334399700165,0.016166098415851593,0.447574645280838,0.0038622061256319284,1.0940136909484863,0.030529381707310677,0.006089268252253532,0.034458309412002563,2.1315167411213225,8,45
1268,1269,95,50-60,KSU_2,Post-Flowering,Decoder,Decoder,All,module,119,4348539,54,1.3216156959533691,1.1376293897628784,1.1376293897628784,0.611875,1.241485357284546,1.393206000328064,1.1222089529037476,0.9764499068260193,0.26036739349365234,1.0747567415237427,0.9772986173629761,0.4115757942199707,0.295416323302552,83,45
1268,1269,95,50-60,KSU_2,Post-Flowering,Decoder/Detection decoder,Decoder,Detection decoder,component,119,4348539,54,1.3216156959533691,1.1376293897628784,1.1376293897628784,0.611875,1.241485357284546,1.393206000328064,1.1222089529037476,0.9764499068260193,0.26036739349365234,1.0747567415237427,0.9772986173629761,0.4115757942199707,0.295416323302552,83,45
1268,1269,95,50-60,KSU_2,Post-Flowering,MSIA,MSIA,All,module,16,461568,54,1.3216156959533691,1.1376293897628784,1.1376293897628784,0.611875,0.03988790139555931,0.037115853279829025,0.9305040240287781,0.9030664563179016,0.4303763806819916,0.03375741466879845,0.9029444456100464,0.015952667221426964,0.42980736832733946,16,45
1268,1269,95,50-60,KSU_2,Post-Flowering,MSIA/Hypergraph interaction,MSIA,Hypergraph interaction,component,4,66304,54,1.3216156959533691,1.1376293897628784,1.1376293897628784,0.611875,0.01774020306766033,0.017206255346536636,0.9699018001556396,0.8864249587059021,0.4703395664691925,0.014974410645663738,0.8862471580505371,0.00797488447278738,0.4634875114992761,4,45
1268,1269,95,50-60,KSU_2,Post-Flowering,MSIA/Semantic collection,MSIA,Semantic collection,component,3,197120,54,1.3216156959533691,1.1376293897628784,1.1376293897628784,0.611875,0.019018568098545074,0.017046822234988213,0.8963252305984497,0.8965358734130859,0.44297149777412415,0.016010062769055367,0.8951652646064758,0.007635312154889107,0.4479023743919734,3,45
1268,1269,95,50-60,KSU_2,Post-Flowering,MSIA/Semantic scattering,MSIA,Semantic scattering,component,9,198144,54,1.3216156959533691,1.1376293897628784,1.1376293897628784,0.611875,0.03024274855852127,0.028123600408434868,0.929928719997406,0.9120481610298157,0.41047289967536926,0.025671152397990227,0.9123390913009644,0.011514808982610703,0.4094358053514786,9,45
150,151,87,50-60,NAU_2,Post-Flowering,ASWB,ASWB,All,module,24,801634,54,1.1436858177185059,0.9799716472625732,0.9799716472625732,0.611875,0.333823025226593,0.26981407403945923,0.8082548379898071,0.9989758729934692,0.19601468741893768,0.28720811009407043,0.9989507794380188,0.021568363532423973,0.0799378742906854,18,46
150,151,87,50-60,NAU_2,Post-Flowering,ASWB/Feed-forward,ASWB,Feed-forward,component,8,526592,54,1.1436858177185059,0.9799716472625732,0.9799716472625732,0.611875,0.08783784508705139,0.07110219448804855,0.809471070766449,0.9989332556724548,0.19500824809074402,0.0755743756890297,0.9988997578620911,0.005641178693622351,0.07933902370018364,8,46
150,151,87,50-60,NAU_2,Post-Flowering,ASWB/Parameter generator,ASWB,Parameter generator,component,4,8290,54,1.1436858177185059,0.9799716472625732,0.9799716472625732,0.611875,0.0,0.0,0.0,0.0,0.0,0.0,0.0,0.0,0.0,0,46
150,151,87,50-60,NAU_2,Post-Flowering,ASWB/Self-modulation,ASWB,Self-modulation,component,2,512,54,1.1436858177185059,0.9799716472625732,0.9799716472625732,0.611875,0.17353588342666626,0.13912402093410492,0.8017017245292664,0.9988909363746643,0.20273256301879883,0.14930488169193268,0.9988653063774109,0.012279843911528587,0.088265447110279,2,46
150,151,87,50-60,NAU_2,Post-Flowering,ASWB/Wave propagation,ASWB,Wave propagation,component,10,266240,54,1.1436858177185059,0.9799716472625732,0.9799716472625732,0.611875,0.2713072597980499,0.21997413039207458,0.810793399810791,0.9990330338478088,0.19330565631389618,0.23342037200927734,0.9990089535713196,0.01681002415716648,0.07641818666224456,8,46
150,151,87,50-60,NAU_2,Post-Flowering,Decoder,Decoder,All,module,119,4348539,54,1.1436858177185059,0.9799716472625732,0.9799716472625732,0.611875,1.1611906290054321,1.1405609846115112,0.9822340607643127,0.9752718806266785,0.22111821174621582,0.9998725056648254,0.9753875732421875,0.27555379271507263,0.24159496636554648,83,46
150,151,87,50-60,NAU_2,Post-Flowering,Decoder/Detection decoder,Decoder,Detection decoder,component,119,4348539,54,1.1436858177185059,0.9799716472625732,0.9799716472625732,0.611875,1.1611906290054321,1.1405609846115112,0.9822340607643127,0.9752718806266785,0.22111821174621582,0.9998725056648254,0.9753875732421875,0.27555379271507263,0.24159496636554648,83,46
150,151,87,50-60,NAU_2,Post-Flowering,MSIA,MSIA,All,module,16,461568,54,1.1436858177185059,0.9799716472625732,0.9799716472625732,0.611875,0.09866781532764435,0.08263688534498215,0.837526261806488,0.9909008145332336,0.20405752956867218,0.08483035117387772,0.9906389713287354,0.011664251796901226,0.14115067077137242,16,46
150,151,87,50-60,NAU_2,Post-Flowering,MSIA/Hypergraph interaction,MSIA,Hypergraph interaction,component,4,66304,54,1.1436858177185059,0.9799716472625732,0.9799716472625732,0.611875,0.052448783069849014,0.04360482469201088,0.8313791751861572,0.9914466142654419,0.2065315544605255,0.04511597752571106,0.9912811517715454,0.0060488018207252026,0.13871863637680082,4,46
150,151,87,50-60,NAU_2,Post-Flowering,MSIA/Semantic collection,MSIA,Semantic collection,component,3,197120,54,1.1436858177185059,0.9799716472625732,0.9799716472625732,0.611875,0.054048165678977966,0.04434347525238991,0.8204436898231506,0.9939079284667969,0.2055162638425827,0.046488452702760696,0.9937652349472046,0.005505161359906197,0.12414817126020121,3,46
150,151,87,50-60,NAU_2,Post-Flowering,MSIA/Semantic scattering,MSIA,Semantic scattering,component,9,198144,54,1.1436858177185059,0.9799716472625732,0.9799716472625732,0.611875,0.06374368816614151,0.05441626161336899,0.8536729216575623,0.9888069033622742,0.20130133628845215,0.05476824566721916,0.9884178042411804,0.00831624772399664,0.1528265168799009,9,46
342,343,6,0-10,Terraref_2,Filling,ASWB,ASWB,All,module,24,801634,9,1.022433876991272,0.8663426041603088,0.8663426041603088,0.611875,0.03244559466838837,0.028911923989653587,0.8910893797874451,0.8920108079910278,0.45201510190963745,0.028021495789289474,0.8882355093955994,0.013486509211361408,0.46646875580427255,18,47
342,343,6,0-10,Terraref_2,Filling,ASWB/Feed-forward,ASWB,Feed-forward,component,8,526592,9,1.022433876991272,0.8663426041603088,0.8663426041603088,0.611875,0.010147047229111195,0.007888967171311378,0.7774643301963806,0.9157999157905579,0.42479079961776733,0.008784258738160133,0.9121473431587219,0.0036024574656039476,0.4566450065484444,8,47
342,343,6,0-10,Terraref_2,Filling,ASWB/Parameter generator,ASWB,Parameter generator,component,4,8290,9,1.022433876991272,0.8663426041603088,0.8663426041603088,0.611875,0.0,0.0,0.0,0.0,0.0,0.0,0.0,0.0,0.0,0,47
342,343,6,0-10,Terraref_2,Filling,ASWB/Self-modulation,ASWB,Self-modulation,component,2,512,9,1.022433876991272,0.8663426041603088,0.8663426041603088,0.611875,0.01664048619568348,0.013252642937004566,0.7964096069335938,0.913838267326355,0.4227164685726166,0.014345360919833183,0.9098690152168274,0.005955195054411888,0.44935905107528035,2,47
342,343,6,0-10,Terraref_2,Filling,ASWB/Wave propagation,ASWB,Wave propagation,component,10,266240,9,1.022433876991272,0.8663426041603088,0.8663426041603088,0.611875,0.025939319282770157,0.024454670026898384,0.9427645206451416,0.8858456015586853,0.46745872497558594,0.02241097018122673,0.8820669651031494,0.011551790870726109,0.4723756590467165,8,47
342,343,6,0-10,Terraref_2,Filling,Decoder,Decoder,All,module,119,4348539,9,1.022433876991272,0.8663426041603088,0.8663426041603088,0.611875,1.3875489234924316,1.5955146551132202,1.1498799324035645,0.9781596660614014,0.2696136236190796,1.1781717538833618,0.9779409170150757,0.5070585012435913,0.3178024718347759,83,47
342,343,6,0-10,Terraref_2,Filling,Decoder/Detection decoder,Decoder,Detection decoder,component,119,4348539,9,1.022433876991272,0.8663426041603088,0.8663426041603088,0.611875,1.3875489234924316,1.5955146551132202,1.1498799324035645,0.9781596660614014,0.2696136236190796,1.1781717538833618,0.9779409170150757,0.5070585012435913,0.3178024718347759,83,47
342,343,6,0-10,Terraref_2,Filling,MSIA,MSIA,All,module,16,461568,9,1.022433876991272,0.8663426041603088,0.8663426041603088,0.611875,0.06932203471660614,0.07638898491859436,1.1019437313079834,0.9768350124359131,0.2478814572095871,0.05906141549348831,0.9763175249099731,0.02267015352845192,0.29677254584035745,16,47
342,343,6,0-10,Terraref_2,Filling,MSIA/Hypergraph interaction,MSIA,Hypergraph interaction,component,4,66304,9,1.022433876991272,0.8663426041603088,0.8663426041603088,0.611875,0.03361798822879791,0.03739243745803833,1.1122746467590332,0.9744458198547363,0.2635380029678345,0.028642427176237106,0.973695695400238,0.011528541333973408,0.3083121111564524,4,47
342,343,6,0-10,Terraref_2,Filling,MSIA/Semantic collection,MSIA,Semantic collection,component,3,197120,9,1.022433876991272,0.8663426041603088,0.8663426041603088,0.611875,0.037634678184986115,0.04073769599199295,1.0824509859085083,0.9787659645080566,0.22971253097057343,0.03212792053818703,0.9784064292907715,0.011430320329964161,0.2805833774254392,3,47
342,343,6,0-10,Terraref_2,Filling,MSIA/Semantic scattering,MSIA,Semantic scattering,component,9,198144,9,1.022433876991272,0.8663426041603088,0.8663426041603088,0.611875,0.047529008239507675,0.05270219221711159,1.1088426113128662,0.9769882559776306,0.2507586181163788,0.04044328257441521,0.9765193462371826,0.01582328975200653,0.3002396880725761,9,47
649,650,17,>100,UQ_9,Filling-Ripening,ASWB,ASWB,All,module,24,801634,100,1.1516188383102417,0.9760466814041138,0.9760466814041138,0.611875,0.027019018307328224,0.03509731590747833,1.2989856004714966,0.8897207379341125,0.61310213804245,0.02343672513961792,0.8912413120269775,0.017745189368724823,0.5055996138138809,18,48
649,650,17,>100,UQ_9,Filling-Ripening,ASWB/Feed-forward,ASWB,Feed-forward,component,8,526592,100,1.1516188383102417,0.9760466814041138,0.9760466814041138,0.611875,0.006635884754359722,0.008515259250998497,1.2832138538360596,0.8067553043365479,0.7590511441230774,0.005757353734225035,0.8092292547225952,0.0051294490694999695,0.6023831944868258,8,48
649,650,17,>100,UQ_9,Filling-Ripening,ASWB/Parameter generator,ASWB,Parameter generator,component,4,8290,100,1.1516188383102417,0.9760466814041138,0.9760466814041138,0.611875,0.0,0.0,0.0,0.0,0.0,0.0,0.0,0.0,0.0,0,48
649,650,17,>100,UQ_9,Filling-Ripening,ASWB/Self-modulation,ASWB,Self-modulation,component,2,512,100,1.1516188383102417,0.9760466814041138,0.9760466814041138,0.611875,0.013610852882266045,0.018158776685595512,1.3341394662857056,0.8947813510894775,0.6264199614524841,0.01181111577898264,0.8964934349060059,0.009202830493450165,0.5067979331862332,2,48
649,650,17,>100,UQ_9,Filling-Ripening,ASWB/Wave propagation,ASWB,Wave propagation,component,10,266240,100,1.1516188383102417,0.9760466814041138,0.9760466814041138,0.611875,0.022377151995897293,0.02880226820707321,1.2871284484863281,0.895219087600708,0.5934439897537231,0.019406970590353012,0.8965795040130615,0.014278949238359928,0.49575780406257475,8,48
649,650,17,>100,UQ_9,Filling-Ripening,Decoder,Decoder,All,module,119,4348539,100,1.1516188383102417,0.9760466814041138,0.9760466814041138,0.611875,0.7483686804771423,0.9267153143882751,1.238313913345337,0.9730232954025269,0.3515741527080536,0.6400221586227417,0.9724477529525757,0.33893412351608276,0.36573704810286123,83,48
649,650,17,>100,UQ_9,Filling-Ripening,Decoder/Detection decoder,Decoder,Detection decoder,component,119,4348539,100,1.1516188383102417,0.9760466814041138,0.9760466814041138,0.611875,0.7483686804771423,0.9267153143882751,1.238313913345337,0.9730232954025269,0.3515741527080536,0.6400221586227417,0.9724477529525757,0.33893412351608276,0.36573704810286123,83,48
649,650,17,>100,UQ_9,Filling-Ripening,MSIA,MSIA,All,module,16,461568,100,1.1516188383102417,0.9760466814041138,0.9760466814041138,0.611875,0.0344376266002655,0.038010917603969574,1.1037611961364746,0.9186536073684692,0.43628057837486267,0.029474107548594475,0.9181736707687378,0.01600698195397854,0.42111537850133063,16,48
649,650,17,>100,UQ_9,Filling-Ripening,MSIA/Hypergraph interaction,MSIA,Hypergraph interaction,component,4,66304,100,1.1516188383102417,0.9760466814041138,0.9760466814041138,0.611875,0.016011251136660576,0.01759481430053711,1.0989031791687012,0.9083858728408813,0.45949089527130127,0.013701863586902618,0.9075855612754822,0.007727476302534342,0.4391905575439036,4,48
649,650,17,>100,UQ_9,Filling-Ripening,MSIA/Semantic collection,MSIA,Semantic collection,component,3,197120,100,1.1516188383102417,0.9760466814041138,0.9760466814041138,0.611875,0.015322480350732803,0.016271334141492844,1.0619256496429443,0.8960939049720764,0.47383102774620056,0.013112876564264297,0.8965163230895996,0.007357667665928602,0.4521858872755937,3,48
649,650,17,>100,UQ_9,Filling-Ripening,MSIA/Semantic scattering,MSIA,Semantic scattering,component,9,198144,100,1.1516188383102417,0.9760466814041138,0.9760466814041138,0.611875,0.026359278708696365,0.02950417250394821,1.1193088293075562,0.9299178719520569,0.41366854310035706,0.02256179228425026,0.929260790348053,0.0119320685043931,0.40441969700374975,9,48
626,627,14,60-70,KSU_3,Filling,ASWB,ASWB,All,module,24,801634,64,1.2963887453079224,1.1239433288574219,1.1239433288574219,0.611875,0.1879744678735733,0.16053153574466705,0.8540071249008179,0.9887728095054626,0.2012220174074173,0.16427651047706604,0.98878014087677,0.024612771347165108,0.1533204752137479,18,49
626,627,14,60-70,KSU_3,Filling,ASWB/Feed-forward,ASWB,Feed-forward,component,8,526592,64,1.2963887453079224,1.1239433288574219,1.1239433288574219,0.611875,0.04836653918027878,0.040349867194890976,0.8342517018318176,0.9862112402915955,0.22467578947544098,0.04226531833410263,0.9862017631530762,0.007122641894966364,0.17652206537790585,8,49
626,627,14,60-70,KSU_3,Filling,ASWB/Parameter generator,ASWB,Parameter generator,component,4,8290,64,1.2963887453079224,1.1239433288574219,1.1239433288574219,0.611875,0.0,0.0,0.0,0.0,0.0,0.0,0.0,0.0,0.0,0,49
626,627,14,60-70,KSU_3,Filling,ASWB/Self-modulation,ASWB,Self-modulation,component,2,512,64,1.2963887453079224,1.1239433288574219,1.1239433288574219,0.611875,0.09129731357097626,0.07793672382831573,0.8536584377288818,0.9885445833206177,0.20241989195346832,0.07977516204118729,0.9885423183441162,0.012076922692358494,0.15495804928832205,2,49
626,627,14,60-70,KSU_3,Filling,ASWB/Wave propagation,ASWB,Wave propagation,component,10,266240,64,1.2963887453079224,1.1239433288574219,1.1239433288574219,0.611875,0.15703465044498444,0.13441774249076843,0.8559750318527222,0.9891141057014465,0.19844210147857666,0.1372455358505249,0.9891261458396912,0.020228801295161247,0.15049204755503556,8,49
626,627,14,60-70,KSU_3,Filling,Decoder,Decoder,All,module,119,4348539,64,1.2963887453079224,1.1239433288574219,1.1239433288574219,0.611875,1.3495160341262817,1.3635411262512207,1.010392665863037,0.9636027216911316,0.2714020609855652,1.179107427597046,0.9634891152381897,0.3891232907772064,0.2853770108474996,83,49
626,627,14,60-70,KSU_3,Filling,Decoder/Detection decoder,Decoder,Detection decoder,component,119,4348539,64,1.2963887453079224,1.1239433288574219,1.1239433288574219,0.611875,1.3495160341262817,1.3635411262512207,1.010392665863037,0.9636027216911316,0.2714020609855652,1.179107427597046,0.9634891152381897,0.3891232907772064,0.2853770108474996,83,49
626,627,14,60-70,KSU_3,Filling,MSIA,MSIA,All,module,16,461568,64,1.2963887453079224,1.1239433288574219,1.1239433288574219,0.611875,0.0865083858370781,0.07858557999134064,0.9084157347679138,0.9666751623153687,0.2625519633293152,0.0756152868270874,0.9670361876487732,0.020014602690935135,0.25468543584128983,16,49
626,627,14,60-70,KSU_3,Filling,MSIA/Hypergraph interaction,MSIA,Hypergraph interaction,component,4,66304,64,1.2963887453079224,1.1239433288574219,1.1239433288574219,0.611875,0.042446527630090714,0.03862868249416351,0.9100551605224609,0.9657203555107117,0.2654859125614166,0.037123262882232666,0.9661818742752075,0.00996283907443285,0.2579129918794967,4,49
626,627,14,60-70,KSU_3,Filling,MSIA/Semantic collection,MSIA,Semantic collection,component,3,197120,64,1.2963887453079224,1.1239433288574219,1.1239433288574219,0.611875,0.04222379997372627,0.03791389241814613,0.8979270458221436,0.9733927845954895,0.241249680519104,0.03694784641265869,0.9738157987594604,0.00861934944987297,0.22734013576900974,3,49
626,627,14,60-70,KSU_3,Filling,MSIA/Semantic scattering,MSIA,Semantic scattering,component,9,198144,64,1.2963887453079224,1.1239433288574219,1.1239433288574219,0.611875,0.06244313344359398,0.05697416141629219,0.9124167561531067,0.9641315937042236,0.2704159915447235,0.054537978023290634,0.964422345161438,0.015067613683640957,0.2644639834809795,9,49
395,396,81,60-70,ARC_1,Filling,ASWB,ASWB,All,module,24,801634,62,1.1815727949142456,1.0086575746536255,1.0086575746536255,0.611875,0.11651422828435898,0.06919004768133163,0.5938334465026855,0.9830719232559204,0.430204838514328,0.09975014626979828,0.9831255078315735,0.0341590978205204,0.49369958491496985,18,50
395,396,81,60-70,ARC_1,Filling,ASWB/Feed-forward,ASWB,Feed-forward,component,8,526592,62,1.1815727949142456,1.0086575746536255,1.0086575746536255,0.611875,0.027763331308960915,0.016527654603123665,0.5953051447868347,0.9768067002296448,0.4374838173389435,0.02377201057970524,0.9769440293312073,0.008402260951697826,0.5083758799091693,8,50
395,396,81,60-70,ARC_1,Filling,ASWB/Parameter generator,ASWB,Parameter generator,component,4,8290,62,1.1815727949142456,1.0086575746536255,1.0086575746536255,0.611875,0.0,0.0,0.0,0.0,0.0,0.0,0.0,0.0,0.0,0,50
395,396,81,60-70,ARC_1,Filling,ASWB/Self-modulation,ASWB,Self-modulation,component,2,512,62,1.1815727949142456,1.0086575746536255,1.0086575746536255,0.611875,0.0606447272002697,0.034759338945150375,0.5731633901596069,0.9820592999458313,0.4502837657928467,0.05192681774497032,0.98210209608078,0.018956046551465988,0.5453511811999157,2,50
395,396,81,60-70,ARC_1,Filling,ASWB/Wave propagation,ASWB,Wave propagation,component,10,266240,62,1.1815727949142456,1.0086575746536255,1.0086575746536255,0.611875,0.09553522616624832,0.057496845722198486,0.6018392443656921,0.984309196472168,0.4212111532688141,0.08178380131721497,0.9843630790710449,0.02714616432785988,0.47213310551015564,8,50
395,396,81,60-70,ARC_1,Filling,Decoder,Decoder,All,module,119,4348539,62,1.1815727949142456,1.0086575746536255,1.0086575746536255,0.611875,0.7522362470626831,0.8199955821037292,1.0900771617889404,0.9644767642021179,0.29250651597976685,0.6435924768447876,0.9640582799911499,0.26278138160705566,0.3204668260929897,83,50
395,396,81,60-70,ARC_1,Filling,Decoder/Detection decoder,Decoder,Detection decoder,component,119,4348539,62,1.1815727949142456,1.0086575746536255,1.0086575746536255,0.611875,0.7522362470626831,0.8199955821037292,1.0900771617889404,0.9644767642021179,0.29250651597976685,0.6435924768447876,0.9640582799911499,0.26278138160705566,0.3204668260929897,83,50
395,396,81,60-70,ARC_1,Filling,MSIA,MSIA,All,module,16,461568,62,1.1815727949142456,1.0086575746536255,1.0086575746536255,0.611875,0.0398273803293705,0.03099537454545498,0.7782428860664368,0.9265998601913452,0.4042557179927826,0.03405671939253807,0.9260209798812866,0.012866874225437641,0.41512239855557354,16,50
395,396,81,60-70,ARC_1,Filling,MSIA/Hypergraph interaction,MSIA,Hypergraph interaction,component,4,66304,62,1.1815727949142456,1.0086575746536255,1.0086575746536255,0.611875,0.019858678802847862,0.014537098817527294,0.7320274710655212,0.9200992584228516,0.4344978332519531,0.016983747482299805,0.9195430874824524,0.006761269178241491,0.46510443817644476,4,50
395,396,81,60-70,ARC_1,Filling,MSIA/Semantic collection,MSIA,Semantic collection,component,3,197120,62,1.1815727949142456,1.0086575746536255,1.0086575746536255,0.611875,0.019316086545586586,0.013424307107925415,0.6949806809425354,0.9359813332557678,0.42663827538490295,0.016541071236133575,0.9359543323516846,0.006177151575684547,0.46014677152593547,3,50
395,396,81,60-70,ARC_1,Filling,MSIA/Semantic scattering,MSIA,Semantic scattering,component,9,198144,62,1.1815727949142456,1.0086575746536255,1.0086575746536255,0.611875,0.02861366793513298,0.023857366293668747,0.8337751626968384,0.9309774041175842,0.3777954876422882,0.024450059980154037,0.9302834868431091,0.009037947282195091,0.3788325656295756,9,50
377,378,38,40-50,UQ_11,Post-Flowering,ASWB,ASWB,All,module,24,801634,45,1.1064101457595825,0.9326337575912476,0.9326337575912476,0.611875,0.05236760154366493,0.029997140169143677,0.5728186964988708,0.9753444194793701,0.459053635597229,0.04421375319361687,0.9756410121917725,0.016331762075424194,0.5444439697696161,18,51
377,378,38,40-50,UQ_11,Post-Flowering,ASWB/Feed-forward,ASWB,Feed-forward,component,8,526592,45,1.1064101457595825,0.9326337575912476,0.9326337575912476,0.611875,0.016558343544602394,0.009842396713793278,0.5944070816040039,0.9791826605796814,0.43503281474113464,0.013994735665619373,0.9795048236846924,0.004784143529832363,0.4860750555937046,8,51
377,378,38,40-50,UQ_11,Post-Flowering,ASWB/Parameter generator,ASWB,Parameter generator,component,4,8290,45,1.1064101457595825,0.9326337575912476,0.9326337575912476,0.611875,0.0,0.0,0.0,0.0,0.0,0.0,0.0,0.0,0.0,0,51
377,378,38,40-50,UQ_11,Post-Flowering,ASWB/Self-modulation,ASWB,Self-modulation,component,2,512,45,1.1064101457595825,0.9326337575912476,0.9326337575912476,0.611875,0.028890855610370636,0.016887322068214417,0.5845213532447815,0.9807727336883545,0.4417012929916382,0.02440749853849411,0.9809344410896301,0.008501160889863968,0.5034049126039342,2,51
377,378,38,40-50,UQ_11,Post-Flowering,ASWB/Wave propagation,ASWB,Wave propagation,component,10,266240,45,1.1064101457595825,0.9326337575912476,0.9326337575912476,0.611875,0.040416646748781204,0.022754650563001633,0.5630019307136536,0.9721542596817017,0.47151005268096924,0.03410685434937477,0.9724926948547363,0.013098425231873989,0.5756372832712988,8,51
377,378,38,40-50,UQ_11,Post-Flowering,Decoder,Decoder,All,module,119,4348539,45,1.1064101457595825,0.9326337575912476,0.9326337575912476,0.611875,0.9292019605636597,1.0282999277114868,1.1066484451293945,0.9558610916137695,0.3302519917488098,0.7874700427055359,0.9558429718017578,0.3598777949810028,0.3499735682972593,83,51
377,378,38,40-50,UQ_11,Post-Flowering,Decoder/Detection decoder,Decoder,Detection decoder,component,119,4348539,45,1.1064101457595825,0.9326337575912476,0.9326337575912476,0.611875,0.9292019605636597,1.0282999277114868,1.1066484451293945,0.9558610916137695,0.3302519917488098,0.7874700427055359,0.9558429718017578,0.3598777949810028,0.3499735682972593,83,51
377,378,38,40-50,UQ_11,Post-Flowering,MSIA,MSIA,All,module,16,461568,45,1.1064101457595825,0.9326337575912476,0.9326337575912476,0.611875,0.05101418495178223,0.04182925075292587,0.8199533224105835,0.945761501789093,0.34837162494659424,0.04310019686818123,0.9456067085266113,0.014062047936022282,0.33617738025199195,16,51
377,378,38,40-50,UQ_11,Post-Flowering,MSIA/Hypergraph interaction,MSIA,Hypergraph interaction,component,4,66304,45,1.1064101457595825,0.9326337575912476,0.9326337575912476,0.611875,0.02487996406853199,0.020236238837242126,0.8133548498153687,0.9442290663719177,0.3543442189693451,0.02105242758989334,0.9438574910163879,0.006964344065636396,0.3441520987002506,4,51
377,378,38,40-50,UQ_11,Post-Flowering,MSIA/Semantic collection,MSIA,Semantic collection,component,3,197120,45,1.1064101457595825,0.9326337575912476,0.9326337575912476,0.611875,0.02492668479681015,0.018786761909723282,0.7536807060241699,0.9463695883750916,0.3761829435825348,0.02105838432908058,0.9460554122924805,0.006916881073266268,0.3681784602638928,3,51
377,378,38,40-50,UQ_11,Post-Flowering,MSIA/Semantic scattering,MSIA,Semantic scattering,component,9,198144,45,1.1064101457595825,0.9326337575912476,0.9326337575912476,0.611875,0.036906566470861435,0.031420353800058365,0.8513485789299011,0.9482199549674988,0.33205926418304443,0.03116033785045147,0.94825279712677,0.01006955187767744,0.3204786280178276,9,51
261,262,96,>100,NAU_2,Post-Flowering,ASWB,ASWB,All,module,24,801634,109,1.1891517639160156,1.0237702131271362,1.0237702131271362,0.611875,0.24991771578788757,0.19165462255477905,0.76687091588974,0.9995051622390747,0.23475129902362823,0.215457946062088,0.999467670917511,0.024709390476346016,0.12892666060941751,18,52
261,262,96,>100,NAU_2,Post-Flowering,ASWB/Feed-forward,ASWB,Feed-forward,component,8,526592,109,1.1891517639160156,1.0237702131271362,1.0237702131271362,0.611875,0.06582207977771759,0.050603803247213364,0.7687968015670776,0.9994609951972961,0.2329886555671692,0.056746531277894974,0.999423623085022,0.006406482774764299,0.12660081582142918,8,52
261,262,96,>100,NAU_2,Post-Flowering,ASWB/Parameter generator,ASWB,Parameter generator,component,4,8290,109,1.1891517639160156,1.0237702131271362,1.0237702131271362,0.611875,0.0,0.0,0.0,0.0,0.0,0.0,0.0,0.0,0.0,0,52
261,262,96,>100,NAU_2,Post-Flowering,ASWB/Self-modulation,ASWB,Self-modulation,component,2,512,109,1.1891517639160156,1.0237702131271362,1.0237702131271362,0.611875,0.1339578479528427,0.10235287994146347,0.7640678286552429,0.9995836019515991,0.23727688193321228,0.11552902311086655,0.9995502829551697,0.013573657721281052,0.13261627546820323,2,52
261,262,96,>100,NAU_2,Post-Flowering,ASWB/Wave propagation,ASWB,Wave propagation,component,10,266240,109,1.1891517639160156,1.0237702131271362,1.0237702131271362,0.611875,0.2004535049200058,0.1539306342601776,0.7679119110107422,0.9994792342185974,0.23380477726459503,0.17278599739074707,0.9994409084320068,0.019628213718533516,0.12751336868629667,8,52
261,262,96,>100,NAU_2,Post-Flowering,Decoder,Decoder,All,module,119,4348539,109,1.1891517639160156,1.0237702131271362,1.0237702131271362,0.611875,1.1299303770065308,1.1162207126617432,0.9878668189048767,0.9714156985282898,0.23795469105243683,0.9764411449432373,0.9714436531066895,0.2859838008880615,0.25620721569133376,83,52
261,262,96,>100,NAU_2,Post-Flowering,Decoder/Detection decoder,Decoder,Detection decoder,component,119,4348539,109,1.1891517639160156,1.0237702131271362,1.0237702131271362,0.611875,1.1299303770065308,1.1162207126617432,0.9878668189048767,0.9714156985282898,0.23795469105243683,0.9764411449432373,0.9714436531066895,0.2859838008880615,0.25620721569133376,83,52
261,262,96,>100,NAU_2,Post-Flowering,MSIA,MSIA,All,module,16,461568,109,1.1891517639160156,1.0237702131271362,1.0237702131271362,0.611875,0.08310566842556,0.06728359311819077,0.8096149563789368,0.9888246655464172,0.23311291635036469,0.07165549695491791,0.9889469742774963,0.011211230419576168,0.16662651175424673,16,52
261,262,96,>100,NAU_2,Post-Flowering,MSIA/Hypergraph interaction,MSIA,Hypergraph interaction,component,4,66304,109,1.1891517639160156,1.0237702131271362,1.0237702131271362,0.611875,0.045975927263498306,0.036434583365917206,0.7924708724021912,0.990829586982727,0.24000613391399384,0.039634063839912415,0.9909641742706299,0.006027710158377886,0.16543925033644044,4,52
261,262,96,>100,NAU_2,Post-Flowering,MSIA/Semantic collection,MSIA,Semantic collection,component,3,197120,109,1.1891517639160156,1.0237702131271362,1.0237702131271362,0.611875,0.045663293451070786,0.03615536540746689,0.7917818427085876,0.9941785335540771,0.2292889654636383,0.03937140479683876,0.9942978620529175,0.005155261140316725,0.14258633766295856,3,52
261,262,96,>100,NAU_2,Post-Flowering,MSIA/Semantic scattering,MSIA,Semantic scattering,component,9,198144,109,1.1891517639160156,1.0237702131271362,1.0237702131271362,0.611875,0.0520348846912384,0.04350164532661438,0.8360092639923096,0.9842919707298279,0.23055872321128845,0.04487252235412598,0.9844000339508057,0.007923489436507225,0.18214229317114175,9,52
222,223,91,40-50,NAU_2,Post-Flowering,ASWB,ASWB,All,module,24,801634,48,1.1929986476898193,1.034983515739441,1.034983515739441,0.611875,0.38430094718933105,0.3097993731498718,0.8061374425888062,0.9996514320373535,0.19530734419822693,0.3333602845668793,0.9996713399887085,0.024960696697235107,0.08057052034498423,18,53
222,223,91,40-50,NAU_2,Post-Flowering,ASWB/Feed-forward,ASWB,Feed-forward,component,8,526592,48,1.1929986476898193,1.034983515739441,1.034983515739441,0.611875,0.09138913452625275,0.07350636273622513,0.8043227791786194,0.9995143413543701,0.1976631134748459,0.07926967740058899,0.9995373487472534,0.006213541608303785,0.08453066342842797,8,53
222,223,91,40-50,NAU_2,Post-Flowering,ASWB/Parameter generator,ASWB,Parameter generator,component,4,8290,48,1.1929986476898193,1.034983515739441,1.034983515739441,0.611875,0.0,0.0,0.0,0.0,0.0,0.0,0.0,0.0,0.0,0,53
222,223,91,40-50,NAU_2,Post-Flowering,ASWB/Self-modulation,ASWB,Self-modulation,component,2,512,48,1.1929986476898193,1.034983515739441,1.034983515739441,0.611875,0.20081757009029388,0.16102811694145203,0.8018627166748047,0.9996432065963745,0.19957628846168518,0.17415651679039001,0.9996669292449951,0.013821565546095371,0.08583324334048278,2,53
222,223,91,40-50,NAU_2,Post-Flowering,ASWB/Wave propagation,ASWB,Wave propagation,component,10,266240,48,1.1929986476898193,1.034983515739441,1.034983515739441,0.611875,0.3146546483039856,0.2542487680912018,0.8080248236656189,0.9996746778488159,0.19333970546722412,0.2729741930961609,0.9996920228004456,0.01983412727713585,0.07801071142268479,8,53
222,223,91,40-50,NAU_2,Post-Flowering,Decoder,Decoder,All,module,119,4348539,48,1.1929986476898193,1.034983515739441,1.034983515739441,0.611875,1.0802395343780518,1.1055638790130615,1.0234432220458984,0.9707164764404297,0.24594643712043762,0.9398540258407593,0.9711312055587769,0.2957250773906708,0.26748800589855104,83,53
222,223,91,40-50,NAU_2,Post-Flowering,Decoder/Detection decoder,Decoder,Detection decoder,component,119,4348539,48,1.1929986476898193,1.034983515739441,1.034983515739441,0.611875,1.0802395343780518,1.1055638790130615,1.0234432220458984,0.9707164764404297,0.24594643712043762,0.9398540258407593,0.9711312055587769,0.2957250773906708,0.26748800589855104,83,53
222,223,91,40-50,NAU_2,Post-Flowering,MSIA,MSIA,All,module,16,461568,48,1.1929986476898193,1.034983515739441,1.034983515739441,0.611875,0.10334829241037369,0.08521082997322083,0.8245015740394592,0.9919764399528503,0.20983456075191498,0.08955976366996765,0.9916625022888184,0.012089892290532589,0.1418821092850765,16,53
222,223,91,40-50,NAU_2,Post-Flowering,MSIA/Hypergraph interaction,MSIA,Hypergraph interaction,component,4,66304,48,1.1929986476898193,1.034983515739441,1.034983515739441,0.611875,0.05368975177407265,0.04391585662961006,0.8179560303688049,0.9931613206863403,0.21054121851921082,0.04651154577732086,0.9928674697875977,0.005989603232592344,0.1363881680166039,4,53
222,223,91,40-50,NAU_2,Post-Flowering,MSIA/Semantic collection,MSIA,Semantic collection,component,3,197120,48,1.1929986476898193,1.034983515739441,1.034983515739441,0.611875,0.054163578897714615,0.04456257075071335,0.8227404952049255,0.9935588240623474,0.20498761534690857,0.04694143310189247,0.9932674169540405,0.005816065706312656,0.13051459124403306,3,53
222,223,91,40-50,NAU_2,Post-Flowering,MSIA/Semantic scattering,MSIA,Semantic scattering,component,9,198144,48,1.1929986476898193,1.034983515739441,1.034983515739441,0.611875,0.06974659115076065,0.05784858763217926,0.829410970211029,0.9903749227523804,0.21229003369808197,0.060449376702308655,0.9900342226028442,0.008744342252612114,0.15115913128617034,9,53
537,538,23,50-60,NAU_3,Filling,ASWB,ASWB,All,module,24,801634,50,1.1917033195495605,1.0394103527069092,1.0394103527069092,0.611875,0.2900780439376831,0.22440825402736664,0.7736133933067322,0.9965879917144775,0.23775990307331085,0.2527931034564972,0.9965572953224182,0.03458737954497337,0.15412703821827978,18,54
537,538,23,50-60,NAU_3,Filling,ASWB/Feed-forward,ASWB,Feed-forward,component,8,526592,50,1.1917033195495605,1.0394103527069092,1.0394103527069092,0.611875,0.0752500519156456,0.05872420594096184,0.7803875803947449,0.9972850680351257,0.22905711829662323,0.06556306034326553,0.9972577691078186,0.0082392618060112,0.140304354464912,8,54
537,538,23,50-60,NAU_3,Filling,ASWB/Parameter generator,ASWB,Parameter generator,component,4,8290,50,1.1917033195495605,1.0394103527069092,1.0394103527069092,0.611875,0.0,0.0,0.0,0.0,0.0,0.0,0.0,0.0,0.0,0,54
537,538,23,50-60,NAU_3,Filling,ASWB/Self-modulation,ASWB,Self-modulation,component,2,512,50,1.1917033195495605,1.0394103527069092,1.0394103527069092,0.611875,0.14827241003513336,0.11405955255031586,0.7692567706108093,0.9969106316566467,0.24082249402999878,0.12920881807804108,0.9968857169151306,0.017924625426530838,0.15715146189639512,2,54
537,538,23,50-60,NAU_3,Filling,ASWB/Wave propagation,ASWB,Wave propagation,component,10,266240,50,1.1917033195495605,1.0394103527069092,1.0394103527069092,0.611875,0.23769304156303406,0.18412210047245026,0.774621307849884,0.9964039921760559,0.2374165654182434,0.20714952051639557,0.9963706135749817,0.028409667313098907,0.15429797531203907,8,54
537,538,23,50-60,NAU_3,Filling,Decoder,Decoder,All,module,119,4348539,50,1.1917033195495605,1.0394103527069092,1.0394103527069092,0.611875,1.522894263267517,1.4589442014694214,0.9580075740814209,0.9811073541641235,0.19483740627765656,1.330713152885437,0.9810973405838013,0.29973238706588745,0.20544472280982548,83,54
537,538,23,50-60,NAU_3,Filling,Decoder/Detection decoder,Decoder,Detection decoder,component,119,4348539,50,1.1917033195495605,1.0394103527069092,1.0394103527069092,0.611875,1.522894263267517,1.4589442014694214,0.9580075740814209,0.9811073541641235,0.19483740627765656,1.330713152885437,0.9810973405838013,0.29973238706588745,0.20544472280982548,83,54
537,538,23,50-60,NAU_3,Filling,MSIA,MSIA,All,module,16,461568,50,1.1917033195495605,1.0394103527069092,1.0394103527069092,0.611875,0.09887803345918655,0.08168472349643707,0.8261159658432007,0.9918904900550842,0.20888853073120117,0.08615881949663162,0.9917991757392883,0.011638302356004715,0.14247832223503035,16,54
537,538,23,50-60,NAU_3,Filling,MSIA/Hypergraph interaction,MSIA,Hypergraph interaction,component,4,66304,50,1.1917033195495605,1.0394103527069092,1.0394103527069092,0.611875,0.04990532994270325,0.04080014303326607,0.8175508379936218,0.9929648041725159,0.21163879334926605,0.043470874428749084,0.9929081797599792,0.0056823245249688625,0.13927217167684497,4,54
537,538,23,50-60,NAU_3,Filling,MSIA/Semantic collection,MSIA,Semantic collection,component,3,197120,50,1.1917033195495605,1.0394103527069092,1.0394103527069092,0.611875,0.050874460488557816,0.041409820318222046,0.8139608502388,0.9944139122962952,0.20905575156211853,0.04431441053748131,0.9944000840187073,0.005384106654673815,0.13002004387603158,3,54
537,538,23,50-60,NAU_3,Filling,MSIA/Semantic scattering,MSIA,Semantic scattering,component,9,198144,50,1.1917033195495605,1.0394103527069092,1.0394103527069092,0.611875,0.06854277849197388,0.05738440155982971,0.8372056484222412,0.9901573657989502,0.207322895526886,0.05974828824400902,0.9899982213973999,0.008612355217337608,0.15008181636883075,9,54
651,652,90,10-20,KSU_4,Ripening,ASWB,ASWB,All,module,24,801634,16,0.9635619521141052,0.8096312880516052,0.8096312880516052,0.611875,0.2586299180984497,0.2056809812784195,0.7952713966369629,0.997216522693634,0.2152688056230545,0.21687789261341095,0.9972782731056213,0.019188767299056053,0.09329383387704297,18,55
651,652,90,10-20,KSU_4,Ripening,ASWB/Feed-forward,ASWB,Feed-forward,component,8,526592,16,0.9635619521141052,0.8096312880516052,0.8096312880516052,0.611875,0.07096602022647858,0.05609675869345665,0.7904735207557678,0.9966686367988586,0.22173930704593658,0.05952054262161255,0.9967628121376038,0.005774117540568113,0.10293139345396135,8,55
651,652,90,10-20,KSU_4,Ripening,ASWB/Parameter generator,ASWB,Parameter generator,component,4,8290,16,0.9635619521141052,0.8096312880516052,0.8096312880516052,0.611875,0.0,0.0,0.0,0.0,0.0,0.0,0.0,0.0,0.0,0,55
651,652,90,10-20,KSU_4,Ripening,ASWB/Self-modulation,ASWB,Self-modulation,component,2,512,16,0.9635619521141052,0.8096312880516052,0.8096312880516052,0.611875,0.12615759670734406,0.09947372227907181,0.7884877920150757,0.9959133863449097,0.22623439133167267,0.10572456568479538,0.9960402250289917,0.011061725206673145,0.11120248597553901,2,55
651,652,90,10-20,KSU_4,Ripening,ASWB/Wave propagation,ASWB,Wave propagation,component,10,266240,16,0.9635619521141052,0.8096312880516052,0.8096312880516052,0.611875,0.21433036029338837,0.17106373608112335,0.7981311678886414,0.9977433085441589,0.2106022983789444,0.179765522480011,0.9977759718894958,0.01457760576158762,0.08521739379452405,8,55
651,652,90,10-20,KSU_4,Ripening,Decoder,Decoder,All,module,119,4348539,16,0.9635619521141052,0.8096312880516052,0.8096312880516052,0.611875,1.6713979244232178,1.4802898168563843,0.8856596946716309,0.9743860363960266,0.24175329506397247,1.4051519632339478,0.9746428728103638,0.3333677053451538,0.22520434954630017,83,55
651,652,90,10-20,KSU_4,Ripening,Decoder/Detection decoder,Decoder,Detection decoder,component,119,4348539,16,0.9635619521141052,0.8096312880516052,0.8096312880516052,0.611875,1.6713979244232178,1.4802898168563843,0.8856596946716309,0.9743860363960266,0.24175329506397247,1.4051519632339478,0.9746428728103638,0.3333677053451538,0.22520434954630017,83,55
651,652,90,10-20,KSU_4,Ripening,MSIA,MSIA,All,module,16,461568,16,0.9635619521141052,0.8096312880516052,0.8096312880516052,0.611875,0.1332436352968216,0.10863056033849716,0.8152776956558228,0.991113007068634,0.22048455476760864,0.11187490820884705,0.9915289282798767,0.014711438678205013,0.13542633520773145,16,55
651,652,90,10-20,KSU_4,Ripening,MSIA/Hypergraph interaction,MSIA,Hypergraph interaction,component,4,66304,16,0.9635619521141052,0.8096312880516052,0.8096312880516052,0.611875,0.0664370134472847,0.053803931921720505,0.8098487257957458,0.9912279844284058,0.22442296147346497,0.05576679855585098,0.9917980432510376,0.007285088766366243,0.13540067623617805,4,55
651,652,90,10-20,KSU_4,Ripening,MSIA/Semantic collection,MSIA,Semantic collection,component,3,197120,16,0.9635619521141052,0.8096312880516052,0.8096312880516052,0.611875,0.07202567905187607,0.05855811387300491,0.8130171895027161,0.9930300116539001,0.21516530215740204,0.060477081686258316,0.9934936165809631,0.007054558489471674,0.12047106750690276,3,55
651,652,90,10-20,KSU_4,Ripening,MSIA/Semantic scattering,MSIA,Semantic scattering,component,9,198144,16,0.9635619521141052,0.8096312880516052,0.8096312880516052,0.611875,0.09029004722833633,0.07400462031364441,0.8196321129798889,0.9898692965507507,0.22167401015758514,0.07581939548254013,0.9901715517044067,0.010657725855708122,0.14401433059907384,9,55
762,763,26,60-70,CIMMYT_1,Post-Flowering,ASWB,ASWB,All,module,24,801634,67,1.0579255819320679,0.8923653960227966,0.8923653960227966,0.611875,0.0627952367067337,0.04257822781801224,0.6780486702919006,0.9141239523887634,0.4691578149795532,0.05361669883131981,0.913301944732666,0.02275291085243225,0.5343790011571804,18,56
762,763,26,60-70,CIMMYT_1,Post-Flowering,ASWB/Feed-forward,ASWB,Feed-forward,component,8,526592,67,1.0579255819320679,0.8923653960227966,0.8923653960227966,0.611875,0.014977376908063889,0.010136283934116364,0.676772952079773,0.8978086709976196,0.4927436113357544,0.012791034765541553,0.8967107534408569,0.005816470831632614,0.5738267465116809,8,56
762,763,26,60-70,CIMMYT_1,Post-Flowering,ASWB/Parameter generator,ASWB,Parameter generator,component,4,8290,67,1.0579255819320679,0.8923653960227966,0.8923653960227966,0.611875,0.0,0.0,0.0,0.0,0.0,0.0,0.0,0.0,0.0,0,56
762,763,26,60-70,CIMMYT_1,Post-Flowering,ASWB/Self-modulation,ASWB,Self-modulation,component,2,512,67,1.0579255819320679,0.8923653960227966,0.8923653960227966,0.611875,0.029233567416667938,0.020540092140436172,0.7026200890541077,0.8679957389831543,0.5233855247497559,0.024972189217805862,0.8667162656784058,0.01250496692955494,0.6088077328989719,2,56
762,763,26,60-70,CIMMYT_1,Post-Flowering,ASWB/Wave propagation,ASWB,Wave propagation,component,10,266240,67,1.0579255819320679,0.8923653960227966,0.8923653960227966,0.611875,0.05351933091878891,0.03589242324233055,0.6706441044807434,0.9300686120986938,0.4497482180595398,0.04568948969244957,0.9294146299362183,0.018096668645739555,0.5041918881753527,8,56
762,763,26,60-70,CIMMYT_1,Post-Flowering,Decoder,Decoder,All,module,119,4348539,67,1.0579255819320679,0.8923653960227966,0.8923653960227966,0.611875,0.7211859822273254,0.8363796472549438,1.1597280502319336,0.975580096244812,0.28662562370300293,0.6112619042396545,0.9746813774108887,0.27670589089393616,0.33083766660523617,83,56
762,763,26,60-70,CIMMYT_1,Post-Flowering,Decoder/Detection decoder,Decoder,Detection decoder,component,119,4348539,67,1.0579255819320679,0.8923653960227966,0.8923653960227966,0.611875,0.7211859822273254,0.8363796472549438,1.1597280502319336,0.975580096244812,0.28662562370300293,0.6112619042396545,0.9746813774108887,0.27670589089393616,0.33083766660523617,83,56
762,763,26,60-70,CIMMYT_1,Post-Flowering,MSIA,MSIA,All,module,16,461568,67,1.0579255819320679,0.8923653960227966,0.8923653960227966,0.611875,0.05052682384848595,0.053582269698381424,1.060471773147583,0.9691532850265503,0.26283231377601624,0.041986748576164246,0.9659666419029236,0.0169584508985281,0.31649370200233173,16,56
762,763,26,60-70,CIMMYT_1,Post-Flowering,MSIA/Hypergraph interaction,MSIA,Hypergraph interaction,component,4,66304,67,1.0579255819320679,0.8923653960227966,0.8923653960227966,0.611875,0.030415156856179237,0.0332387313246727,1.09283447265625,0.9773412346839905,0.24112819135189056,0.025086477398872375,0.9745630025863647,0.010434560477733612,0.313927760232779,4,56
762,763,26,60-70,CIMMYT_1,Post-Flowering,MSIA/Semantic collection,MSIA,Semantic collection,component,3,197120,67,1.0579255819320679,0.8923653960227966,0.8923653960227966,0.611875,0.022644516080617905,0.023953991010785103,1.0578274726867676,0.9649439454078674,0.2784076929092407,0.018782032653689384,0.9609910249710083,0.007864458486437798,0.3283151639698322,3,56
762,763,26,60-70,CIMMYT_1,Post-Flowering,MSIA/Semantic scattering,MSIA,Semantic scattering,component,9,198144,67,1.0579255819320679,0.8923653960227966,0.8923653960227966,0.611875,0.033393170684576035,0.034531913697719574,1.034101128578186,0.9646475315093994,0.27254071831703186,0.027942635118961334,0.9619442820549011,0.01081014797091484,0.31304804203853676,9,56
1175,1176,62,70-80,NAU_3,Filling,ASWB,ASWB,All,module,24,801634,74,1.1968191862106323,1.0425341129302979,1.0425341129302979,0.611875,0.18704235553741455,0.12485449016094208,0.6675198674201965,0.9954491257667542,0.3414947986602783,0.16282044351100922,0.9952471852302551,0.04043083265423775,0.32382361741352594,18,57
1175,1176,62,70-80,NAU_3,Filling,ASWB/Feed-forward,ASWB,Feed-forward,component,8,526592,74,1.1968191862106323,1.0425341129302979,1.0425341129302979,0.611875,0.05077451840043068,0.03444356843829155,0.6783632636070251,0.9946781396865845,0.3326719403266907,0.04417785629630089,0.9944478869438171,0.010566603392362595,0.30678015871942893,8,57
1175,1176,62,70-80,NAU_3,Filling,ASWB/Parameter generator,ASWB,Parameter generator,component,4,8290,74,1.1968191862106323,1.0425341129302979,1.0425341129302979,0.611875,0.0,0.0,0.0,0.0,0.0,0.0,0.0,0.0,0.0,0,57
1175,1176,62,70-80,NAU_3,Filling,ASWB/Self-modulation,ASWB,Self-modulation,component,2,512,74,1.1968191862106323,1.0425341129302979,1.0425341129302979,0.611875,0.09473932534456253,0.06269355863332748,0.6617479920387268,0.9954665899276733,0.3470078110694885,0.08248335868120193,0.995263934135437,0.020990872755646706,0.3348170563807826,2,57
1175,1176,62,70-80,NAU_3,Filling,ASWB/Wave propagation,ASWB,Wave propagation,component,10,266240,74,1.1968191862106323,1.0425341129302979,1.0425341129302979,0.611875,0.15307269990444183,0.10233181715011597,0.6685177683830261,0.9955584406852722,0.3403221368789673,0.13324905931949615,0.9953612685203552,0.03289957717061043,0.3214990028208753,8,57
1175,1176,62,70-80,NAU_3,Filling,Decoder,Decoder,All,module,119,4348539,74,1.1968191862106323,1.0425341129302979,1.0425341129302979,0.611875,1.1892544031143188,1.2132607698440552,1.0201860666275024,0.9694410562515259,0.25051748752593994,1.0386825799942017,0.9695228338241577,0.32755398750305176,0.26997822367993773,83,57
1175,1176,62,70-80,NAU_3,Filling,Decoder/Detection decoder,Decoder,Detection decoder,component,119,4348539,74,1.1968191862106323,1.0425341129302979,1.0425341129302979,0.611875,1.1892544031143188,1.2132607698440552,1.0201860666275024,0.9694410562515259,0.25051748752593994,1.0386825799942017,0.9695228338241577,0.32755398750305176,0.26997822367993773,83,57
1175,1176,62,70-80,NAU_3,Filling,MSIA,MSIA,All,module,16,461568,74,1.1968191862106323,1.0425341129302979,1.0425341129302979,0.611875,0.07745157182216644,0.05982961505651474,0.7724777460098267,0.9807986617088318,0.2853623628616333,0.06723323464393616,0.9803436398506165,0.01459283847361803,0.2439066081209734,16,57
1175,1176,62,70-80,NAU_3,Filling,MSIA/Hypergraph interaction,MSIA,Hypergraph interaction,component,4,66304,74,1.1968191862106323,1.0425341129302979,1.0425341129302979,0.611875,0.04081656411290169,0.03087906539440155,0.7565326690673828,0.9831808805465698,0.291075199842453,0.03542165830731392,0.982708752155304,0.007645962759852409,0.24760991507335714,4,57
1175,1176,62,70-80,NAU_3,Filling,MSIA/Semantic collection,MSIA,Semantic collection,component,3,197120,74,1.1968191862106323,1.0425341129302979,1.0425341129302979,0.611875,0.04074256122112274,0.030761761590838432,0.755027711391449,0.9863654375076294,0.28390201926231384,0.035365983843803406,0.9859778881072998,0.007190890144556761,0.23376067470396023,3,57
1175,1176,62,70-80,NAU_3,Filling,MSIA/Semantic scattering,MSIA,Semantic scattering,component,9,198144,74,1.1968191862106323,1.0425341129302979,1.0425341129302979,0.611875,0.05169910565018654,0.040985122323036194,0.7927626967430115,0.9766965508460999,0.2826576232910156,0.04488721489906311,0.9762041568756104,0.010138111189007759,0.2473607644525562,9,57
1223,1224,29,>100,UQ_10,Filling-Ripening,ASWB,ASWB,All,module,24,801634,117,1.134554386138916,0.9680460095405579,0.9680460095405579,0.611875,0.15126991271972656,0.10721985995769501,0.708798348903656,0.9981164932250977,0.29575082659721375,0.12941214442253113,0.9981339573860168,0.023329826071858406,0.21758866390110462,18,58
1223,1224,29,>100,UQ_10,Filling-Ripening,ASWB/Feed-forward,ASWB,Feed-forward,component,8,526592,117,1.134554386138916,0.9680460095405579,0.9680460095405579,0.611875,0.03975876420736313,0.02826729416847229,0.7109701633453369,0.9979437589645386,0.29404470324516296,0.034014489501714706,0.9979814887046814,0.006075533572584391,0.21493155787654733,8,58
1223,1224,29,>100,UQ_10,Filling-Ripening,ASWB/Parameter generator,ASWB,Parameter generator,component,4,8290,117,1.134554386138916,0.9680460095405579,0.9680460095405579,0.611875,0.0,0.0,0.0,0.0,0.0,0.0,0.0,0.0,0.0,0,58
1223,1224,29,>100,UQ_10,Filling-Ripening,ASWB/Self-modulation,ASWB,Self-modulation,component,2,512,117,1.134554386138916,0.9680460095405579,0.9680460095405579,0.611875,0.07496277242898941,0.05276390165090561,0.7038680911064148,0.9979724287986755,0.30091264843940735,0.06413867324590683,0.9979933500289917,0.011956867761909962,0.22661075826079932,2,58
1223,1224,29,>100,UQ_10,Filling-Ripening,ASWB/Wave propagation,ASWB,Wave propagation,component,10,266240,117,1.134554386138916,0.9680460095405579,0.9680460095405579,0.611875,0.12522943317890167,0.08895520865917206,0.7103378772735596,0.998196542263031,0.2940517067909241,0.10712958127260208,0.9982112050056458,0.019089313223958015,0.21459466524436893,8,58
1223,1224,29,>100,UQ_10,Filling-Ripening,Decoder,Decoder,All,module,119,4348539,117,1.134554386138916,0.9680460095405579,0.9680460095405579,0.611875,0.9888189435005188,1.0111963748931885,1.0226304531097412,0.9671467542648315,0.26020216941833496,0.8497205376625061,0.9667181372642517,0.28856274485588074,0.285367661534943,83,58
1223,1224,29,>100,UQ_10,Filling-Ripening,Decoder/Detection decoder,Decoder,Detection decoder,component,119,4348539,117,1.134554386138916,0.9680460095405579,0.9680460095405579,0.611875,0.9888189435005188,1.0111963748931885,1.0226304531097412,0.9671467542648315,0.26020216941833496,0.8497205376625061,0.9667181372642517,0.28856274485588074,0.285367661534943,83,58
1223,1224,29,>100,UQ_10,Filling-Ripening,MSIA,MSIA,All,module,16,461568,117,1.134554386138916,0.9680460095405579,0.9680460095405579,0.611875,0.059008218348026276,0.04744258150458336,0.8039995431900024,0.9724271297454834,0.28766900300979614,0.05045071244239807,0.972861647605896,0.01178816519677639,0.24847225473254556,16,58
1223,1224,29,>100,UQ_10,Filling-Ripening,MSIA/Hypergraph interaction,MSIA,Hypergraph interaction,component,4,66304,117,1.134554386138916,0.9680460095405579,0.9680460095405579,0.611875,0.03063187561929226,0.023921635001897812,0.7809392809867859,0.9733859300613403,0.2992585599422455,0.026176869869232178,0.9737286567687988,0.006163450423628092,0.25765172084345894,4,58
1223,1224,29,>100,UQ_10,Filling-Ripening,MSIA/Semantic collection,MSIA,Semantic collection,component,3,197120,117,1.134554386138916,0.9680460095405579,0.9680460095405579,0.611875,0.030454766005277634,0.023507948964834213,0.7718971967697144,0.9802864789962769,0.2871665358543396,0.026046015322208405,0.9807305335998535,0.00548075744882226,0.23314485908664268,3,58
1223,1224,29,>100,UQ_10,Filling-Ripening,MSIA/Semantic scattering,MSIA,Semantic scattering,component,9,198144,117,1.134554386138916,0.9680460095405579,0.9680460095405579,0.611875,0.04020155966281891,0.033554885536432266,0.8346662521362305,0.9690685868263245,0.2810159921646118,0.03437514975667,0.9695432782173157,0.00842223409563303,0.2509987431335022,9,58
589,590,51,40-50,CIMMYT_3,Post-Flowering,ASWB,ASWB,All,module,24,801634,40,1.1678348779678345,0.9977701306343079,0.9977701306343079,0.611875,0.3314964473247528,0.27386072278022766,0.8261347413063049,0.9995930790901184,0.17578700184822083,0.2851983308792114,0.999599039554596,0.013826408423483372,0.05048700771369474,18,59
589,590,51,40-50,CIMMYT_3,Post-Flowering,ASWB/Feed-forward,ASWB,Feed-forward,component,8,526592,40,1.1678348779678345,0.9977701306343079,0.9977701306343079,0.611875,0.07510222494602203,0.06162402033805847,0.8205352425575256,0.9992706179618835,0.1827692985534668,0.06460428237915039,0.9992814660072327,0.0038214384112507105,0.062012156790273915,8,59
589,590,51,40-50,CIMMYT_3,Post-Flowering,ASWB/Parameter generator,ASWB,Parameter generator,component,4,8290,40,1.1678348779678345,0.9977701306343079,0.9977701306343079,0.611875,0.0,0.0,0.0,0.0,0.0,0.0,0.0,0.0,0.0,0,59
589,590,51,40-50,CIMMYT_3,Post-Flowering,ASWB/Self-modulation,ASWB,Self-modulation,component,2,512,40,1.1678348779678345,0.9977701306343079,0.9977701306343079,0.611875,0.1830386370420456,0.15012139081954956,0.820162296295166,0.9995378255844116,0.1819329559803009,0.15745827555656433,0.9995445609092712,0.008680683560669422,0.0578244280397313,2,59
589,590,51,40-50,CIMMYT_3,Post-Flowering,ASWB/Wave propagation,ASWB,Wave propagation,component,10,266240,40,1.1678348779678345,0.9977701306343079,0.9977701306343079,0.611875,0.2659819424152374,0.22060313820838928,0.8293914198875427,0.9996665716171265,0.17222173511981964,0.2288476824760437,0.9996708035469055,0.010060412809252739,0.04560412372624241,8,59
589,590,51,40-50,CIMMYT_3,Post-Flowering,Decoder,Decoder,All,module,119,4348539,40,1.1678348779678345,0.9977701306343079,0.9977701306343079,0.611875,1.1037671566009521,1.1433779001235962,1.0358868837356567,0.9720513820648193,0.24329206347465515,0.9484004378318787,0.9713354706764221,0.31651678681373596,0.2768260491824456,83,59
589,590,51,40-50,CIMMYT_3,Post-Flowering,Decoder/Detection decoder,Decoder,Detection decoder,component,119,4348539,40,1.1678348779678345,0.9977701306343079,0.9977701306343079,0.611875,1.1037671566009521,1.1433779001235962,1.0358868837356567,0.9720513820648193,0.24329206347465515,0.9484004378318787,0.9713354706764221,0.31651678681373596,0.2768260491824456,83,59
589,590,51,40-50,CIMMYT_3,Post-Flowering,MSIA,MSIA,All,module,16,461568,40,1.1678348779678345,0.9977701306343079,0.9977701306343079,0.611875,0.09781232476234436,0.08368917554616928,0.8556097149848938,0.9916931390762329,0.18725354969501495,0.0841757282614708,0.9916470050811768,0.010859311558306217,0.12975765966669608,16,59
589,590,51,40-50,CIMMYT_3,Post-Flowering,MSIA/Hypergraph interaction,MSIA,Hypergraph interaction,component,4,66304,40,1.1678348779678345,0.9977701306343079,0.9977701306343079,0.611875,0.05107296258211136,0.04293474927544594,0.8406551480293274,0.9926854372024536,0.19413606822490692,0.0439886599779129,0.9926360249519348,0.00537835480645299,0.1252681079362639,4,59
589,590,51,40-50,CIMMYT_3,Post-Flowering,MSIA/Semantic collection,MSIA,Semantic collection,component,3,197120,40,1.1678348779678345,0.9977701306343079,0.9977701306343079,0.611875,0.05156219005584717,0.043491948395967484,0.8434852957725525,0.9944031238555908,0.1842249184846878,0.044395722448825836,0.9944016337394714,0.004736684262752533,0.10890945192034009,3,59
589,590,51,40-50,CIMMYT_3,Post-Flowering,MSIA/Semantic scattering,MSIA,Semantic scattering,component,9,198144,40,1.1678348779678345,0.9977701306343079,0.9977701306343079,0.611875,0.0655755028128624,0.057174619287252426,0.8718898892402649,0.9898180365562439,0.18484371900558472,0.05638768523931503,0.9897729158401489,0.008158539421856403,0.14269512457733882,9,59
1030,1031,33,70-80,Ukyoto_1,Post-Flowering,ASWB,ASWB,All,module,24,801634,70,1.2213943004608154,1.0430570840835571,1.0430570840835571,0.611875,0.18959102034568787,0.18639777600765228,0.983157217502594,0.9939720630645752,0.11016528308391571,0.16413211822509766,0.9928463697433472,0.0305528212338686,0.16391194084104468,18,60
1030,1031,33,70-80,Ukyoto_1,Post-Flowering,ASWB/Feed-forward,ASWB,Feed-forward,component,8,526592,70,1.2213943004608154,1.0430570840835571,1.0430570840835571,0.611875,0.06184544786810875,0.060827963054180145,0.9835479259490967,0.9960231184959412,0.08996348083019257,0.05352086201310158,0.9952424168586731,0.00918535515666008,0.15100547010720353,8,60
1030,1031,33,70-80,Ukyoto_1,Post-Flowering,ASWB/Parameter generator,ASWB,Parameter generator,component,4,8290,70,1.2213943004608154,1.0430570840835571,1.0430570840835571,0.611875,0.0,0.0,0.0,0.0,0.0,0.0,0.0,0.0,0.0,0,60
1030,1031,33,70-80,Ukyoto_1,Post-Flowering,ASWB/Self-modulation,ASWB,Self-modulation,component,2,512,70,1.2213943004608154,1.0430570840835571,1.0430570840835571,0.611875,0.0908379852771759,0.09048262983560562,0.9960880279541016,0.9921520352363586,0.1250990778207779,0.07853126525878906,0.9906212091445923,0.016616903245449066,0.18364743902381786,2,60
1030,1031,33,70-80,Ukyoto_1,Post-Flowering,ASWB/Wave propagation,ASWB,Wave propagation,component,10,266240,70,1.2213943004608154,1.0430570840835571,1.0430570840835571,0.611875,0.15449388325214386,0.1511852741241455,0.9785842299461365,0.9943227767944336,0.10756229609251022,0.13381968438625336,0.9932921528816223,0.023937057703733444,0.15832929392367653,8,60
1030,1031,33,70-80,Ukyoto_1,Post-Flowering,Decoder,Decoder,All,module,119,4348539,70,1.2213943004608154,1.0430570840835571,1.0430570840835571,0.611875,1.8067371845245361,1.7744473218917847,0.9821280837059021,0.9906747937202454,0.13651639223098755,1.5701717138290405,0.9903571009635925,0.30897101759910583,0.17412239506197555,83,60
1030,1031,33,70-80,Ukyoto_1,Post-Flowering,Decoder/Detection decoder,Decoder,Detection decoder,component,119,4348539,70,1.2213943004608154,1.0430570840835571,1.0430570840835571,0.611875,1.8067371845245361,1.7744473218917847,0.9821280837059021,0.9906747937202454,0.13651639223098755,1.5701717138290405,0.9903571009635925,0.30897101759910583,0.17412239506197555,83,60
1030,1031,33,70-80,Ukyoto_1,Post-Flowering,MSIA,MSIA,All,module,16,461568,70,1.2213943004608154,1.0430570840835571,1.0430570840835571,0.611875,0.11863405257463455,0.11569026857614517,0.9751859903335571,0.9958470463752747,0.093356192111969,0.10215049982070923,0.9952462911605835,0.017195485532283783,0.14863381115729743,16,60
1030,1031,33,70-80,Ukyoto_1,Post-Flowering,MSIA/Hypergraph interaction,MSIA,Hypergraph interaction,component,4,66304,70,1.2213943004608154,1.0430570840835571,1.0430570840835571,0.611875,0.06148292496800423,0.06030958518385887,0.9809160232543945,0.9966338872909546,0.08347508311271667,0.05285477638244629,0.9959427118301392,0.009024451486766338,0.14963544284469102,4,60
1030,1031,33,70-80,Ukyoto_1,Post-Flowering,MSIA/Semantic collection,MSIA,Semantic collection,component,3,197120,70,1.2213943004608154,1.0430570840835571,1.0430570840835571,0.611875,0.06233026087284088,0.060921940952539444,0.9774055480957031,0.9966281652450562,0.08427377790212631,0.053689245134592056,0.9962140917778015,0.008779452182352543,0.14410985672948398,3,60
1030,1031,33,70-80,Ukyoto_1,Post-Flowering,MSIA/Semantic scattering,MSIA,Semantic scattering,component,9,198144,70,1.2213943004608154,1.0430570840835571,1.0430570840835571,0.611875,0.08005513995885849,0.07768853008747101,0.97043776512146,0.9949249029159546,0.10355668514966965,0.06898233294487,0.9942745566368103,0.011711756698787212,0.15075271324609593,9,60
1123,1124,49,20-30,CIMMYT_3,Post-Flowering,ASWB,ASWB,All,module,24,801634,23,1.247559905052185,1.0599520206451416,1.0599520206451416,0.611875,0.09278394281864166,0.09559932351112366,1.0303434133529663,0.9065035581588745,0.43998587131500244,0.07718825340270996,0.8996975421905518,0.04265274479985237,0.44616157555643604,18,61
1123,1124,49,20-30,CIMMYT_3,Post-Flowering,ASWB/Feed-forward,ASWB,Feed-forward,component,8,526592,23,1.247559905052185,1.0599520206451416,1.0599520206451416,0.611875,0.022892026230692863,0.023789364844560623,1.0391987562179565,0.902812659740448,0.45114362239837646,0.019005993381142616,0.8976066708564758,0.01074583362787962,0.4517074624771509,8,61
1123,1124,49,20-30,CIMMYT_3,Post-Flowering,ASWB/Parameter generator,ASWB,Parameter generator,component,4,8290,23,1.247559905052185,1.0599520206451416,1.0599520206451416,0.611875,0.0,0.0,0.0,0.0,0.0,0.0,0.0,0.0,0.0,0,61
1123,1124,49,20-30,CIMMYT_3,Post-Flowering,ASWB/Self-modulation,ASWB,Self-modulation,component,2,512,23,1.247559905052185,1.0599520206451416,1.0599520206451416,0.611875,0.053634148091077805,0.05013158917427063,0.9346953630447388,0.9063305854797363,0.4235202670097351,0.0448707677423954,0.90004962682724,0.021848149597644806,0.4358160185525911,2,61
1123,1124,49,20-30,CIMMYT_3,Post-Flowering,ASWB/Wave propagation,ASWB,Wave propagation,component,10,266240,23,1.247559905052185,1.0599520206451416,1.0599520206451416,0.611875,0.07216780632734299,0.07784677296876907,1.0786911249160767,0.9099612832069397,0.4477054476737976,0.05986160784959793,0.9031146764755249,0.03502059727907181,0.4498657547837151,8,61
1123,1124,49,20-30,CIMMYT_3,Post-Flowering,Decoder,Decoder,All,module,119,4348539,23,1.247559905052185,1.0599520206451416,1.0599520206451416,0.611875,1.065104603767395,1.1681654453277588,1.0967612266540527,0.9762334227561951,0.24798306822776794,0.900208055973053,0.9759343862533569,0.3498791456222534,0.29951163768937356,83,61
1123,1124,49,20-30,CIMMYT_3,Post-Flowering,Decoder/Detection decoder,Decoder,Detection decoder,component,119,4348539,23,1.247559905052185,1.0599520206451416,1.0599520206451416,0.611875,1.065104603767395,1.1681654453277588,1.0967612266540527,0.9762334227561951,0.24798306822776794,0.900208055973053,0.9759343862533569,0.3498791456222534,0.29951163768937356,83,61
1123,1124,49,20-30,CIMMYT_3,Post-Flowering,MSIA,MSIA,All,module,16,461568,23,1.247559905052185,1.0599520206451416,1.0599520206451416,0.611875,0.08476318418979645,0.08969557285308838,1.0581902265548706,0.9791676998138428,0.21788746118545532,0.07064428925514221,0.977603554725647,0.025431884452700615,0.2835355597132456,16,61
1123,1124,49,20-30,CIMMYT_3,Post-Flowering,MSIA/Hypergraph interaction,MSIA,Hypergraph interaction,component,4,66304,23,1.247559905052185,1.0599520206451416,1.0599520206451416,0.611875,0.03877110034227371,0.04143506661057472,1.0687100887298584,0.9774092435836792,0.23023287951946259,0.03230573609471321,0.9762502908706665,0.012121349573135376,0.2925384357905645,4,61
1123,1124,49,20-30,CIMMYT_3,Post-Flowering,MSIA/Semantic collection,MSIA,Semantic collection,component,3,197120,23,1.247559905052185,1.0599520206451416,1.0599520206451416,0.611875,0.03688989579677582,0.038798075169324875,1.0517263412475586,0.9735782146453857,0.24135567247867584,0.030764929950237274,0.9721748232841492,0.011443641036748886,0.2949538343540463,3,61
1123,1124,49,20-30,CIMMYT_3,Post-Flowering,MSIA/Semantic scattering,MSIA,Semantic scattering,component,9,198144,23,1.247559905052185,1.0599520206451416,1.0599520206451416,0.611875,0.06573229283094406,0.06944883614778519,1.056540608406067,0.9815629720687866,0.2053185999393463,0.05477658286690712,0.9798085689544678,0.019206684082746506,0.2765587610694471,9,61
278,279,37,50-60,CIMMYT_2,Post-Flowering,ASWB,ASWB,All,module,24,801634,59,1.142654538154602,0.9694170951843262,0.9694170951843262,0.611875,0.3404068946838379,0.268471360206604,0.7886778116226196,0.9983439445495605,0.21741487085819244,0.2904830276966095,0.9983508586883545,0.027234651148319244,0.10144341328386249,18,62
278,279,37,50-60,CIMMYT_2,Post-Flowering,ASWB/Feed-forward,ASWB,Feed-forward,component,8,526592,59,1.142654538154602,0.9694170951843262,0.9694170951843262,0.611875,0.0876154825091362,0.06912527978420258,0.7889619469642639,0.9981285929679871,0.2179221212863922,0.0747322365641594,0.9981437921524048,0.00711450632661581,0.10292191726132748,8,62
278,279,37,50-60,CIMMYT_2,Post-Flowering,ASWB/Parameter generator,ASWB,Parameter generator,component,4,8290,59,1.142654538154602,0.9694170951843262,0.9694170951843262,0.611875,0.0,0.0,0.0,0.0,0.0,0.0,0.0,0.0,0.0,0,62
278,279,37,50-60,CIMMYT_2,Post-Flowering,ASWB/Self-modulation,ASWB,Self-modulation,component,2,512,59,1.142654538154602,0.9694170951843262,0.9694170951843262,0.611875,0.18470099568367004,0.1442626416683197,0.7810604572296143,0.9983968138694763,0.2245858907699585,0.15755051374435425,0.9984197020530701,0.0157607514411211,0.10925040092747855,2,62
278,279,37,50-60,CIMMYT_2,Post-Flowering,ASWB/Wave propagation,ASWB,Wave propagation,component,10,266240,59,1.142654538154602,0.9694170951843262,0.9694170951843262,0.611875,0.2721872627735138,0.21560807526111603,0.7921313643455505,0.9983731508255005,0.2139786332845688,0.2323215752840042,0.9983693957328796,0.021040646359324455,0.09758746899364878,8,62
278,279,37,50-60,CIMMYT_2,Post-Flowering,Decoder,Decoder,All,module,119,4348539,59,1.142654538154602,0.9694170951843262,0.9694170951843262,0.611875,1.301729440689087,1.2602038383483887,0.9680996537208557,0.9778707027435303,0.20943892002105713,1.1092710494995117,0.9775052070617676,0.29269737005233765,0.23226192552781308,83,62
278,279,37,50-60,CIMMYT_2,Post-Flowering,Decoder/Detection decoder,Decoder,Detection decoder,component,119,4348539,59,1.142654538154602,0.9694170951843262,0.9694170951843262,0.611875,1.301729440689087,1.2602038383483887,0.9680996537208557,0.9778707027435303,0.20943892002105713,1.1092710494995117,0.9775052070617676,0.29269737005233765,0.23226192552781308,83,62
278,279,37,50-60,CIMMYT_2,Post-Flowering,MSIA,MSIA,All,module,16,461568,59,1.142654538154602,0.9694170951843262,0.9694170951843262,0.611875,0.117673359811306,0.09781478345394135,0.8312398195266724,0.9912278056144714,0.20751816034317017,0.10032181441783905,0.9909788370132446,0.013540094718337059,0.13842585180094752,16,62
278,279,37,50-60,CIMMYT_2,Post-Flowering,MSIA/Hypergraph interaction,MSIA,Hypergraph interaction,component,4,66304,59,1.142654538154602,0.9694170951843262,0.9694170951843262,0.611875,0.06335429847240448,0.051679059863090515,0.8157151341438293,0.9916799664497375,0.21802368760108948,0.054015036672353745,0.991521418094635,0.00726578151807189,0.1405943052625296,4,62
278,279,37,50-60,CIMMYT_2,Post-Flowering,MSIA/Semantic collection,MSIA,Semantic collection,component,3,197120,59,1.142654538154602,0.9694170951843262,0.9694170951843262,0.611875,0.06452599167823792,0.05264032259583473,0.8158003091812134,0.9948066473007202,0.20592039823532104,0.055015649646520615,0.9947736263275146,0.0059927841648459435,0.1138439863079436,3,62
278,279,37,50-60,CIMMYT_2,Post-Flowering,MSIA/Semantic scattering,MSIA,Semantic scattering,component,9,198144,59,1.142654538154602,0.9694170951843262,0.9694170951843262,0.611875,0.07529707998037338,0.06423398107290268,0.8530740141868591,0.9889827966690063,0.20095773041248322,0.0641881674528122,0.9885249137878418,0.009727749042212963,0.15144241225173954,9,62
471,472,42,50-60,CIMMYT_1,Post-Flowering,ASWB,ASWB,All,module,24,801634,52,1.1843000650405884,1.005707025527954,1.005707025527954,0.611875,0.13447493314743042,0.10080856084823608,0.7496457695960999,0.985236406326294,0.2912254333496094,0.11531616747379303,0.9849079251289368,0.023692946881055832,0.23502911540146645,18,63
471,472,42,50-60,CIMMYT_1,Post-Flowering,ASWB/Feed-forward,ASWB,Feed-forward,component,8,526592,52,1.1843000650405884,1.005707025527954,1.005707025527954,0.611875,0.03660031408071518,0.027517030015587807,0.7518249750137329,0.9891100525856018,0.2792232632637024,0.031373169273138046,0.9889116287231445,0.005832227878272533,0.21194975892996815,8,63
471,472,42,50-60,CIMMYT_1,Post-Flowering,ASWB/Parameter generator,ASWB,Parameter generator,component,4,8290,52,1.1843000650405884,1.005707025527954,1.005707025527954,0.611875,0.0,0.0,0.0,0.0,0.0,0.0,0.0,0.0,0.0,0,63
471,472,42,50-60,CIMMYT_1,Post-Flowering,ASWB/Self-modulation,ASWB,Self-modulation,component,2,512,52,1.1843000650405884,1.005707025527954,1.005707025527954,0.611875,0.07205704599618912,0.05313761904835701,0.7374382019042969,0.9876117706298828,0.29531311988830566,0.061805542558431625,0.9872995018959045,0.012591850943863392,0.23696678867761062,2,63
471,472,42,50-60,CIMMYT_1,Post-Flowering,ASWB/Wave propagation,ASWB,Wave propagation,component,10,266240,52,1.1843000650405884,1.005707025527954,1.005707025527954,0.611875,0.10747886449098587,0.08112689852714539,0.7548172473907471,0.9838278889656067,0.29073795676231384,0.09216082096099854,0.9834794402122498,0.019203806295990944,0.2367131819980185,8,63
471,472,42,50-60,CIMMYT_1,Post-Flowering,Decoder,Decoder,All,module,119,4348539,52,1.1843000650405884,1.005707025527954,1.005707025527954,0.611875,0.9196646809577942,0.9803714156150818,1.0660096406936646,0.9716484546661377,0.2545647621154785,0.789236843585968,0.9702968001365662,0.2872249484062195,0.29297564558837685,83,63
471,472,42,50-60,CIMMYT_1,Post-Flowering,Decoder/Detection decoder,Decoder,Detection decoder,component,119,4348539,52,1.1843000650405884,1.005707025527954,1.005707025527954,0.611875,0.9196646809577942,0.9803714156150818,1.0660096406936646,0.9716484546661377,0.2545647621154785,0.789236843585968,0.9702968001365662,0.2872249484062195,0.29297564558837685,83,63
471,472,42,50-60,CIMMYT_1,Post-Flowering,MSIA,MSIA,All,module,16,461568,52,1.1843000650405884,1.005707025527954,1.005707025527954,0.611875,0.04985308647155762,0.04342760518193245,0.8711116909980774,0.9748964309692383,0.2456580400466919,0.042589396238327026,0.9741899967193604,0.009806944988667965,0.22582283659399277,16,63
471,472,42,50-60,CIMMYT_1,Post-Flowering,MSIA/Hypergraph interaction,MSIA,Hypergraph interaction,component,4,66304,52,1.1843000650405884,1.005707025527954,1.005707025527954,0.611875,0.025334220379590988,0.02166903391480446,0.8553266525268555,0.9754665493965149,0.2507956027984619,0.021652400493621826,0.9747583270072937,0.0048668598756194115,0.2245997627192015,4,63
471,472,42,50-60,CIMMYT_1,Post-Flowering,MSIA/Semantic collection,MSIA,Semantic collection,component,3,197120,52,1.1843000650405884,1.005707025527954,1.005707025527954,0.611875,0.026212802156805992,0.021937955170869827,0.8369175791740417,0.9811684489250183,0.2410746067762375,0.02242099493741989,0.9809213280677795,0.004359100013971329,0.19870129098264963,3,63
471,472,42,50-60,CIMMYT_1,Post-Flowering,MSIA/Semantic scattering,MSIA,Semantic scattering,component,9,198144,52,1.1843000650405884,1.005707025527954,1.005707025527954,0.611875,0.034005824476480484,0.030579986050724983,0.8992573022842407,0.9721387624740601,0.24547474086284637,0.029022907838225365,0.9712324738502502,0.007313554175198078,0.23916146211010747,9,63
47,48,39,10-20,CIMMYT_2,Post-Flowering,ASWB,ASWB,All,module,24,801634,19,1.0677995681762695,0.9040203094482422,0.9040203094482422,0.611875,0.08683519810438156,0.06956454366445541,0.8011099696159363,0.972344696521759,0.28959834575653076,0.07458954304456711,0.9705559015274048,0.018188143149018288,0.2614570899328945,18,64
47,48,39,10-20,CIMMYT_2,Post-Flowering,ASWB/Feed-forward,ASWB,Feed-forward,component,8,526592,19,1.0677995681762695,0.9040203094482422,0.9040203094482422,0.611875,0.024686023592948914,0.01914851926267147,0.7756826281547546,0.9732309579849243,0.3030620515346527,0.021191924810409546,0.9719513654708862,0.005190324503928423,0.2710561810409305,8,64
47,48,39,10-20,CIMMYT_2,Post-Flowering,ASWB/Parameter generator,ASWB,Parameter generator,component,4,8290,19,1.0677995681762695,0.9040203094482422,0.9040203094482422,0.611875,0.0,0.0,0.0,0.0,0.0,0.0,0.0,0.0,0.0,0,64
47,48,39,10-20,CIMMYT_2,Post-Flowering,ASWB/Self-modulation,ASWB,Self-modulation,component,2,512,19,1.0677995681762695,0.9040203094482422,0.9040203094482422,0.611875,0.04286719486117363,0.033934175968170166,0.7916117906570435,0.9621337652206421,0.3215218782424927,0.03683536499738693,0.9599752426147461,0.010415234602987766,0.30692463588204194,2,64
47,48,39,10-20,CIMMYT_2,Post-Flowering,ASWB/Wave propagation,ASWB,Wave propagation,component,10,266240,19,1.0677995681762695,0.9040203094482422,0.9040203094482422,0.611875,0.07136774808168411,0.05762839689850807,0.8074851632118225,0.9759674668312073,0.27545222640037537,0.06129973381757736,0.9742522239685059,0.013978268019855022,0.2425586823883505,8,64
47,48,39,10-20,CIMMYT_2,Post-Flowering,Decoder,Decoder,All,module,119,4348539,19,1.0677995681762695,0.9040203094482422,0.9040203094482422,0.611875,1.2105299234390259,1.2526228427886963,1.034772276878357,0.9717735052108765,0.24418309330940247,1.0332984924316406,0.9708793759346008,0.351406991481781,0.28053694973296883,83,64
47,48,39,10-20,CIMMYT_2,Post-Flowering,Decoder/Detection decoder,Decoder,Detection decoder,component,119,4348539,19,1.0677995681762695,0.9040203094482422,0.9040203094482422,0.611875,1.2105299234390259,1.2526228427886963,1.034772276878357,0.9717735052108765,0.24418309330940247,1.0332984924316406,0.9708793759346008,0.351406991481781,0.28053694973296883,83,64
47,48,39,10-20,CIMMYT_2,Post-Flowering,MSIA,MSIA,All,module,16,461568,19,1.0677995681762695,0.9040203094482422,0.9040203094482422,0.611875,0.061698462814092636,0.0585656501352787,0.9492238163948059,0.9679612517356873,0.25179821252822876,0.0521777905523777,0.966402530670166,0.01568886823952198,0.2678851545792256,16,64
47,48,39,10-20,CIMMYT_2,Post-Flowering,MSIA/Hypergraph interaction,MSIA,Hypergraph interaction,component,4,66304,19,1.0677995681762695,0.9040203094482422,0.9040203094482422,0.611875,0.028709454461932182,0.027390403673052788,0.9540551900863647,0.9591366052627563,0.28298890590667725,0.024221451953053474,0.9567499756813049,0.008211546577513218,0.29979647892491257,4,64
47,48,39,10-20,CIMMYT_2,Post-Flowering,MSIA/Semantic collection,MSIA,Semantic collection,component,3,197120,19,1.0677995681762695,0.9040203094482422,0.9040203094482422,0.611875,0.027918880805373192,0.0262575913220644,0.9404958486557007,0.961272120475769,0.27638304233551025,0.02362523227930069,0.9587157964706421,0.007625614292919636,0.2904156058865837,3,64
47,48,39,10-20,CIMMYT_2,Post-Flowering,MSIA/Semantic scattering,MSIA,Semantic scattering,component,9,198144,19,1.0677995681762695,0.9040203094482422,0.9040203094482422,0.611875,0.046936169266700745,0.044612109661102295,0.9504846930503845,0.9736369848251343,0.2292751669883728,0.03972015902400017,0.972734272480011,0.010980031453073025,0.24612221965029854,9,64
