batch,candidate_rank,density_group,domain,growth_stage,image_id,target_index,uncertainty,reliability,iou,localization_error,occlusion_ratio,selection_rank
976,21,30-40,UQ_11,Post-Flowering,977,0,0.4851076900959015,0.8117175698280334,0.0,1.0,0.0,1
976,21,30-40,UQ_11,Post-Flowering,977,1,0.3991740942001343,0.8450705409049988,0.5836052894592285,0.4163947105407715,0.0,1
976,21,30-40,UQ_11,Post-Flowering,977,2,0.39102327823638916,0.8482340574264526,0.7588871717453003,0.2411128282546997,0.0,1
976,21,30-40,UQ_11,Post-Flowering,977,3,0.37873974442481995,0.8530016541481018,0.809819757938385,0.190180242061615,0.0,1
976,21,30-40,UQ_11,Post-Flowering,977,4,0.34666985273361206,0.8654487729072571,0.7956092953681946,0.20439070463180542,0.0,1
976,21,30-40,UQ_11,Post-Flowering,977,5,0.37320834398269653,0.8551484942436218,0.7448930144309998,0.25510698556900024,0.0,1
976,21,30-40,UQ_11,Post-Flowering,977,6,0.4351436197757721,0.831109881401062,0.521287202835083,0.478712797164917,0.0,1
976,21,30-40,UQ_11,Post-Flowering,977,7,0.49222248792648315,0.8089561462402344,0.299381822347641,0.700618177652359,0.0,1
976,21,30-40,UQ_11,Post-Flowering,977,8,0.5549302101135254,0.7846177220344543,0.36424094438552856,0.6357590556144714,0.0,1
976,21,30-40,UQ_11,Post-Flowering,977,9,0.4680892825126648,0.8183228373527527,0.2821630537509918,0.7178369462490082,0.12828947603702545,1
976,21,30-40,UQ_11,Post-Flowering,977,10,0.3614274561405182,0.8597209453582764,0.7778770327568054,0.22212296724319458,0.0,1
976,21,30-40,UQ_11,Post-Flowering,977,11,0.4485105872154236,0.8259218335151672,0.0,1.0,0.0,1
976,21,30-40,UQ_11,Post-Flowering,977,12,0.3966558873653412,0.8460479378700256,0.5774782299995422,0.42252177000045776,0.0,1
976,21,30-40,UQ_11,Post-Flowering,977,13,0.3889099657535553,0.8490543365478516,0.17649583518505096,0.823504164814949,0.09774436056613922,1
976,21,30-40,UQ_11,Post-Flowering,977,14,0.33765408396720886,0.8689479827880859,0.43903079628944397,0.560969203710556,0.0,1
976,21,30-40,UQ_11,Post-Flowering,977,15,0.3404671549797058,0.8678561449050903,0.8154585957527161,0.18454140424728394,0.0,1
976,21,30-40,UQ_11,Post-Flowering,977,16,0.4293100833892822,0.8333740234375,0.47315698862075806,0.5268430113792419,0.0,1
976,21,30-40,UQ_11,Post-Flowering,977,17,0.4713881015777588,0.8170424699783325,0.8462624549865723,0.15373754501342773,0.0,1
976,21,30-40,UQ_11,Post-Flowering,977,18,0.4270421266555786,0.834254264831543,0.4171525835990906,0.5828474164009094,0.0,1
976,21,30-40,UQ_11,Post-Flowering,977,19,0.38714733719825745,0.8497384786605835,0.6037744879722595,0.3962255120277405,0.0,1
976,21,30-40,UQ_11,Post-Flowering,977,20,0.4510836601257324,0.8249231576919556,0.13438500463962555,0.8656149953603745,0.0,1
976,21,30-40,UQ_11,Post-Flowering,977,21,0.37165993452072144,0.8557494878768921,0.36851000785827637,0.6314899921417236,0.0,1
976,21,30-40,UQ_11,Post-Flowering,977,22,0.348557710647583,0.8647160530090332,0.6533686518669128,0.34663134813308716,0.0,1
976,21,30-40,UQ_11,Post-Flowering,977,23,0.3978111743927002,0.8455995321273804,0.6283855438232422,0.3716144561767578,0.0,1
976,21,30-40,UQ_11,Post-Flowering,977,24,0.3515692949295044,0.8635472059249878,0.8055639266967773,0.19443607330322266,0.03323615342378616,1
976,21,30-40,UQ_11,Post-Flowering,977,25,0.49601322412490845,0.8074848651885986,0.3424943685531616,0.6575056314468384,0.0,1
976,21,30-40,UQ_11,Post-Flowering,977,26,0.4694647789001465,0.8177889585494995,0.38966718316078186,0.6103328168392181,0.0,1
976,21,30-40,UQ_11,Post-Flowering,977,27,0.47834962606430054,0.8143405318260193,0.35710781812667847,0.6428921818733215,0.06031746044754982,1
976,21,30-40,UQ_11,Post-Flowering,977,28,0.4311283230781555,0.8326683044433594,0.39039167761802673,0.6096083223819733,0.0,1
976,21,30-40,UQ_11,Post-Flowering,977,29,0.42886480689048767,0.8335468173027039,0.2808549106121063,0.7191450893878937,0.0,1
976,21,30-40,UQ_11,Post-Flowering,977,30,0.4393043518066406,0.8294950127601624,0.8040085434913635,0.19599145650863647,0.0,1
976,21,30-40,UQ_11,Post-Flowering,977,31,0.39481204748153687,0.846763551235199,0.7651141285896301,0.23488587141036987,0.0,1
976,21,30-40,UQ_11,Post-Flowering,977,32,0.49819216132164,0.8066391348838806,0.4415709376335144,0.5584290623664856,0.0,1
976,21,30-40,UQ_11,Post-Flowering,977,33,0.494144082069397,0.8082103133201599,0.7169505953788757,0.28304940462112427,0.0,1
976,21,30-40,UQ_11,Post-Flowering,977,34,0.4942370057106018,0.8081742525100708,0.7469204664230347,0.25307953357696533,0.0,1
976,21,30-40,UQ_11,Post-Flowering,977,35,0.4947344958782196,0.8079811334609985,0.5727613568305969,0.4272386431694031,0.0,1
976,21,30-40,UQ_11,Post-Flowering,977,36,0.46248793601989746,0.8204968571662903,0.0,1.0,0.0,1
976,21,30-40,UQ_11,Post-Flowering,977,37,0.4835711717605591,0.8123139142990112,0.5309590101242065,0.46904098987579346,0.0,1
976,21,30-40,UQ_11,Post-Flowering,977,38,0.3920135796070099,0.8478497266769409,0.4792845547199249,0.5207154452800751,0.0,1
850,40,70-80,KSU_3,Filling,851,0,0.27751708030700684,0.8922886848449707,0.7597772479057312,0.2402227520942688,0.4488461911678314,2
850,40,70-80,KSU_3,Filling,851,1,0.3390362560749054,0.8684115409851074,0.7012367844581604,0.2987632155418396,0.9866666793823242,2
850,40,70-80,KSU_3,Filling,851,2,0.38394978642463684,0.8509795069694519,0.6829074025154114,0.3170925974845886,0.175534188747406,2
850,40,70-80,KSU_3,Filling,851,3,0.47073817253112793,0.817294716835022,0.5655098557472229,0.4344901442527771,1.0002106428146362,2
850,40,70-80,KSU_3,Filling,851,4,0.41907310485839844,0.8373472690582275,0.31823527812957764,0.6817647218704224,1.158111333847046,2
850,40,70-80,KSU_3,Filling,851,5,0.4802139103412628,0.8136169910430908,0.5856002569198608,0.41439974308013916,0.21497584879398346,2
850,40,70-80,KSU_3,Filling,851,6,0.3152782618999481,0.8776326179504395,0.8203032612800598,0.17969673871994019,0.6163535714149475,2
850,40,70-80,KSU_3,Filling,851,7,0.4275189936161041,0.8340691924095154,0.32201042771339417,0.6779895722866058,0.6486124396324158,2
850,40,70-80,KSU_3,Filling,851,8,0.4027443528175354,0.8436848521232605,0.6603342890739441,0.3396657109260559,0.2154954969882965,2
850,40,70-80,KSU_3,Filling,851,9,0.33421000838279724,0.8702847361564636,0.8692610859870911,0.13073891401290894,0.30000001192092896,2
850,40,70-80,KSU_3,Filling,851,10,0.4538501501083374,0.8238494396209717,0.5407402515411377,0.4592597484588623,0.3472599685192108,2
850,40,70-80,KSU_3,Filling,851,11,0.3393796682357788,0.8682782649993896,0.09828534722328186,0.9017146527767181,1.5,2
850,40,70-80,KSU_3,Filling,851,12,0.3639243245124817,0.8587518930435181,0.9072691798210144,0.0927308201789856,1.0412224531173706,2
850,40,70-80,KSU_3,Filling,851,13,0.3255341053009033,0.8736521005630493,0.5152852535247803,0.4847147464752197,0.3311828076839447,2
850,40,70-80,KSU_3,Filling,851,14,0.3942919075489044,0.8469654321670532,0.8047479391098022,0.19525206089019775,0.7241379022598267,2
850,40,70-80,KSU_3,Filling,851,15,0.47152796387672424,0.8169882297515869,0.626327395439148,0.37367260456085205,0.5279569625854492,2
850,40,70-80,KSU_3,Filling,851,16,0.4340570867061615,0.8315315842628479,0.30248594284057617,0.6975140571594238,0.2800000011920929,2
850,40,70-80,KSU_3,Filling,851,17,0.2901710271835327,0.8873773813247681,0.9035250544548035,0.09647494554519653,0.800000011920929,2
850,40,70-80,KSU_3,Filling,851,18,0.29066404700279236,0.8871859908103943,0.917040228843689,0.08295977115631104,0.24055224657058716,2
850,40,70-80,KSU_3,Filling,851,19,0.4227689504623413,0.835912823677063,0.7402966022491455,0.2597033977508545,0.4791666567325592,2
850,40,70-80,KSU_3,Filling,851,20,0.38172733783721924,0.8518420457839966,0.5824935436248779,0.41750645637512207,0.0,2
850,40,70-80,KSU_3,Filling,851,21,0.4054611325263977,0.8426303863525391,0.5939562320709229,0.40604376792907715,0.31257396936416626,2
850,40,70-80,KSU_3,Filling,851,22,0.33165597915649414,0.8712760210037231,0.7103570103645325,0.28964298963546753,0.21631067991256714,2
850,40,70-80,KSU_3,Filling,851,23,0.3487340211868286,0.864647626876831,0.44201675057411194,0.5579832494258881,0.279317706823349,2
850,40,70-80,KSU_3,Filling,851,24,0.34603211283683777,0.8656963109970093,0.8901139497756958,0.1098860502243042,0.06923077255487442,2
850,40,70-80,KSU_3,Filling,851,25,0.3970637917518616,0.8458896279335022,0.6405324339866638,0.3594675660133362,0.0992647036910057,2
850,40,70-80,KSU_3,Filling,851,26,0.2875913083553314,0.8883786201477051,0.8747942447662354,0.12520575523376465,0.23415708541870117,2
850,40,70-80,KSU_3,Filling,851,27,0.28925368189811707,0.8877333998680115,0.834469735622406,0.165530264377594,0.0,2
850,40,70-80,KSU_3,Filling,851,28,0.31266456842422485,0.8786470890045166,0.8607577085494995,0.1392422914505005,0.0,2
850,40,70-80,KSU_3,Filling,851,29,0.29484841227531433,0.8855619430541992,0.9613834619522095,0.03861653804779053,0.0,2
850,40,70-80,KSU_3,Filling,851,30,0.3650156259536743,0.8583283424377441,0.8103088140487671,0.1896911859512329,0.0,2
850,40,70-80,KSU_3,Filling,851,31,0.3751002550125122,0.8544142246246338,0.8251040577888489,0.17489594221115112,0.0,2
850,40,70-80,KSU_3,Filling,851,32,0.41789472103118896,0.8378046154975891,0.7059409618377686,0.29405903816223145,0.0962962955236435,2
850,40,70-80,KSU_3,Filling,851,33,0.36661186814308167,0.8577088117599487,0.13365115225315094,0.8663488477468491,0.2363380342721939,2
850,40,70-80,KSU_3,Filling,851,34,0.42048418521881104,0.8367995619773865,0.4322318136692047,0.5677681863307953,0.9020532965660095,2
850,40,70-80,KSU_3,Filling,851,35,0.37557661533355713,0.8542293310165405,0.5427783727645874,0.4572216272354126,0.0,2
850,40,70-80,KSU_3,Filling,851,36,0.45513367652893066,0.823351263999939,0.5942828059196472,0.4057171940803528,0.32110968232154846,2
850,40,70-80,KSU_3,Filling,851,37,0.38016653060913086,0.8524478673934937,0.5208512544631958,0.4791487455368042,0.45567765831947327,2
850,40,70-80,KSU_3,Filling,851,38,0.4416309595108032,0.8285920023918152,0.6775357723236084,0.3224642276763916,0.739130437374115,2
850,40,70-80,KSU_3,Filling,851,39,0.333709716796875,0.8704789280891418,0.7980871200561523,0.20191287994384766,0.05584579333662987,2
850,40,70-80,KSU_3,Filling,851,40,0.34828341007232666,0.864822506904602,0.12075526267290115,0.8792447373270988,0.25,2
850,40,70-80,KSU_3,Filling,851,41,0.4383304715156555,0.8298729658126831,0.6825190782546997,0.3174809217453003,0.4722805321216583,2
850,40,70-80,KSU_3,Filling,851,42,0.4800616204738617,0.8136760592460632,0.2989560663700104,0.7010439336299896,0.21590909361839294,2
850,40,70-80,KSU_3,Filling,851,43,0.45260390639305115,0.8243330717086792,0.3780529201030731,0.6219470798969269,0.46433326601982117,2
850,40,70-80,KSU_3,Filling,851,44,0.30410903692245483,0.8819676637649536,0.9364402890205383,0.06355971097946167,0.05888594314455986,2
850,40,70-80,KSU_3,Filling,851,45,0.4060397446155548,0.8424058556556702,0.7179669737815857,0.2820330262184143,0.7323076725006104,2
850,40,70-80,KSU_3,Filling,851,46,0.3463221788406372,0.8655837178230286,0.8950566053390503,0.10494339466094971,0.34618180990219116,2
850,40,70-80,KSU_3,Filling,851,47,0.2794710397720337,0.8915302753448486,0.8238000869750977,0.17619991302490234,0.0,2
850,40,70-80,KSU_3,Filling,851,48,0.3991582989692688,0.8450766801834106,0.8495603799819946,0.15043962001800537,0.3516218066215515,2
850,40,70-80,KSU_3,Filling,851,49,0.3452005386352539,0.8660190105438232,0.8475785255432129,0.1524214744567871,0.2716406285762787,2
850,40,70-80,KSU_3,Filling,851,50,0.40068238973617554,0.8444851636886597,0.7442964911460876,0.25570350885391235,0.1688888818025589,2
850,40,70-80,KSU_3,Filling,851,51,0.32802295684814453,0.8726860880851746,0.7234814763069153,0.2765185236930847,0.0,2
850,40,70-80,KSU_3,Filling,851,52,0.40766435861587524,0.8417752981185913,0.5869807004928589,0.4130192995071411,0.5474452376365662,2
850,40,70-80,KSU_3,Filling,851,53,0.32517021894454956,0.8737933039665222,0.8385524749755859,0.16144752502441406,0.0,2
850,40,70-80,KSU_3,Filling,851,54,0.3735341429710388,0.8550220727920532,0.6166394948959351,0.38336050510406494,0.2853126525878906,2
850,40,70-80,KSU_3,Filling,851,55,0.34608733654022217,0.8656748533248901,0.4587259590625763,0.5412740409374237,0.9555555582046509,2
850,40,70-80,KSU_3,Filling,851,56,0.34933504462242126,0.8644143342971802,0.9087085723876953,0.09129142761230469,0.0,2
850,40,70-80,KSU_3,Filling,851,57,0.3624495565891266,0.8593242764472961,0.642848789691925,0.35715121030807495,0.0,2
850,40,70-80,KSU_3,Filling,851,58,0.37830495834350586,0.8531703948974609,0.848578155040741,0.15142184495925903,0.14177215099334717,2
850,40,70-80,KSU_3,Filling,851,59,0.44801098108291626,0.8261157274246216,0.6739756464958191,0.3260243535041809,0.2616822421550751,2
850,40,70-80,KSU_3,Filling,851,60,0.3190023899078369,0.8761872053146362,0.9304432272911072,0.06955677270889282,0.20741671323776245,2
850,40,70-80,KSU_3,Filling,851,61,0.391089528799057,0.8482083678245544,0.4502341151237488,0.5497658848762512,0.14273355901241302,2
850,40,70-80,KSU_3,Filling,851,62,0.40780335664749146,0.8417212963104248,0.7537087202072144,0.24629127979278564,0.29098090529441833,2
850,40,70-80,KSU_3,Filling,851,63,0.36114946007728577,0.8598288893699646,0.8234317302703857,0.17656826972961426,0.010392064228653908,2
850,40,70-80,KSU_3,Filling,851,64,0.3816925883293152,0.8518555760383606,0.8532189130783081,0.1467810869216919,0.08014911413192749,2
850,40,70-80,KSU_3,Filling,851,65,0.3037373423576355,0.8821119070053101,0.8232400417327881,0.17675995826721191,0.23310184478759766,2
850,40,70-80,KSU_3,Filling,851,66,0.4241182208061218,0.8353891372680664,0.6445888876914978,0.3554111123085022,1.0,2
850,40,70-80,KSU_3,Filling,851,67,0.37970274686813354,0.8526278734207153,0.6378755569458008,0.3621244430541992,0.0,2
850,40,70-80,KSU_3,Filling,851,68,0.35103100538253784,0.8637560606002808,0.7475051283836365,0.2524948716163635,0.0,2
850,40,70-80,KSU_3,Filling,851,69,0.3955848217010498,0.8464636206626892,0.456240713596344,0.543759286403656,0.10549313575029373,2
850,40,70-80,KSU_3,Filling,851,70,0.38297730684280396,0.8513569235801697,0.2743154764175415,0.7256845235824585,0.02255639061331749,2
850,40,70-80,KSU_3,Filling,851,71,0.3906870186328888,0.8483645915985107,0.5430634617805481,0.4569365382194519,0.0,2
850,40,70-80,KSU_3,Filling,851,72,0.3838507831096649,0.8510178923606873,0.0,1.0,0.5208845138549805,2
850,40,70-80,KSU_3,Filling,851,73,0.35614290833473206,0.8617720603942871,0.519050121307373,0.48094987869262695,0.12424242496490479,2
850,40,70-80,KSU_3,Filling,851,74,0.37202513217926025,0.8556077480316162,0.4201047122478485,0.5798952877521515,0.8371517062187195,2
850,40,70-80,KSU_3,Filling,851,75,0.42565158009529114,0.8347939848899841,0.5350455641746521,0.4649544358253479,1.7204116582870483,2
850,40,70-80,KSU_3,Filling,851,76,0.41268184781074524,0.8398278951644897,0.0,1.0,0.7631579041481018,2
850,40,70-80,KSU_3,Filling,851,77,0.4082317352294922,0.8415550589561462,0.02449646405875683,0.9755035359412432,1.0,2
935,7,>100,UQ_8,Ripening,936,0,0.4174938499927521,0.8379602432250977,0.6012361645698547,0.39876383543014526,0.52173912525177,3
935,7,>100,UQ_8,Ripening,936,1,0.37484902143478394,0.8545117378234863,0.6867566108703613,0.31324338912963867,0.27659574151039124,3
935,7,>100,UQ_8,Ripening,936,2,0.47850126028060913,0.814281702041626,0.2646808624267578,0.7353191375732422,0.0,3
935,7,>100,UQ_8,Ripening,936,3,0.372424840927124,0.8554525971412659,0.8216766715049744,0.17832332849502563,0.054054055362939835,3
935,7,>100,UQ_8,Ripening,936,4,0.538420557975769,0.7910255193710327,0.3225336968898773,0.6774663031101227,0.0,3
935,7,>100,UQ_8,Ripening,936,5,0.4046134054660797,0.8429594039916992,0.8125002980232239,0.18749970197677612,0.009195402264595032,3
935,7,>100,UQ_8,Ripening,936,6,0.39076483249664307,0.8483344316482544,0.7655025720596313,0.23449742794036865,0.023280423134565353,3
935,7,>100,UQ_8,Ripening,936,7,0.3576114773750305,0.8612020611763,0.8431056141853333,0.15689438581466675,0.2387511432170868,3
935,7,>100,UQ_8,Ripening,936,8,0.42743945121765137,0.834100067615509,0.6923760175704956,0.3076239824295044,0.09183673560619354,3
935,7,>100,UQ_8,Ripening,936,9,0.44412553310394287,0.8276237845420837,0.7141103148460388,0.2858896851539612,0.0,3
935,7,>100,UQ_8,Ripening,936,10,0.3937087655067444,0.8471918106079102,0.8487157225608826,0.15128427743911743,0.0,3
935,7,>100,UQ_8,Ripening,936,11,0.4339268207550049,0.8315821886062622,0.0,1.0,0.2405172437429428,3
935,7,>100,UQ_8,Ripening,936,12,0.3857995271682739,0.8502615690231323,0.595690906047821,0.40430909395217896,0.1066666692495346,3
935,7,>100,UQ_8,Ripening,936,13,0.40708255767822266,0.8420010805130005,0.3663890063762665,0.6336109936237335,0.0,3
935,7,>100,UQ_8,Ripening,936,14,0.3923652172088623,0.8477132320404053,0.645163357257843,0.354836642742157,0.0,3
935,7,>100,UQ_8,Ripening,936,15,0.37946057319641113,0.8527218699455261,0.63161700963974,0.36838299036026,0.0,3
935,7,>100,UQ_8,Ripening,936,16,0.41733840107917786,0.8380205631256104,0.40830695629119873,0.5916930437088013,0.0,3
935,7,>100,UQ_8,Ripening,936,17,0.3943867087364197,0.8469286561012268,0.43768271803855896,0.562317281961441,0.0,3
935,7,>100,UQ_8,Ripening,936,18,0.41426604986190796,0.8392130136489868,0.5232125520706177,0.4767874479293823,0.0,3
935,7,>100,UQ_8,Ripening,936,19,0.4022735357284546,0.8438675999641418,0.6736113429069519,0.3263886570930481,0.03846153989434242,3
935,7,>100,UQ_8,Ripening,936,20,0.3337666392326355,0.8704568147659302,0.7252632975578308,0.2747367024421692,0.00918114185333252,3
935,7,>100,UQ_8,Ripening,936,21,0.35303810238838196,0.8629770874977112,0.8363452553749084,0.16365474462509155,0.0707312598824501,3
935,7,>100,UQ_8,Ripening,936,22,0.37863051891326904,0.8530440330505371,0.5790858268737793,0.4209141731262207,0.0,3
935,7,>100,UQ_8,Ripening,936,23,0.4017925560474396,0.8440542817115784,0.6883507966995239,0.3116492033004761,0.0,3
935,7,>100,UQ_8,Ripening,936,24,0.3701590895652771,0.856332004070282,0.780739426612854,0.219260573387146,0.048262547701597214,3
935,7,>100,UQ_8,Ripening,936,25,0.4555279314517975,0.8231981992721558,0.40649399161338806,0.5935060083866119,0.0,3
935,7,>100,UQ_8,Ripening,936,26,0.417255699634552,0.8380526304244995,0.5663882493972778,0.43361175060272217,0.045416317880153656,3
935,7,>100,UQ_8,Ripening,936,27,0.35599735379219055,0.8618285655975342,0.7865617871284485,0.2134382128715515,0.0,3
935,7,>100,UQ_8,Ripening,936,28,0.42249956727027893,0.836017370223999,0.45762887597084045,0.5423711240291595,0.0,3
935,7,>100,UQ_8,Ripening,936,29,0.3595082461833954,0.8604658842086792,0.6937410831451416,0.3062589168548584,0.16629712283611298,3
935,7,>100,UQ_8,Ripening,936,30,0.3862572908401489,0.8500838875770569,0.6933469772338867,0.3066530227661133,0.03266787528991699,3
935,7,>100,UQ_8,Ripening,936,31,0.43864405155181885,0.8297512531280518,0.7403059601783752,0.25969403982162476,0.1730920523405075,3
935,7,>100,UQ_8,Ripening,936,32,0.3320666551589966,0.8711166381835938,0.9258789420127869,0.07412105798721313,0.0,3
935,7,>100,UQ_8,Ripening,936,33,0.40460777282714844,0.8429616093635559,0.6488720774650574,0.3511279225349426,0.0,3
935,7,>100,UQ_8,Ripening,936,34,0.3995547294616699,0.8449228405952454,0.0,1.0,0.15220949053764343,3
935,7,>100,UQ_8,Ripening,936,35,0.3643174171447754,0.8585993051528931,0.371706485748291,0.628293514251709,0.27272728085517883,3
935,7,>100,UQ_8,Ripening,936,36,0.39656123518943787,0.8460846543312073,0.4137299358844757,0.5862700641155243,0.0,3
935,7,>100,UQ_8,Ripening,936,37,0.38517770171165466,0.8505029082298279,0.5547453761100769,0.4452546238899231,0.0,3
935,7,>100,UQ_8,Ripening,936,38,0.419645756483078,0.8371249437332153,0.6748340129852295,0.3251659870147705,0.4267241358757019,3
935,7,>100,UQ_8,Ripening,936,39,0.3863906264305115,0.8500321507453918,0.6971460580825806,0.30285394191741943,0.0,3
935,7,>100,UQ_8,Ripening,936,40,0.4296831488609314,0.8332292437553406,0.7408254146575928,0.2591745853424072,0.2991596758365631,3
935,7,>100,UQ_8,Ripening,936,41,0.4543004035949707,0.8236746788024902,0.6995866298675537,0.3004133701324463,0.15798319876194,3
935,7,>100,UQ_8,Ripening,936,42,0.3870465159416199,0.8497775793075562,0.7801697850227356,0.2198302149772644,0.0,3
935,7,>100,UQ_8,Ripening,936,43,0.41859757900238037,0.8375318050384521,0.7850022315979004,0.2149977684020996,0.0,3
935,7,>100,UQ_8,Ripening,936,44,0.40004080533981323,0.8447341918945312,0.7929306030273438,0.20706939697265625,0.041301626712083817,3
935,7,>100,UQ_8,Ripening,936,45,0.4787245988845825,0.8141950368881226,0.6695713400840759,0.3304286599159241,0.06285714358091354,3
935,7,>100,UQ_8,Ripening,936,46,0.5062835216522217,0.8034986853599548,0.3944151699542999,0.6055848300457001,0.0,3
935,7,>100,UQ_8,Ripening,936,47,0.4654225707054138,0.8193578720092773,0.19895942509174347,0.8010405749082565,0.15322580933570862,3
935,7,>100,UQ_8,Ripening,936,48,0.4723950922489166,0.8166517019271851,0.6725451350212097,0.3274548649787903,0.0,3
935,7,>100,UQ_8,Ripening,936,49,0.3359506130218506,0.8696091771125793,0.8220318555831909,0.17796814441680908,0.03722084313631058,3
935,7,>100,UQ_8,Ripening,936,50,0.3759821653366089,0.8540719151496887,0.7127047181129456,0.28729528188705444,0.04325259476900101,3
935,7,>100,UQ_8,Ripening,936,51,0.3831050395965576,0.8513073921203613,0.7105777263641357,0.28942227363586426,0.007526881527155638,3
935,7,>100,UQ_8,Ripening,936,52,0.41320890188217163,0.8396232724189758,0.6196279525756836,0.3803720474243164,0.0,3
935,7,>100,UQ_8,Ripening,936,53,0.3926270008087158,0.847611665725708,0.6214043498039246,0.37859565019607544,0.0,3
935,7,>100,UQ_8,Ripening,936,54,0.5012704133987427,0.8054444193840027,0.2744033932685852,0.7255966067314148,0.10795454680919647,3
935,7,>100,UQ_8,Ripening,936,55,0.5135554075241089,0.8006762862205505,0.5674362778663635,0.4325637221336365,0.0,3
935,7,>100,UQ_8,Ripening,936,56,0.4574130177497864,0.8224665522575378,0.4219314455986023,0.5780685544013977,0.24813351035118103,3
935,7,>100,UQ_8,Ripening,936,57,0.38267064094543457,0.8514759540557861,0.7640964388847351,0.2359035611152649,0.0,3
935,7,>100,UQ_8,Ripening,936,58,0.29788535833358765,0.8843832015991211,0.7688749432563782,0.23112505674362183,0.13461539149284363,3
935,7,>100,UQ_8,Ripening,936,59,0.34471943974494934,0.8662058115005493,0.8769545555114746,0.12304544448852539,0.0,3
935,7,>100,UQ_8,Ripening,936,60,0.3876972496509552,0.8495250344276428,0.6922666430473328,0.30773335695266724,0.24272212386131287,3
935,7,>100,UQ_8,Ripening,936,61,0.3900076746940613,0.8486282825469971,0.8394147157669067,0.16058528423309326,0.26117247343063354,3
935,7,>100,UQ_8,Ripening,936,62,0.2935624122619629,0.8860610723495483,0.8443098068237305,0.15569019317626953,0.0,3
935,7,>100,UQ_8,Ripening,936,63,0.4624560475349426,0.8205092549324036,0.5332286357879639,0.46677136421203613,0.3692307770252228,3
935,7,>100,UQ_8,Ripening,936,64,0.3995872139930725,0.844910204410553,0.7799997925758362,0.22000020742416382,0.0219512190669775,3
935,7,>100,UQ_8,Ripening,936,65,0.41989657282829285,0.8370276093482971,0.6715064644813538,0.32849353551864624,0.0,3
935,7,>100,UQ_8,Ripening,936,66,0.3969842195510864,0.8459205031394958,0.6988083124160767,0.30119168758392334,0.2824561297893524,3
935,7,>100,UQ_8,Ripening,936,67,0.36277085542678833,0.8591995239257812,0.8235573172569275,0.1764426827430725,0.04753086343407631,3
935,7,>100,UQ_8,Ripening,936,68,0.3169569969177246,0.8769810795783997,0.8033632040023804,0.19663679599761963,0.0,3
935,7,>100,UQ_8,Ripening,936,69,0.34490638971328735,0.8661332130432129,0.765496551990509,0.23450344800949097,0.05189075693488121,3
935,7,>100,UQ_8,Ripening,936,70,0.36964571475982666,0.8565312623977661,0.7676363587379456,0.23236364126205444,0.13722221553325653,3
935,7,>100,UQ_8,Ripening,936,71,0.36225396394729614,0.8594001531600952,0.8166658878326416,0.1833341121673584,0.31274130940437317,3
935,7,>100,UQ_8,Ripening,936,72,0.4012059271335602,0.8442819714546204,0.6286930441856384,0.3713069558143616,0.6153846383094788,3
935,7,>100,UQ_8,Ripening,936,73,0.40696054697036743,0.8420484066009521,0.0,1.0,0.22402597963809967,3
935,7,>100,UQ_8,Ripening,936,74,0.425569623708725,0.8348257541656494,0.7106881141662598,0.28931188583374023,0.0,3
935,7,>100,UQ_8,Ripening,936,75,0.4026326835155487,0.8437281847000122,0.6627944707870483,0.33720552921295166,0.0,3
935,7,>100,UQ_8,Ripening,936,76,0.40631821751594543,0.8422977328300476,0.45726388692855835,0.5427361130714417,0.0,3
935,7,>100,UQ_8,Ripening,936,77,0.3791729211807251,0.8528335094451904,0.7726551294326782,0.22734487056732178,0.13246753811836243,3
935,7,>100,UQ_8,Ripening,936,78,0.4252139925956726,0.8349637985229492,0.6846704483032227,0.31532955169677734,0.0,3
935,7,>100,UQ_8,Ripening,936,79,0.31305384635925293,0.8784959316253662,0.7546066641807556,0.24539333581924438,0.12327416241168976,3
935,7,>100,UQ_8,Ripening,936,80,0.3442153334617615,0.8664014339447021,0.8780139088630676,0.12198609113693237,0.0,3
935,7,>100,UQ_8,Ripening,936,81,0.40603676438331604,0.8424069881439209,0.5292055010795593,0.4707944989204407,0.09749999642372131,3
935,7,>100,UQ_8,Ripening,936,82,0.40225282311439514,0.8438756465911865,0.5287994146347046,0.4712005853652954,0.0,3
935,7,>100,UQ_8,Ripening,936,83,0.39016467332839966,0.8485673666000366,0.7565861940383911,0.2434138059616089,0.06386066973209381,3
935,7,>100,UQ_8,Ripening,936,84,0.5719544887542725,0.7780101299285889,0.4106462597846985,0.5893537402153015,0.28703704476356506,3
935,7,>100,UQ_8,Ripening,936,85,0.3431439697742462,0.8668172359466553,0.7797484993934631,0.22025150060653687,0.0,3
935,7,>100,UQ_8,Ripening,936,86,0.3744773864746094,0.8546559810638428,0.636238157749176,0.363761842250824,0.15019893646240234,3
935,7,>100,UQ_8,Ripening,936,87,0.48538219928741455,0.8116110563278198,0.5878788828849792,0.41212111711502075,0.08441558480262756,3
935,7,>100,UQ_8,Ripening,936,88,0.42791008949279785,0.8339173793792725,0.5630510449409485,0.4369489550590515,0.05280172452330589,3
935,7,>100,UQ_8,Ripening,936,89,0.34064579010009766,0.8677868843078613,0.8480275273323059,0.1519724726676941,0.0,3
935,7,>100,UQ_8,Ripening,936,90,0.3441067934036255,0.8664435148239136,0.8554246425628662,0.1445753574371338,0.034299712628126144,3
935,7,>100,UQ_8,Ripening,936,91,0.436273455619812,0.8306713700294495,0.0,1.0,0.9523809552192688,3
935,7,>100,UQ_8,Ripening,936,92,0.48160499334335327,0.8130770921707153,0.49378761649131775,0.5062123835086823,0.0,3
935,7,>100,UQ_8,Ripening,936,93,0.38268357515335083,0.851470947265625,0.6673764586448669,0.33262354135513306,0.0,3
935,7,>100,UQ_8,Ripening,936,94,0.24941176176071167,0.9031970500946045,0.8568536043167114,0.14314639568328857,0.0,3
935,7,>100,UQ_8,Ripening,936,95,0.3771219849586487,0.8536295294761658,0.6819808483123779,0.31801915168762207,0.0,3
935,7,>100,UQ_8,Ripening,936,96,0.5035415887832642,0.8045629262924194,0.3613395690917969,0.6386604309082031,0.0,3
935,7,>100,UQ_8,Ripening,936,97,0.4102344214916229,0.8407777547836304,0.7763224840164185,0.22367751598358154,0.03448275849223137,3
935,7,>100,UQ_8,Ripening,936,98,0.4411499500274658,0.8287786841392517,0.686768651008606,0.31323134899139404,0.3095238208770752,3
935,7,>100,UQ_8,Ripening,936,99,0.404336154460907,0.8430670499801636,0.6319112777709961,0.3680887222290039,0.0,3
935,7,>100,UQ_8,Ripening,936,100,0.41986674070358276,0.8370392322540283,0.712294340133667,0.287705659866333,0.0,3
935,7,>100,UQ_8,Ripening,936,101,0.4644117057323456,0.819750189781189,0.3057025372982025,0.6942974627017975,0.0,3
935,7,>100,UQ_8,Ripening,936,102,0.43976160883903503,0.8293175101280212,0.2239173799753189,0.7760826200246811,0.0,3
935,7,>100,UQ_8,Ripening,936,103,0.4285133481025696,0.8336832523345947,0.19791768491268158,0.8020823150873184,0.08213166147470474,3
935,7,>100,UQ_8,Ripening,936,104,0.4521738886833191,0.8245000243186951,0.3242148160934448,0.6757851839065552,0.09732620418071747,3
935,7,>100,UQ_8,Ripening,936,105,0.4470541477203369,0.826487123966217,0.1480926275253296,0.8519073724746704,0.0,3
935,7,>100,UQ_8,Ripening,936,106,0.3778613805770874,0.8533425331115723,0.21253183484077454,0.7874681651592255,0.24285714328289032,3
935,7,>100,UQ_8,Ripening,936,107,0.42505183815956116,0.835026741027832,0.5113876461982727,0.4886123538017273,0.02604166604578495,3
935,7,>100,UQ_8,Ripening,936,108,0.479286789894104,0.8139768242835999,0.3964497447013855,0.6035502552986145,0.28828829526901245,3
935,7,>100,UQ_8,Ripening,936,109,0.4518004357814789,0.824644923210144,0.3981226086616516,0.6018773913383484,0.0,3
935,7,>100,UQ_8,Ripening,936,110,0.4537784457206726,0.823877215385437,0.7641311883926392,0.23586881160736084,0.2750917971134186,3
935,7,>100,UQ_8,Ripening,936,111,0.4238559305667877,0.8354909420013428,0.7755261659622192,0.22447383403778076,0.421875,3
935,7,>100,UQ_8,Ripening,936,112,0.36252421140670776,0.8592953085899353,0.37915095686912537,0.6208490431308746,0.38642898201942444,3
935,7,>100,UQ_8,Ripening,936,113,0.47027507424354553,0.8174744844436646,0.6229314208030701,0.37706857919692993,0.40689656138420105,3
935,7,>100,UQ_8,Ripening,936,114,0.40067142248153687,0.8444893956184387,0.3425309360027313,0.6574690639972687,0.7512019276618958,3
935,7,>100,UQ_8,Ripening,936,115,0.46129512786865234,0.8209598064422607,0.03388078138232231,0.9661192186176777,0.3333333432674408,3
935,7,>100,UQ_8,Ripening,936,116,0.5822204947471619,0.7740256786346436,0.0,1.0,0.0,3
935,7,>100,UQ_8,Ripening,936,117,0.4658699929714203,0.8191841840744019,0.6024461984634399,0.39755380153656006,0.009167303331196308,3
935,7,>100,UQ_8,Ripening,936,118,0.5746676325798035,0.7769571542739868,0.4950210154056549,0.5049789845943451,0.1680440753698349,3
935,7,>100,UQ_8,Ripening,936,119,0.4424268901348114,0.8282830715179443,0.32475998997688293,0.6752400100231171,0.5150375962257385,3
935,7,>100,UQ_8,Ripening,936,120,0.44055506587028503,0.8290095329284668,0.0,1.0,0.4444444477558136,3
935,7,>100,UQ_8,Ripening,936,121,0.4208035469055176,0.8366756439208984,0.8549652099609375,0.1450347900390625,0.0,3
935,7,>100,UQ_8,Ripening,936,122,0.4643632173538208,0.819769024848938,0.07787123322486877,0.9221287667751312,0.30213463306427,3
935,7,>100,UQ_8,Ripening,936,123,0.47679421305656433,0.8149442672729492,0.1853283792734146,0.8146716207265854,0.20776119828224182,3
935,7,>100,UQ_8,Ripening,936,124,0.40199747681617737,0.8439747095108032,0.8104417324066162,0.1895582675933838,0.2549261152744293,3
935,7,>100,UQ_8,Ripening,936,125,0.419244647026062,0.8372806906700134,0.00103776587639004,0.99896223412361,0.30434781312942505,3
935,7,>100,UQ_8,Ripening,936,126,0.44254985451698303,0.8282353281974792,0.1082562655210495,0.8917437344789505,0.0714285746216774,3
800,28,80-100,UQ_10,Filling-Ripening,801,0,0.38449835777282715,0.8507665395736694,0.5988103151321411,0.4011896848678589,0.0,4
800,28,80-100,UQ_10,Filling-Ripening,801,1,0.40070369839668274,0.8444768786430359,0.6449722051620483,0.35502779483795166,0.0,4
800,28,80-100,UQ_10,Filling-Ripening,801,2,0.3697625398635864,0.856485903263092,0.7858380675315857,0.2141619324684143,0.3333333432674408,4
800,28,80-100,UQ_10,Filling-Ripening,801,3,0.37666285037994385,0.8538077473640442,0.7978997230529785,0.20210027694702148,0.15584415197372437,4
800,28,80-100,UQ_10,Filling-Ripening,801,4,0.33478936553001404,0.8700598478317261,0.7562634944915771,0.24373650550842285,0.0,4
800,28,80-100,UQ_10,Filling-Ripening,801,5,0.3600766658782959,0.8602452278137207,0.7460724711418152,0.2539275288581848,0.0,4
800,28,80-100,UQ_10,Filling-Ripening,801,6,0.3419720530509949,0.867272138595581,0.6432412266731262,0.3567587733268738,0.010147133842110634,4
800,28,80-100,UQ_10,Filling-Ripening,801,7,0.39635908603668213,0.8461631536483765,0.5672718286514282,0.4327281713485718,0.07102272659540176,4
800,28,80-100,UQ_10,Filling-Ripening,801,8,0.44930702447891235,0.8256127238273621,0.7067394852638245,0.29326051473617554,0.0,4
800,28,80-100,UQ_10,Filling-Ripening,801,9,0.44276657700538635,0.8281512260437012,0.6114277839660645,0.38857221603393555,0.0,4
800,28,80-100,UQ_10,Filling-Ripening,801,10,0.4042176902294159,0.8431130051612854,0.6273900866508484,0.3726099133491516,0.0,4
800,28,80-100,UQ_10,Filling-Ripening,801,11,0.47954297065734863,0.8138774037361145,0.48799923062324524,0.5120007693767548,0.24253731966018677,4
800,28,80-100,UQ_10,Filling-Ripening,801,12,0.4777382016181946,0.8145778775215149,0.7950390577316284,0.20496094226837158,0.3861892521381378,4
800,28,80-100,UQ_10,Filling-Ripening,801,13,0.38663455843925476,0.8499374389648438,0.6148828268051147,0.38511717319488525,0.07219770550727844,4
800,28,80-100,UQ_10,Filling-Ripening,801,14,0.3920126259326935,0.8478500843048096,0.6658228039741516,0.3341771960258484,0.0,4
800,28,80-100,UQ_10,Filling-Ripening,801,15,0.3847714066505432,0.8506605625152588,0.8352463245391846,0.16475367546081543,0.04162896052002907,4
800,28,80-100,UQ_10,Filling-Ripening,801,16,0.4237203598022461,0.8355435132980347,0.6854438781738281,0.3145561218261719,0.021553197875618935,4
800,28,80-100,UQ_10,Filling-Ripening,801,17,0.4812111258506775,0.8132299184799194,0.19563281536102295,0.804367184638977,0.0,4
800,28,80-100,UQ_10,Filling-Ripening,801,18,0.4498026371002197,0.8254203796386719,0.8306875824928284,0.16931241750717163,0.19655172526836395,4
800,28,80-100,UQ_10,Filling-Ripening,801,19,0.46296608448028564,0.8203113079071045,0.8778181076049805,0.12218189239501953,0.0,4
800,28,80-100,UQ_10,Filling-Ripening,801,20,0.3862956464290619,0.850068986415863,0.8278868198394775,0.17211318016052246,0.45085909962654114,4
800,28,80-100,UQ_10,Filling-Ripening,801,21,0.49948447942733765,0.8061375617980957,0.6968592405319214,0.3031407594680786,0.0,4
800,28,80-100,UQ_10,Filling-Ripening,801,22,0.4848167896270752,0.811830461025238,0.8217377066612244,0.17826229333877563,0.18719211220741272,4
800,28,80-100,UQ_10,Filling-Ripening,801,23,0.4733806550502777,0.8162690997123718,0.5951075553894043,0.4048924446105957,0.3604651093482971,4
800,28,80-100,UQ_10,Filling-Ripening,801,24,0.39201176166534424,0.8478504419326782,0.7149450778961182,0.28505492210388184,0.30519479513168335,4
800,28,80-100,UQ_10,Filling-Ripening,801,25,0.37864649295806885,0.8530378341674805,0.7718707919120789,0.22812920808792114,0.0,4
800,28,80-100,UQ_10,Filling-Ripening,801,26,0.37688517570495605,0.8537214398384094,0.6617239117622375,0.33827608823776245,0.015124017372727394,4
800,28,80-100,UQ_10,Filling-Ripening,801,27,0.397068053483963,0.8458879590034485,0.7964950203895569,0.20350497961044312,0.0,4
800,28,80-100,UQ_10,Filling-Ripening,801,28,0.35419583320617676,0.8625277280807495,0.7882675528526306,0.21173244714736938,0.03787878900766373,4
800,28,80-100,UQ_10,Filling-Ripening,801,29,0.40594422817230225,0.8424428701400757,0.6706803441047668,0.32931965589523315,0.16883116960525513,4
800,28,80-100,UQ_10,Filling-Ripening,801,30,0.4101051688194275,0.8408279418945312,0.6504957675933838,0.3495042324066162,0.09020408242940903,4
800,28,80-100,UQ_10,Filling-Ripening,801,31,0.3873836398124695,0.8496466875076294,0.7634395956993103,0.2365604043006897,0.0,4
800,28,80-100,UQ_10,Filling-Ripening,801,32,0.3898795247077942,0.8486779928207397,0.43712317943573,0.56287682056427,0.0,4
800,28,80-100,UQ_10,Filling-Ripening,801,33,0.42996537685394287,0.8331196904182434,0.7672613859176636,0.23273861408233643,0.03315649926662445,4
800,28,80-100,UQ_10,Filling-Ripening,801,34,0.38394808769226074,0.8509801626205444,0.5801265835762024,0.4198734164237976,0.027100270614027977,4
800,28,80-100,UQ_10,Filling-Ripening,801,35,0.3561241626739502,0.8617793321609497,0.4583381414413452,0.5416618585586548,0.1582653820514679,4
800,28,80-100,UQ_10,Filling-Ripening,801,36,0.49207350611686707,0.8090139627456665,0.541231632232666,0.458768367767334,0.20000000298023224,4
800,28,80-100,UQ_10,Filling-Ripening,801,37,0.39014381170272827,0.8485754132270813,0.6346729397773743,0.36532706022262573,0.0043290043249726295,4
800,28,80-100,UQ_10,Filling-Ripening,801,38,0.3411232829093933,0.8676015138626099,0.7686688303947449,0.23133116960525513,0.0,4
800,28,80-100,UQ_10,Filling-Ripening,801,39,0.44521862268447876,0.8271995186805725,0.5802381634712219,0.4197618365287781,0.21052631735801697,4
800,28,80-100,UQ_10,Filling-Ripening,801,40,0.33548498153686523,0.8697898983955383,0.7728385925292969,0.22716140747070312,0.06110711768269539,4
800,28,80-100,UQ_10,Filling-Ripening,801,41,0.40162503719329834,0.8441193103790283,0.724704921245575,0.27529507875442505,0.0,4
800,28,80-100,UQ_10,Filling-Ripening,801,42,0.4969579875469208,0.8071181774139404,0.6594948172569275,0.3405051827430725,0.06878306716680527,4
800,28,80-100,UQ_10,Filling-Ripening,801,43,0.4396371841430664,0.8293658494949341,0.5805478692054749,0.41945213079452515,0.16403542459011078,4
800,28,80-100,UQ_10,Filling-Ripening,801,44,0.37891024351119995,0.8529354333877563,0.7636653184890747,0.2363346815109253,0.11618515104055405,4
800,28,80-100,UQ_10,Filling-Ripening,801,45,0.4275485873222351,0.8340576887130737,0.5849343538284302,0.4150656461715698,0.0,4
800,28,80-100,UQ_10,Filling-Ripening,801,46,0.36494022607803345,0.8583575487136841,0.5724167823791504,0.4275832176208496,0.03546099364757538,4
800,28,80-100,UQ_10,Filling-Ripening,801,47,0.4753965437412262,0.81548672914505,0.6505614519119263,0.34943854808807373,0.09433962404727936,4
800,28,80-100,UQ_10,Filling-Ripening,801,48,0.3476024866104126,0.8650867938995361,0.8441520929336548,0.15584790706634521,0.0,4
800,28,80-100,UQ_10,Filling-Ripening,801,49,0.35488566756248474,0.8622599840164185,0.7936256527900696,0.20637434720993042,0.01688951440155506,4
800,28,80-100,UQ_10,Filling-Ripening,801,50,0.4447348415851593,0.8273873329162598,0.7516517639160156,0.24834823608398438,0.1816255748271942,4
800,28,80-100,UQ_10,Filling-Ripening,801,51,0.44250112771987915,0.828254222869873,0.4075239598751068,0.5924760401248932,0.2757544219493866,4
800,28,80-100,UQ_10,Filling-Ripening,801,52,0.44564712047576904,0.8270332217216492,0.6781231164932251,0.3218768835067749,0.08355698734521866,4
800,28,80-100,UQ_10,Filling-Ripening,801,53,0.48200058937072754,0.8129235506057739,0.6816617250442505,0.3183382749557495,0.0,4
800,28,80-100,UQ_10,Filling-Ripening,801,54,0.41426408290863037,0.8392137289047241,0.6595695614814758,0.34043043851852417,0.0,4
800,28,80-100,UQ_10,Filling-Ripening,801,55,0.4056296944618225,0.8425649404525757,0.7152867913246155,0.2847132086753845,0.0,4
800,28,80-100,UQ_10,Filling-Ripening,801,56,0.39047324657440186,0.8484475612640381,0.6882164478302002,0.3117835521697998,0.0,4
800,28,80-100,UQ_10,Filling-Ripening,801,57,0.40756678581237793,0.8418131470680237,0.6568893790245056,0.3431106209754944,0.02015574835240841,4
800,28,80-100,UQ_10,Filling-Ripening,801,58,0.4363759160041809,0.8306316137313843,0.7307238578796387,0.26927614212036133,0.03703703731298447,4
800,28,80-100,UQ_10,Filling-Ripening,801,59,0.35735440254211426,0.861301839351654,0.7673178911209106,0.23268210887908936,0.0,4
800,28,80-100,UQ_10,Filling-Ripening,801,60,0.43228965997695923,0.8322175741195679,0.719327449798584,0.280672550201416,0.0,4
800,28,80-100,UQ_10,Filling-Ripening,801,61,0.4644765257835388,0.8197250366210938,0.8360065817832947,0.16399341821670532,0.7413793206214905,4
800,28,80-100,UQ_10,Filling-Ripening,801,62,0.37762123346328735,0.853435754776001,0.7339928150177002,0.2660071849822998,0.3892168402671814,4
800,28,80-100,UQ_10,Filling-Ripening,801,63,0.35769349336624146,0.86117023229599,0.6589440107345581,0.3410559892654419,0.0,4
800,28,80-100,UQ_10,Filling-Ripening,801,64,0.3149116039276123,0.8777749538421631,0.8107302784919739,0.18926972150802612,0.005153576377779245,4
800,28,80-100,UQ_10,Filling-Ripening,801,65,0.332882821559906,0.8707998394966125,0.7376051545143127,0.26239484548568726,0.0,4
800,28,80-100,UQ_10,Filling-Ripening,801,66,0.3690948784351349,0.8567450642585754,0.7925965785980225,0.20740342140197754,0.0,4
800,28,80-100,UQ_10,Filling-Ripening,801,67,0.4117559492588043,0.8401872515678406,0.32491254806518555,0.6750874519348145,0.38701921701431274,4
800,28,80-100,UQ_10,Filling-Ripening,801,68,0.42077767848968506,0.8366856575012207,0.6726182103157043,0.32738178968429565,0.047204967588186264,4
800,28,80-100,UQ_10,Filling-Ripening,801,69,0.424817830324173,0.8351175785064697,0.4613465964794159,0.5386534035205841,0.0,4
800,28,80-100,UQ_10,Filling-Ripening,801,70,0.41972634196281433,0.837093710899353,0.8258605599403381,0.17413944005966187,0.2371794879436493,4
800,28,80-100,UQ_10,Filling-Ripening,801,71,0.3950434923171997,0.8466737270355225,0.6898373961448669,0.31016260385513306,0.1897321492433548,4
800,28,80-100,UQ_10,Filling-Ripening,801,72,0.5941542387008667,0.7693939208984375,0.5273840427398682,0.47261595726013184,0.2956567108631134,4
800,28,80-100,UQ_10,Filling-Ripening,801,73,0.3602672815322876,0.8601712584495544,0.5863180160522461,0.4136819839477539,0.07741378992795944,4
800,28,80-100,UQ_10,Filling-Ripening,801,74,0.4968436360359192,0.8071625828742981,0.501747727394104,0.498252272605896,0.09125865250825882,4
800,28,80-100,UQ_10,Filling-Ripening,801,75,0.39474737644195557,0.8467886447906494,0.5384079217910767,0.46159207820892334,0.38175949454307556,4
800,28,80-100,UQ_10,Filling-Ripening,801,76,0.53273606300354,0.7932318449020386,0.7051993012428284,0.29480069875717163,0.3333333432674408,4
800,28,80-100,UQ_10,Filling-Ripening,801,77,0.44629302620887756,0.8267825245857239,0.5537826418876648,0.4462173581123352,0.0,4
800,28,80-100,UQ_10,Filling-Ripening,801,78,0.5623056888580322,0.7817550897598267,0.3557761311531067,0.6442238688468933,0.5227272510528564,4
800,28,80-100,UQ_10,Filling-Ripening,801,79,0.4345753788948059,0.831330418586731,0.0,1.0,0.0,4
800,28,80-100,UQ_10,Filling-Ripening,801,80,0.435173362493515,0.8310983180999756,0.3990303575992584,0.6009696424007416,0.0,4
800,28,80-100,UQ_10,Filling-Ripening,801,81,0.4351711869239807,0.8310991525650024,0.6620907187461853,0.3379092812538147,0.18518517911434174,4
800,28,80-100,UQ_10,Filling-Ripening,801,82,0.45193731784820557,0.8245918154716492,0.8222887516021729,0.17771124839782715,0.2863541841506958,4
800,28,80-100,UQ_10,Filling-Ripening,801,83,0.43052858114242554,0.832901120185852,0.289178729057312,0.710821270942688,0.1135135143995285,4
800,28,80-100,UQ_10,Filling-Ripening,801,84,0.42364293336868286,0.8355735540390015,0.0006281540845520794,0.9993718459154479,0.0,4
800,28,80-100,UQ_10,Filling-Ripening,801,85,0.38930389285087585,0.8489013910293579,0.7641220688819885,0.23587793111801147,0.1735449731349945,4
800,28,80-100,UQ_10,Filling-Ripening,801,86,0.42660054564476013,0.834425687789917,0.0,1.0,0.0,4
800,28,80-100,UQ_10,Filling-Ripening,801,87,0.4134000539779663,0.8395491242408752,0.2881726622581482,0.7118273377418518,0.5,4
800,28,80-100,UQ_10,Filling-Ripening,801,88,0.38617876172065735,0.8501143455505371,0.051834844052791595,0.9481651559472084,0.2907407283782959,4
800,28,80-100,UQ_10,Filling-Ripening,801,89,0.5118666887283325,0.8013317584991455,0.7842304706573486,0.21576952934265137,0.16515837609767914,4
843,68,50-60,Ukyoto_1,Post-Flowering,844,0,0.40007251501083374,0.8447218537330627,0.0,1.0,0.0,5
843,68,50-60,Ukyoto_1,Post-Flowering,844,1,0.33201175928115845,0.8711379766464233,0.911934494972229,0.088065505027771,0.0,5
843,68,50-60,Ukyoto_1,Post-Flowering,844,2,0.3841933608055115,0.8508849143981934,0.859431266784668,0.14056873321533203,0.7906976938247681,5
843,68,50-60,Ukyoto_1,Post-Flowering,844,3,0.30905646085739136,0.8800474405288696,0.7281500101089478,0.27184998989105225,0.3380116820335388,5
843,68,50-60,Ukyoto_1,Post-Flowering,844,4,0.44628041982650757,0.8267874121665955,0.041670601814985275,0.9583293981850147,0.5737704634666443,5
843,68,50-60,Ukyoto_1,Post-Flowering,844,5,0.353996604681015,0.862605094909668,0.6688097715377808,0.33119022846221924,0.013338778167963028,5
843,68,50-60,Ukyoto_1,Post-Flowering,844,6,0.5189859867095947,0.7985685467720032,0.3936595618724823,0.6063404381275177,0.915830671787262,5
843,68,50-60,Ukyoto_1,Post-Flowering,844,7,0.47496700286865234,0.8156534433364868,0.6950646638870239,0.3049353361129761,0.07220496982336044,5
843,68,50-60,Ukyoto_1,Post-Flowering,844,8,0.45260894298553467,0.8243311643600464,0.0,1.0,0.5600000023841858,5
843,68,50-60,Ukyoto_1,Post-Flowering,844,9,0.3729766011238098,0.8552384376525879,0.0,1.0,0.3156498670578003,5
843,68,50-60,Ukyoto_1,Post-Flowering,844,10,0.3365612030029297,0.8693721890449524,0.6475325226783752,0.35246747732162476,0.22660303115844727,5
843,68,50-60,Ukyoto_1,Post-Flowering,844,11,0.47379302978515625,0.8161090612411499,0.05885959789156914,0.9411404021084309,0.2552594542503357,5
843,68,50-60,Ukyoto_1,Post-Flowering,844,12,0.3861795663833618,0.8501140475273132,0.824795126914978,0.17520487308502197,0.0,5
843,68,50-60,Ukyoto_1,Post-Flowering,844,13,0.39731889963150024,0.8457906246185303,0.7212368249893188,0.27876317501068115,0.0,5
843,68,50-60,Ukyoto_1,Post-Flowering,844,14,0.4455180764198303,0.8270832896232605,0.4377322494983673,0.5622677505016327,0.0,5
843,68,50-60,Ukyoto_1,Post-Flowering,844,15,0.31888335943222046,0.8762333989143372,0.9594584107398987,0.04054158926010132,0.0,5
843,68,50-60,Ukyoto_1,Post-Flowering,844,16,0.4948326349258423,0.8079431056976318,0.7190737128257751,0.28092628717422485,0.4680851101875305,5
843,68,50-60,Ukyoto_1,Post-Flowering,844,17,0.4683845639228821,0.8182082176208496,0.5144618153572083,0.48553818464279175,0.5522088408470154,5
843,68,50-60,Ukyoto_1,Post-Flowering,844,18,0.38203153014183044,0.8517240285873413,0.26516643166542053,0.7348335683345795,0.008333333767950535,5
843,68,50-60,Ukyoto_1,Post-Flowering,844,19,0.4237390160560608,0.8355363011360168,0.23561881482601166,0.7643811851739883,0.015473888255655766,5
843,68,50-60,Ukyoto_1,Post-Flowering,844,20,0.44440144300460815,0.8275166749954224,0.39088675379753113,0.6091132462024689,0.13019078969955444,5
843,68,50-60,Ukyoto_1,Post-Flowering,844,21,0.46795493364334106,0.8183749914169312,0.0043630958534777164,0.9956369041465223,0.28622540831565857,5
843,68,50-60,Ukyoto_1,Post-Flowering,844,22,0.43100035190582275,0.832718014717102,0.6819016933441162,0.3180983066558838,0.24176646769046783,5
843,68,50-60,Ukyoto_1,Post-Flowering,844,23,0.37047919631004333,0.8562077283859253,0.3474937081336975,0.6525062918663025,0.15867003798484802,5
843,68,50-60,Ukyoto_1,Post-Flowering,844,24,0.37822121381759644,0.8532028794288635,0.3507024943828583,0.6492975056171417,0.09559512883424759,5
843,68,50-60,Ukyoto_1,Post-Flowering,844,25,0.42272263765335083,0.8359307646751404,0.6465043425559998,0.35349565744400024,0.20000000298023224,5
843,68,50-60,Ukyoto_1,Post-Flowering,844,26,0.4096417725086212,0.8410078287124634,0.031826406717300415,0.9681735932826996,0.2222222238779068,5
843,68,50-60,Ukyoto_1,Post-Flowering,844,27,0.3939320743083954,0.847105085849762,0.5468744039535522,0.45312559604644775,0.2432432472705841,5
843,68,50-60,Ukyoto_1,Post-Flowering,844,28,0.37922796607017517,0.8528121113777161,0.5853518843650818,0.4146481156349182,0.00532800517976284,5
843,68,50-60,Ukyoto_1,Post-Flowering,844,29,0.3659471273422241,0.8579667806625366,0.5533370971679688,0.44666290283203125,0.009685230441391468,5
843,68,50-60,Ukyoto_1,Post-Flowering,844,30,0.36974817514419556,0.8564915060997009,0.8376926183700562,0.16230738162994385,0.18902438879013062,5
843,68,50-60,Ukyoto_1,Post-Flowering,844,31,0.35915517807006836,0.8606029152870178,0.7082516551017761,0.2917483448982239,0.22802942991256714,5
843,68,50-60,Ukyoto_1,Post-Flowering,844,32,0.34211447834968567,0.8672168254852295,0.654789924621582,0.34521007537841797,0.0,5
843,68,50-60,Ukyoto_1,Post-Flowering,844,33,0.41100481152534485,0.840478777885437,0.6692082285881042,0.33079177141189575,0.0,5
843,68,50-60,Ukyoto_1,Post-Flowering,844,34,0.3601486086845398,0.8602173328399658,0.763761043548584,0.23623895645141602,0.0,5
843,68,50-60,Ukyoto_1,Post-Flowering,844,35,0.4715440273284912,0.8169819712638855,0.7605748772621155,0.23942512273788452,0.0,5
843,68,50-60,Ukyoto_1,Post-Flowering,844,36,0.33883893489837646,0.8684881329536438,0.780672550201416,0.21932744979858398,0.0,5
843,68,50-60,Ukyoto_1,Post-Flowering,844,37,0.3003096580505371,0.8834422826766968,0.9089129567146301,0.09108704328536987,0.0,5
843,68,50-60,Ukyoto_1,Post-Flowering,844,38,0.41446298360824585,0.83913654088974,0.49358823895454407,0.5064117610454559,0.1825396865606308,5
843,68,50-60,Ukyoto_1,Post-Flowering,844,39,0.34537211060523987,0.8659524917602539,0.8562037944793701,0.14379620552062988,0.13268433511257172,5
843,68,50-60,Ukyoto_1,Post-Flowering,844,40,0.4393104016780853,0.8294926285743713,0.6354923248291016,0.36450767517089844,0.0,5
843,68,50-60,Ukyoto_1,Post-Flowering,844,41,0.36425095796585083,0.8586251139640808,0.15192025899887085,0.8480797410011292,0.0,5
843,68,50-60,Ukyoto_1,Post-Flowering,844,42,0.38908955454826355,0.8489845991134644,0.6407490372657776,0.3592509627342224,0.2277039885520935,5
843,68,50-60,Ukyoto_1,Post-Flowering,844,43,0.5380691885948181,0.7911618947982788,0.26241356134414673,0.7375864386558533,0.2150537669658661,5
843,68,50-60,Ukyoto_1,Post-Flowering,844,44,0.46172860264778137,0.8207916021347046,0.36258596181869507,0.6374140381813049,0.1271008402109146,5
843,68,50-60,Ukyoto_1,Post-Flowering,844,45,0.3751102089881897,0.8544103503227234,0.34174081683158875,0.6582591831684113,0.2435973733663559,5
843,68,50-60,Ukyoto_1,Post-Flowering,844,46,0.5144398808479309,0.8003330230712891,0.75461345911026,0.24538654088974,0.0,5
843,68,50-60,Ukyoto_1,Post-Flowering,844,47,0.41152480244636536,0.8402769565582275,0.0,1.0,0.0,5
843,68,50-60,Ukyoto_1,Post-Flowering,844,48,0.376600444316864,0.853831946849823,0.8731086850166321,0.12689131498336792,0.20835034549236298,5
843,68,50-60,Ukyoto_1,Post-Flowering,844,49,0.42794981598854065,0.8339020013809204,0.7687286138534546,0.2312713861465454,0.239130437374115,5
843,68,50-60,Ukyoto_1,Post-Flowering,844,50,0.3394317030906677,0.8682580590248108,0.8082369565963745,0.1917630434036255,0.12582582235336304,5
843,68,50-60,Ukyoto_1,Post-Flowering,844,51,0.3595278859138489,0.860458254814148,0.6643878221511841,0.3356121778488159,0.2542087435722351,5
843,68,50-60,Ukyoto_1,Post-Flowering,844,52,0.4479922354221344,0.8261229991912842,0.47190725803375244,0.5280927419662476,0.5249999761581421,5
843,68,50-60,Ukyoto_1,Post-Flowering,844,53,0.34982311725616455,0.864224910736084,0.7521235346794128,0.24787646532058716,0.0,5
843,68,50-60,Ukyoto_1,Post-Flowering,844,54,0.4717414975166321,0.8169053196907043,0.29748857021331787,0.7025114297866821,0.0,5
843,68,50-60,Ukyoto_1,Post-Flowering,844,55,0.4189593493938446,0.8373913764953613,0.8062125444412231,0.19378745555877686,0.08484848588705063,5
843,68,50-60,Ukyoto_1,Post-Flowering,844,56,0.5166493654251099,0.7994754314422607,0.26229366660118103,0.737706333398819,0.3527851402759552,5
159,46,20-30,NAU_2,Post-Flowering,160,0,0.29991450905799866,0.8835957050323486,0.8687314987182617,0.13126850128173828,0.0,6
159,46,20-30,NAU_2,Post-Flowering,160,1,0.3526158630847931,0.8631409406661987,0.7456890344619751,0.2543109655380249,0.0,6
159,46,20-30,NAU_2,Post-Flowering,160,2,0.37686386704444885,0.8537297248840332,0.7164263725280762,0.28357362747192383,0.0,6
159,46,20-30,NAU_2,Post-Flowering,160,3,0.3122820258140564,0.8787955045700073,0.8024924993515015,0.19750750064849854,0.0,6
159,46,20-30,NAU_2,Post-Flowering,160,4,0.4125720262527466,0.8398704528808594,0.6340638399124146,0.36593616008758545,0.02538902498781681,6
159,46,20-30,NAU_2,Post-Flowering,160,5,0.38677704334259033,0.8498821258544922,0.7173064351081848,0.2826935648918152,0.08668242394924164,6
159,46,20-30,NAU_2,Post-Flowering,160,6,0.3978971540927887,0.8455661535263062,0.6839062571525574,0.3160937428474426,0.0,6
159,46,20-30,NAU_2,Post-Flowering,160,7,0.5250091552734375,0.7962307929992676,0.5643470287322998,0.4356529712677002,0.0,6
159,46,20-30,NAU_2,Post-Flowering,160,8,0.3410101532936096,0.8676454424858093,0.8158462643623352,0.1841537356376648,0.0,6
159,46,20-30,NAU_2,Post-Flowering,160,9,0.3638994097709656,0.8587615489959717,0.7332199811935425,0.2667800188064575,0.10113636404275894,6
159,46,20-30,NAU_2,Post-Flowering,160,10,0.376789927482605,0.8537583947181702,0.6701518893241882,0.32984811067581177,0.0,6
159,46,20-30,NAU_2,Post-Flowering,160,11,0.34564927220344543,0.8658448457717896,0.8031147122383118,0.19688528776168823,0.0,6
159,46,20-30,NAU_2,Post-Flowering,160,12,0.441299170255661,0.82872074842453,0.32669147849082947,0.6733085215091705,0.0,6
159,46,20-30,NAU_2,Post-Flowering,160,13,0.44169509410858154,0.8285670876502991,0.8704405426979065,0.1295594573020935,0.021276595070958138,6
159,46,20-30,NAU_2,Post-Flowering,160,14,0.33794134855270386,0.868836522102356,0.892767071723938,0.10723292827606201,0.0,6
159,46,20-30,NAU_2,Post-Flowering,160,15,0.4532807171344757,0.8240704536437988,0.8965941667556763,0.10340583324432373,0.18908068537712097,6
159,46,20-30,NAU_2,Post-Flowering,160,16,0.4048292934894562,0.8428756594657898,0.0,1.0,0.5916795134544373,6
159,46,20-30,NAU_2,Post-Flowering,160,17,0.33788979053497314,0.8688565492630005,0.0,1.0,0.0,6
159,46,20-30,NAU_2,Post-Flowering,160,18,0.4213584363460541,0.8364602327346802,0.7355021238327026,0.26449787616729736,0.0,6
159,46,20-30,NAU_2,Post-Flowering,160,19,0.35469284653663635,0.8623348474502563,0.41648781299591064,0.5835121870040894,0.019955653697252274,6
159,46,20-30,NAU_2,Post-Flowering,160,20,0.4647577106952667,0.8196159601211548,0.7236367464065552,0.2763632535934448,0.29835718870162964,6
758,31,40-50,NAU_3,Filling,759,0,0.29966849088668823,0.8836911916732788,0.8032916188240051,0.19670838117599487,0.0,7
758,31,40-50,NAU_3,Filling,759,1,0.3546305000782013,0.8623590469360352,0.7301627993583679,0.2698372006416321,0.0,7
758,31,40-50,NAU_3,Filling,759,2,0.3215906620025635,0.8751826286315918,0.71394282579422,0.28605717420578003,0.0,7
758,31,40-50,NAU_3,Filling,759,3,0.3829376995563507,0.8513723015785217,0.62464439868927,0.37535560131073,0.0,7
758,31,40-50,NAU_3,Filling,759,4,0.3395288586616516,0.868220329284668,0.825118899345398,0.17488110065460205,0.2361832708120346,7
758,31,40-50,NAU_3,Filling,759,5,0.4446970820426941,0.8274019360542297,0.5240364074707031,0.4759635925292969,0.730182945728302,7
758,31,40-50,NAU_3,Filling,759,6,0.30384862422943115,0.8820687532424927,0.9018863439559937,0.09811365604400635,0.13334746658802032,7
758,31,40-50,NAU_3,Filling,759,7,0.25926798582077026,0.8993716239929199,0.879307746887207,0.12069225311279297,0.0,7
758,31,40-50,NAU_3,Filling,759,8,0.3794191777706146,0.8527379035949707,0.6403914093971252,0.35960859060287476,0.0,7
758,31,40-50,NAU_3,Filling,759,9,0.3505053222179413,0.8639601469039917,0.7708900570869446,0.22910994291305542,0.0,7
758,31,40-50,NAU_3,Filling,759,10,0.3419194519519806,0.8672925233840942,0.8285173773765564,0.1714826226234436,0.0,7
758,31,40-50,NAU_3,Filling,759,11,0.3263893127441406,0.8733201026916504,0.8613900542259216,0.13860994577407837,0.0,7
758,31,40-50,NAU_3,Filling,759,12,0.35115551948547363,0.8637077808380127,0.8030111789703369,0.19698882102966309,0.07381676137447357,7
758,31,40-50,NAU_3,Filling,759,13,0.3229687213897705,0.8746477365493774,0.910152792930603,0.08984720706939697,0.030531609430909157,7
758,31,40-50,NAU_3,Filling,759,14,0.354414165019989,0.8624429702758789,0.6563761234283447,0.3436238765716553,0.0,7
758,31,40-50,NAU_3,Filling,759,15,0.39792656898498535,0.845554769039154,0.8349241614341736,0.16507583856582642,0.0,7
758,31,40-50,NAU_3,Filling,759,16,0.3976525366306305,0.8456611037254333,0.5174839496612549,0.4825160503387451,0.0,7
758,31,40-50,NAU_3,Filling,759,17,0.36608314514160156,0.8579139709472656,0.8308362364768982,0.1691637635231018,0.09940174967050552,7
758,31,40-50,NAU_3,Filling,759,18,0.3601591885089874,0.8602132201194763,0.9353341460227966,0.06466585397720337,0.07758620381355286,7
758,31,40-50,NAU_3,Filling,759,19,0.3030368983745575,0.8823838233947754,0.8973472714424133,0.10265272855758667,0.0,7
758,31,40-50,NAU_3,Filling,759,20,0.3756107687950134,0.8542160987854004,0.7231350541114807,0.2768649458885193,0.0,7
758,31,40-50,NAU_3,Filling,759,21,0.31041425466537476,0.8795204758644104,0.8305238485336304,0.16947615146636963,0.0,7
758,31,40-50,NAU_3,Filling,759,22,0.42566975951194763,0.8347868919372559,0.5210639238357544,0.4789360761642456,0.02612612582743168,7
758,31,40-50,NAU_3,Filling,759,23,0.3393811583518982,0.8682776689529419,0.4490322470664978,0.5509677529335022,0.0,7
758,31,40-50,NAU_3,Filling,759,24,0.3508068919181824,0.8638430833816528,0.7361164093017578,0.2638835906982422,0.02222222276031971,7
758,31,40-50,NAU_3,Filling,759,25,0.33196067810058594,0.8711577653884888,0.762088418006897,0.23791158199310303,0.0,7
758,31,40-50,NAU_3,Filling,759,26,0.37505194544792175,0.8544329404830933,0.5361914038658142,0.4638085961341858,0.0,7
758,31,40-50,NAU_3,Filling,759,27,0.30122488737106323,0.8830870985984802,0.8610974550247192,0.13890254497528076,0.0,7
758,31,40-50,NAU_3,Filling,759,28,0.31224632263183594,0.87880939245224,0.8742462992668152,0.12575370073318481,0.0,7
758,31,40-50,NAU_3,Filling,759,29,0.2974715828895569,0.8845438361167908,0.9146537780761719,0.08534622192382812,0.0,7
758,31,40-50,NAU_3,Filling,759,30,0.3816413879394531,0.8518754243850708,0.5653100609779358,0.4346899390220642,0.0,7
758,31,40-50,NAU_3,Filling,759,31,0.2860864996910095,0.8889626860618591,0.8841258883476257,0.11587411165237427,0.0,7
758,31,40-50,NAU_3,Filling,759,32,0.31814926862716675,0.8765183091163635,0.7603071331977844,0.23969286680221558,0.0,7
758,31,40-50,NAU_3,Filling,759,33,0.3368581533432007,0.8692569136619568,0.6650457382202148,0.33495426177978516,0.0,7
758,31,40-50,NAU_3,Filling,759,34,0.27602240443229675,0.8928687572479248,0.8938277959823608,0.10617220401763916,0.14607201516628265,7
758,31,40-50,NAU_3,Filling,759,35,0.3955194652080536,0.8464890122413635,0.9262339472770691,0.07376605272293091,0.0,7
758,31,40-50,NAU_3,Filling,759,36,0.34833186864852905,0.864803671836853,0.859674870967865,0.140325129032135,0.22972972691059113,7
758,31,40-50,NAU_3,Filling,759,37,0.32888081669807434,0.8723531365394592,0.6497623324394226,0.3502376675605774,0.0,7
758,31,40-50,NAU_3,Filling,759,38,0.3376968204975128,0.8689314126968384,0.8250220417976379,0.17497795820236206,0.0,7
758,31,40-50,NAU_3,Filling,759,39,0.42206159234046936,0.8361873626708984,0.635043203830719,0.364956796169281,0.0,7
758,31,40-50,NAU_3,Filling,759,40,0.44128867983818054,0.8287248015403748,0.6571629047393799,0.3428370952606201,0.0,7
1271,78,60-70,KSU_2,Post-Flowering,1272,0,0.4370385408401489,0.8303744196891785,0.7077044248580933,0.29229557514190674,0.12800000607967377,8
1271,78,60-70,KSU_2,Post-Flowering,1272,1,0.4014034569263458,0.8442052602767944,0.8206700086593628,0.1793299913406372,0.10161956399679184,8
1271,78,60-70,KSU_2,Post-Flowering,1272,2,0.32152122259140015,0.8752095699310303,0.9129769206047058,0.08702307939529419,0.0,8
1271,78,60-70,KSU_2,Post-Flowering,1272,3,0.40495553612709045,0.8428266644477844,0.8228654861450195,0.17713451385498047,0.0,8
1271,78,60-70,KSU_2,Post-Flowering,1272,4,0.3649216890335083,0.8583647608757019,0.7316359281539917,0.2683640718460083,0.0,8
1271,78,60-70,KSU_2,Post-Flowering,1272,5,0.3485119938850403,0.8647338151931763,0.760024905204773,0.23997509479522705,0.0,8
1271,78,60-70,KSU_2,Post-Flowering,1272,6,0.3792719841003418,0.8527950644493103,0.8051044940948486,0.19489550590515137,0.017283950001001358,8
1271,78,60-70,KSU_2,Post-Flowering,1272,7,0.3707979917526245,0.8560840487480164,0.7860907316207886,0.21390926837921143,0.019704433158040047,8
1271,78,60-70,KSU_2,Post-Flowering,1272,8,0.39192864298820496,0.8478826880455017,0.0,1.0,0.0,8
1271,78,60-70,KSU_2,Post-Flowering,1272,9,0.4939962923526764,0.8082677125930786,0.7515661120414734,0.2484338879585266,0.2601625919342041,8
1271,78,60-70,KSU_2,Post-Flowering,1272,10,0.4174171984195709,0.8379899263381958,0.5143249034881592,0.4856750965118408,0.2240000069141388,8
1271,78,60-70,KSU_2,Post-Flowering,1272,11,0.4003300070762634,0.8446218967437744,0.7618111371994019,0.23818886280059814,0.11232543736696243,8
1271,78,60-70,KSU_2,Post-Flowering,1272,12,0.4338178038597107,0.831624448299408,0.647367537021637,0.35263246297836304,0.4651162922382355,8
1271,78,60-70,KSU_2,Post-Flowering,1272,13,0.3628750145435333,0.8591591119766235,0.821692943572998,0.17830705642700195,0.0,8
1271,78,60-70,KSU_2,Post-Flowering,1272,14,0.3690919280052185,0.8567461967468262,0.5801033973693848,0.41989660263061523,0.0,8
1271,78,60-70,KSU_2,Post-Flowering,1272,15,0.33638399839401245,0.8694409728050232,0.7432636618614197,0.2567363381385803,0.0,8
1271,78,60-70,KSU_2,Post-Flowering,1272,16,0.3039492964744568,0.88202965259552,0.7865784168243408,0.21342158317565918,0.0,8
1271,78,60-70,KSU_2,Post-Flowering,1272,17,0.40014997124671936,0.844691812992096,0.8303259015083313,0.1696740984916687,0.0,8
1271,78,60-70,KSU_2,Post-Flowering,1272,18,0.3355340361595154,0.869770884513855,0.7479420900344849,0.25205790996551514,0.0,8
1271,78,60-70,KSU_2,Post-Flowering,1272,19,0.33747464418411255,0.8690176606178284,0.7550132274627686,0.24498677253723145,0.0,8
1271,78,60-70,KSU_2,Post-Flowering,1272,20,0.3904128670692444,0.8484709858894348,0.6436394453048706,0.3563605546951294,0.0138248847797513,8
1271,78,60-70,KSU_2,Post-Flowering,1272,21,0.35662543773651123,0.8615847826004028,0.8577088713645935,0.1422911286354065,0.0,8
1271,78,60-70,KSU_2,Post-Flowering,1272,22,0.36458656191825867,0.8584948182106018,0.7578184604644775,0.24218153953552246,0.0066964286379516125,8
1271,78,60-70,KSU_2,Post-Flowering,1272,23,0.3415234088897705,0.8674461841583252,0.8107585310935974,0.1892414689064026,0.0,8
1271,78,60-70,KSU_2,Post-Flowering,1272,24,0.4159233570098877,0.8385697603225708,0.8849250078201294,0.1150749921798706,0.0,8
1271,78,60-70,KSU_2,Post-Flowering,1272,25,0.39677339792251587,0.8460023403167725,0.7194876670837402,0.28051233291625977,0.0,8
1271,78,60-70,KSU_2,Post-Flowering,1272,26,0.3510812520980835,0.863736629486084,0.7557393908500671,0.24426060914993286,0.0,8
1271,78,60-70,KSU_2,Post-Flowering,1272,27,0.3224247694015503,0.8748588562011719,0.8147761225700378,0.18522387742996216,0.0,8
1271,78,60-70,KSU_2,Post-Flowering,1272,28,0.38777247071266174,0.8494958281517029,0.7104817628860474,0.28951823711395264,0.0,8
1271,78,60-70,KSU_2,Post-Flowering,1272,29,0.3823091983795166,0.8516162633895874,0.48755204677581787,0.5124479532241821,0.14156079292297363,8
1271,78,60-70,KSU_2,Post-Flowering,1272,30,0.39378219842910767,0.8471633195877075,0.8551971912384033,0.14480280876159668,0.0,8
1271,78,60-70,KSU_2,Post-Flowering,1272,31,0.29053574800491333,0.8872358202934265,0.8132198452949524,0.1867801547050476,0.0,8
1271,78,60-70,KSU_2,Post-Flowering,1272,32,0.3626323938369751,0.8592532873153687,0.8184062838554382,0.18159371614456177,0.0,8
1271,78,60-70,KSU_2,Post-Flowering,1272,33,0.3652423024177551,0.8582403659820557,0.6685206890106201,0.3314793109893799,0.13928571343421936,8
1271,78,60-70,KSU_2,Post-Flowering,1272,34,0.32619985938072205,0.8733936548233032,0.8528993129730225,0.14710068702697754,0.0,8
1271,78,60-70,KSU_2,Post-Flowering,1272,35,0.41306090354919434,0.8396807312965393,0.6751520037651062,0.3248479962348938,0.0,8
1271,78,60-70,KSU_2,Post-Flowering,1272,36,0.3792533874511719,0.8528022766113281,0.6777410507202148,0.32225894927978516,0.0,8
1271,78,60-70,KSU_2,Post-Flowering,1272,37,0.3675577640533447,0.8573416471481323,0.8411503434181213,0.15884965658187866,0.0,8
1271,78,60-70,KSU_2,Post-Flowering,1272,38,0.34283748269081116,0.866936206817627,0.7879486680030823,0.21205133199691772,0.0,8
1271,78,60-70,KSU_2,Post-Flowering,1272,39,0.4488621950149536,0.8257853388786316,0.8572850823402405,0.14271491765975952,0.0,8
1271,78,60-70,KSU_2,Post-Flowering,1272,40,0.3787241280078888,0.8530076742172241,0.494789183139801,0.505210816860199,0.0,8
1271,78,60-70,KSU_2,Post-Flowering,1272,41,0.3574002683162689,0.8612840175628662,0.6917756199836731,0.3082243800163269,0.0,8
1271,78,60-70,KSU_2,Post-Flowering,1272,42,0.4036518931388855,0.8433325886726379,0.7288604974746704,0.2711395025253296,0.0,8
1271,78,60-70,KSU_2,Post-Flowering,1272,43,0.37452322244644165,0.8546381592750549,0.818266749382019,0.18173325061798096,0.0,8
1271,78,60-70,KSU_2,Post-Flowering,1272,44,0.34625571966171265,0.8656095266342163,0.714911937713623,0.28508806228637695,0.0,8
1271,78,60-70,KSU_2,Post-Flowering,1272,45,0.4022907614707947,0.8438608646392822,0.6211154460906982,0.37888455390930176,0.0,8
1271,78,60-70,KSU_2,Post-Flowering,1272,46,0.33863919973373413,0.8685656785964966,0.7913877964019775,0.20861220359802246,0.0,8
1271,78,60-70,KSU_2,Post-Flowering,1272,47,0.3731382489204407,0.8551757335662842,0.7237446308135986,0.27625536918640137,0.0,8
1271,78,60-70,KSU_2,Post-Flowering,1272,48,0.33525770902633667,0.8698781132698059,0.7937273979187012,0.20627260208129883,0.0,8
1271,78,60-70,KSU_2,Post-Flowering,1272,49,0.38279011845588684,0.8514295816421509,0.722697377204895,0.277302622795105,0.0,8
1271,78,60-70,KSU_2,Post-Flowering,1272,50,0.36913761496543884,0.8567284345626831,0.6381934285163879,0.36180657148361206,0.0,8
1271,78,60-70,KSU_2,Post-Flowering,1272,51,0.3805914521217346,0.8522829413414001,0.8141481876373291,0.1858518123626709,0.5111111402511597,8
1271,78,60-70,KSU_2,Post-Flowering,1272,52,0.3568216860294342,0.8615086078643799,0.5732139348983765,0.42678606510162354,0.34543177485466003,8
1271,78,60-70,KSU_2,Post-Flowering,1272,53,0.37019187211990356,0.8563193082809448,0.6388657093048096,0.36113429069519043,0.0,8
1271,78,60-70,KSU_2,Post-Flowering,1272,54,0.45336440205574036,0.8240379691123962,0.6274446249008179,0.37255537509918213,0.0,8
1271,78,60-70,KSU_2,Post-Flowering,1272,55,0.3561013340950012,0.8617881536483765,0.7893349528312683,0.2106650471687317,0.0,8
1271,78,60-70,KSU_2,Post-Flowering,1272,56,0.34580665826797485,0.8657838106155396,0.8721411228179932,0.12785887718200684,0.0,8
1271,78,60-70,KSU_2,Post-Flowering,1272,57,0.37401700019836426,0.8548346757888794,0.854813814163208,0.145186185836792,0.11999999731779099,8
1271,78,60-70,KSU_2,Post-Flowering,1272,58,0.3735223114490509,0.8550266623497009,0.8244115710258484,0.1755884289741516,0.16326530277729034,8
1271,78,60-70,KSU_2,Post-Flowering,1272,59,0.3615364730358124,0.8596786260604858,0.36756816506385803,0.632431834936142,0.0,8
1271,78,60-70,KSU_2,Post-Flowering,1272,60,0.37572813034057617,0.8541705012321472,0.7080270051956177,0.2919729948043823,0.38232421875,8
1271,78,60-70,KSU_2,Post-Flowering,1272,61,0.34487777948379517,0.8661442995071411,0.7599053978919983,0.2400946021080017,0.0,8
1271,78,60-70,KSU_2,Post-Flowering,1272,62,0.40883198380470276,0.8413220643997192,0.40713828802108765,0.5928617119789124,0.0,8
1271,78,60-70,KSU_2,Post-Flowering,1272,63,0.40185970067977905,0.8440282344818115,0.3357440233230591,0.6642559766769409,0.0,8
1271,78,60-70,KSU_2,Post-Flowering,1272,64,0.34492209553718567,0.8661271333694458,0.5289573669433594,0.4710426330566406,0.0,8
1271,78,60-70,KSU_2,Post-Flowering,1272,65,0.4532797038555145,0.8240708112716675,0.0,1.0,0.7435897588729858,8
522,92,10-20,CIMMYT_1,Post-Flowering,523,0,0.40251827239990234,0.8437725901603699,0.41518282890319824,0.5848171710968018,0.0,9
522,92,10-20,CIMMYT_1,Post-Flowering,523,1,0.3890465795993805,0.8490012884140015,0.46065279841423035,0.5393472015857697,0.0,9
522,92,10-20,CIMMYT_1,Post-Flowering,523,2,0.3326423168182373,0.8708932399749756,0.4341972768306732,0.5658027231693268,0.0,9
522,92,10-20,CIMMYT_1,Post-Flowering,523,3,0.2943836450576782,0.8857423067092896,0.7936639785766602,0.20633602142333984,0.0,9
522,92,10-20,CIMMYT_1,Post-Flowering,523,4,0.36857903003692627,0.856945276260376,0.5960007905960083,0.4039992094039917,0.0,9
522,92,10-20,CIMMYT_1,Post-Flowering,523,5,0.40879833698272705,0.8413351774215698,0.33645641803741455,0.6635435819625854,0.0,9
522,92,10-20,CIMMYT_1,Post-Flowering,523,6,0.3977286219596863,0.8456315994262695,0.0,1.0,0.0,9
522,92,10-20,CIMMYT_1,Post-Flowering,523,7,0.3484724164009094,0.8647491335868835,0.0837424099445343,0.9162575900554657,0.0,9
522,92,10-20,CIMMYT_1,Post-Flowering,523,8,0.44191405177116394,0.8284820914268494,0.6539868116378784,0.3460131883621216,0.0,9
522,92,10-20,CIMMYT_1,Post-Flowering,523,9,0.42772814631462097,0.8339880108833313,0.0,1.0,0.0,9
1336,45,0-10,Terraref_2,Filling,1337,0,0.39692020416259766,0.8459453582763672,0.2626378536224365,0.7373621463775635,0.0,10
852,16,30-40,CIMMYT_2,Post-Flowering,853,0,0.3004644811153412,0.8833822011947632,0.718722403049469,0.281277596950531,0.0,11
852,16,30-40,CIMMYT_2,Post-Flowering,853,1,0.36116427183151245,0.8598231077194214,0.8323230147361755,0.16767698526382446,0.0,11
852,16,30-40,CIMMYT_2,Post-Flowering,853,2,0.3991582989692688,0.8450766801834106,0.53764408826828,0.46235591173171997,0.0,11
852,16,30-40,CIMMYT_2,Post-Flowering,853,3,0.40800416469573975,0.8416433930397034,0.8014997839927673,0.19850021600723267,0.0,11
852,16,30-40,CIMMYT_2,Post-Flowering,853,4,0.3764764964580536,0.8538800477981567,0.6839550733566284,0.3160449266433716,0.0,11
852,16,30-40,CIMMYT_2,Post-Flowering,853,5,0.4348584711551666,0.8312205672264099,0.2662471532821655,0.7337528467178345,0.0,11
852,16,30-40,CIMMYT_2,Post-Flowering,853,6,0.3303183615207672,0.8717951774597168,0.6824614405632019,0.3175385594367981,0.0,11
852,16,30-40,CIMMYT_2,Post-Flowering,853,7,0.4522767663002014,0.8244600892066956,0.6746699213981628,0.32533007860183716,0.0,11
852,16,30-40,CIMMYT_2,Post-Flowering,853,8,0.4522799253463745,0.8244588375091553,0.5730166435241699,0.4269833564758301,0.0,11
852,16,30-40,CIMMYT_2,Post-Flowering,853,9,0.42546916007995605,0.8348647952079773,0.5936166048049927,0.4063833951950073,0.0,11
852,16,30-40,CIMMYT_2,Post-Flowering,853,10,0.4059634208679199,0.8424354791641235,0.5727306604385376,0.4272693395614624,0.0,11
852,16,30-40,CIMMYT_2,Post-Flowering,853,11,0.4220089316368103,0.8362077474594116,0.7553287744522095,0.24467122554779053,0.0,11
852,16,30-40,CIMMYT_2,Post-Flowering,853,12,0.3849918842315674,0.8505750298500061,0.6942698359489441,0.3057301640510559,0.0,11
852,16,30-40,CIMMYT_2,Post-Flowering,853,13,0.4126276969909668,0.8398488759994507,0.8136033415794373,0.18639665842056274,0.0,11
852,16,30-40,CIMMYT_2,Post-Flowering,853,14,0.3402550220489502,0.8679385185241699,0.7746492028236389,0.22535079717636108,0.0,11
852,16,30-40,CIMMYT_2,Post-Flowering,853,15,0.3804022967815399,0.8523563146591187,0.7185813784599304,0.2814186215400696,0.0,11
852,16,30-40,CIMMYT_2,Post-Flowering,853,16,0.41731584072113037,0.8380292654037476,0.4754968285560608,0.5245031714439392,0.0,11
852,16,30-40,CIMMYT_2,Post-Flowering,853,17,0.5118862986564636,0.8013241291046143,0.29044026136398315,0.7095597386360168,0.0,11
852,16,30-40,CIMMYT_2,Post-Flowering,853,18,0.36412978172302246,0.8586721420288086,0.6757931709289551,0.3242068290710449,0.0,11
852,16,30-40,CIMMYT_2,Post-Flowering,853,19,0.4223102331161499,0.8360908031463623,0.6638928651809692,0.33610713481903076,0.0,11
852,16,30-40,CIMMYT_2,Post-Flowering,853,20,0.45560431480407715,0.8231685757637024,0.6565681099891663,0.34343189001083374,0.0,11
852,16,30-40,CIMMYT_2,Post-Flowering,853,21,0.35190480947494507,0.8634169101715088,0.8130863308906555,0.18691366910934448,0.0,11
852,16,30-40,CIMMYT_2,Post-Flowering,853,22,0.3926021456718445,0.8476213216781616,0.6359708309173584,0.3640291690826416,0.0,11
852,16,30-40,CIMMYT_2,Post-Flowering,853,23,0.33966565132141113,0.8681672811508179,0.681324303150177,0.318675696849823,0.0,11
852,16,30-40,CIMMYT_2,Post-Flowering,853,24,0.37446725368499756,0.854659914970398,0.6392887234687805,0.3607112765312195,0.0,11
852,16,30-40,CIMMYT_2,Post-Flowering,853,25,0.4372944235801697,0.8302751183509827,0.5533937215805054,0.44660627841949463,0.0,11
852,16,30-40,CIMMYT_2,Post-Flowering,853,26,0.4142917990684509,0.8392030000686646,0.7390679717063904,0.2609320282936096,0.0,11
852,16,30-40,CIMMYT_2,Post-Flowering,853,27,0.4158615171909332,0.8385937809944153,0.7109852433204651,0.2890147566795349,0.0,11
852,16,30-40,CIMMYT_2,Post-Flowering,853,28,0.41201257705688477,0.8400876522064209,0.7256328463554382,0.27436715364456177,0.0,11
852,16,30-40,CIMMYT_2,Post-Flowering,853,29,0.37035128474235535,0.8562573790550232,0.7980979681015015,0.20190203189849854,0.0,11
852,16,30-40,CIMMYT_2,Post-Flowering,853,30,0.36939767003059387,0.8566275238990784,0.9343226552009583,0.06567734479904175,0.0,11
852,16,30-40,CIMMYT_2,Post-Flowering,853,31,0.35320913791656494,0.8629106879234314,0.9190753102302551,0.08092468976974487,0.0,11
852,16,30-40,CIMMYT_2,Post-Flowering,853,32,0.383105605840683,0.8513071537017822,0.785631000995636,0.214368999004364,0.0,11
847,58,30-40,UQ_9,Filling-Ripening,848,0,0.36219659447669983,0.8594224452972412,0.851957380771637,0.14804261922836304,0.0,12
847,58,30-40,UQ_9,Filling-Ripening,848,1,0.4425585865974426,0.828231930732727,0.7735247015953064,0.2264752984046936,0.0,12
847,58,30-40,UQ_9,Filling-Ripening,848,2,0.34817761182785034,0.8648635745048523,0.8253799676895142,0.17462003231048584,0.0,12
847,58,30-40,UQ_9,Filling-Ripening,848,3,0.4540495276451111,0.8237720131874084,0.33058786392211914,0.6694121360778809,0.0,12
847,58,30-40,UQ_9,Filling-Ripening,848,4,0.40927451848983765,0.8411503434181213,0.24069535732269287,0.7593046426773071,0.0,12
847,58,30-40,UQ_9,Filling-Ripening,848,5,0.45270997285842896,0.8242919445037842,0.441468209028244,0.558531790971756,0.0,12
847,58,30-40,UQ_9,Filling-Ripening,848,6,0.38195163011550903,0.8517550230026245,0.6265934705734253,0.3734065294265747,0.0,12
847,58,30-40,UQ_9,Filling-Ripening,848,7,0.3696780800819397,0.8565186858177185,0.7104854583740234,0.28951454162597656,0.022440392524003983,12
847,58,30-40,UQ_9,Filling-Ripening,848,8,0.37985628843307495,0.8525682687759399,0.524560272693634,0.47543972730636597,0.029304029420018196,12
847,58,30-40,UQ_9,Filling-Ripening,848,9,0.42812442779541016,0.833834171295166,0.41012054681777954,0.5898794531822205,0.0,12
847,58,30-40,UQ_9,Filling-Ripening,848,10,0.4289887845516205,0.8334987163543701,0.7011710405349731,0.29882895946502686,0.0809384137392044,12
847,58,30-40,UQ_9,Filling-Ripening,848,11,0.3442363739013672,0.8663932681083679,0.7057870030403137,0.2942129969596863,0.17463617026805878,12
847,58,30-40,UQ_9,Filling-Ripening,848,12,0.40644097328186035,0.8422501087188721,0.7097581624984741,0.2902418375015259,0.0,12
847,58,30-40,UQ_9,Filling-Ripening,848,13,0.38801825046539307,0.8494004011154175,0.6988967061042786,0.30110329389572144,0.0,12
847,58,30-40,UQ_9,Filling-Ripening,848,14,0.4007428288459778,0.8444616794586182,0.7953402400016785,0.20465975999832153,0.0,12
847,58,30-40,UQ_9,Filling-Ripening,848,15,0.4372677206993103,0.8302854299545288,0.8653879165649414,0.1346120834350586,0.0,12
847,58,30-40,UQ_9,Filling-Ripening,848,16,0.39989030361175537,0.8447926044464111,0.8324491381645203,0.16755086183547974,0.0,12
847,58,30-40,UQ_9,Filling-Ripening,848,17,0.38790589570999146,0.8494440317153931,0.2672998905181885,0.7327001094818115,0.0,12
847,58,30-40,UQ_9,Filling-Ripening,848,18,0.39083436131477356,0.8483074307441711,0.7414083480834961,0.2585916519165039,0.15632754564285278,12
847,58,30-40,UQ_9,Filling-Ripening,848,19,0.29210615158081055,0.8866263031959534,0.8801037669181824,0.11989623308181763,0.0,12
847,58,30-40,UQ_9,Filling-Ripening,848,20,0.45010852813720703,0.8253016471862793,0.6328352093696594,0.3671647906303406,0.3356643319129944,12
847,58,30-40,UQ_9,Filling-Ripening,848,21,0.3999512195587158,0.8447689414024353,0.41570162773132324,0.5842983722686768,0.12730415165424347,12
847,58,30-40,UQ_9,Filling-Ripening,848,22,0.431071400642395,0.832690417766571,0.669634997844696,0.33036500215530396,0.5623931884765625,12
847,58,30-40,UQ_9,Filling-Ripening,848,23,0.3324609696865082,0.8709635734558105,0.8547466993331909,0.14525330066680908,0.3972693979740143,12
847,58,30-40,UQ_9,Filling-Ripening,848,24,0.3432629108428955,0.8667711019515991,0.9253358840942383,0.07466411590576172,0.377217561006546,12
847,58,30-40,UQ_9,Filling-Ripening,848,25,0.4972045123577118,0.8070224523544312,0.29520082473754883,0.7047991752624512,0.7704761624336243,12
847,58,30-40,UQ_9,Filling-Ripening,848,26,0.3731463551521301,0.8551725745201111,0.6859268546104431,0.3140731453895569,0.489115834236145,12
847,58,30-40,UQ_9,Filling-Ripening,848,27,0.3854467272758484,0.8503984808921814,0.47290173172950745,0.5270982682704926,1.212490439414978,12
847,58,30-40,UQ_9,Filling-Ripening,848,28,0.4129118323326111,0.8397386074066162,0.8888627886772156,0.11113721132278442,0.0,12
847,58,30-40,UQ_9,Filling-Ripening,848,29,0.39132410287857056,0.8481173515319824,0.6130484342575073,0.3869515657424927,0.0,12
847,58,30-40,UQ_9,Filling-Ripening,848,30,0.39523014426231384,0.8466013073921204,0.11562976241111755,0.8843702375888824,0.0,12
847,58,30-40,UQ_9,Filling-Ripening,848,31,0.4597353935241699,0.8215652108192444,0.646490216255188,0.353509783744812,0.0,12
847,58,30-40,UQ_9,Filling-Ripening,848,32,0.5152544975280762,0.8000168800354004,0.6773539185523987,0.3226460814476013,0.0,12
847,58,30-40,UQ_9,Filling-Ripening,848,33,0.44091424345970154,0.8288701772689819,0.40181392431259155,0.5981860756874084,0.0,12
847,58,30-40,UQ_9,Filling-Ripening,848,34,0.4777611196041107,0.8145689368247986,0.33423689007759094,0.6657631099224091,0.25367647409439087,12
847,58,30-40,UQ_9,Filling-Ripening,848,35,0.4299756586551666,0.8331156969070435,0.08453015983104706,0.9154698401689529,1.1744791269302368,12
847,58,30-40,UQ_9,Filling-Ripening,848,36,0.41156965494155884,0.8402595520019531,0.2857624888420105,0.7142375111579895,0.0,12
847,58,30-40,UQ_9,Filling-Ripening,848,37,0.3654399514198303,0.858163595199585,0.0,1.0,0.0,12
95,65,20-30,KSU_1,Post-Flowering,96,0,0.4343794584274292,0.8314064741134644,0.5431467890739441,0.4568532109260559,0.0,13
95,65,20-30,KSU_1,Post-Flowering,96,1,0.38391852378845215,0.8509916067123413,0.8602806329727173,0.13971936702728271,0.0,13
95,65,20-30,KSU_1,Post-Flowering,96,2,0.3294903635978699,0.8721165657043457,0.6234301328659058,0.37656986713409424,0.0,13
95,65,20-30,KSU_1,Post-Flowering,96,3,0.35480180382728577,0.8622925281524658,0.5553407669067383,0.4446592330932617,0.0,13
95,65,20-30,KSU_1,Post-Flowering,96,4,0.36126112937927246,0.8597855567932129,0.691628634929657,0.308371365070343,0.0,13
95,65,20-30,KSU_1,Post-Flowering,96,5,0.34648382663726807,0.8655209541320801,0.5793690085411072,0.4206309914588928,0.11331099271774292,13
95,65,20-30,KSU_1,Post-Flowering,96,6,0.36234256625175476,0.8593657612800598,0.8474120497703552,0.15258795022964478,0.0,13
95,65,20-30,KSU_1,Post-Flowering,96,7,0.38000115752220154,0.852512001991272,0.7299602031707764,0.27003979682922363,0.0,13
95,65,20-30,KSU_1,Post-Flowering,96,8,0.37465178966522217,0.8545882701873779,0.8228830695152283,0.17711693048477173,0.06632277369499207,13
95,65,20-30,KSU_1,Post-Flowering,96,9,0.4129942059516907,0.8397066593170166,0.6135808825492859,0.3864191174507141,0.11074651032686234,13
95,65,20-30,KSU_1,Post-Flowering,96,10,0.41146570444107056,0.8402998447418213,0.7358916401863098,0.2641083598136902,0.0,13
95,65,20-30,KSU_1,Post-Flowering,96,11,0.3260307312011719,0.8734593391418457,0.8116909861564636,0.18830901384353638,0.0,13
95,65,20-30,KSU_1,Post-Flowering,96,12,0.3611794114112854,0.8598172664642334,0.729341447353363,0.27065855264663696,0.0,13
95,65,20-30,KSU_1,Post-Flowering,96,13,0.3768051266670227,0.8537524938583374,0.5369793176651001,0.4630206823348999,0.29724881052970886,13
95,65,20-30,KSU_1,Post-Flowering,96,14,0.4223107099533081,0.8360906839370728,0.8048489689826965,0.19515103101730347,0.3444213569164276,13
95,65,20-30,KSU_1,Post-Flowering,96,15,0.3817357122898102,0.8518388271331787,0.4496059715747833,0.5503940284252167,0.0,13
95,65,20-30,KSU_1,Post-Flowering,96,16,0.405398964881897,0.8426545262336731,0.408297598361969,0.591702401638031,0.0,13
95,65,20-30,KSU_1,Post-Flowering,96,17,0.26590168476104736,0.8967969417572021,0.5645802021026611,0.43541979789733887,0.0,13
95,65,20-30,KSU_1,Post-Flowering,96,18,0.38713768124580383,0.8497421741485596,0.7953947186470032,0.20460528135299683,0.0,13
95,65,20-30,KSU_1,Post-Flowering,96,19,0.3910389542579651,0.8482279777526855,0.7526159882545471,0.24738401174545288,0.03921568766236305,13
95,65,20-30,KSU_1,Post-Flowering,96,20,0.3972761631011963,0.8458071947097778,0.7109469771385193,0.2890530228614807,0.0,13
95,65,20-30,KSU_1,Post-Flowering,96,21,0.3761064112186432,0.8540236949920654,0.7305050492286682,0.2694949507713318,0.0,13
95,65,20-30,KSU_1,Post-Flowering,96,22,0.4674650728702545,0.8185651302337646,0.7050691843032837,0.2949308156967163,0.3076923191547394,13
95,65,20-30,KSU_1,Post-Flowering,96,23,0.35908445715904236,0.8606303334236145,0.0,1.0,0.2857142984867096,13
95,65,20-30,KSU_1,Post-Flowering,96,24,0.3638196587562561,0.8587924838066101,0.1306181102991104,0.8693818897008896,0.0,13
1018,66,20-30,KSU_4,Ripening,1019,0,0.340756893157959,0.867743730545044,0.8798998594284058,0.12010014057159424,0.03411398455500603,14
1018,66,20-30,KSU_4,Ripening,1019,1,0.48928073048591614,0.8100979328155518,0.9360281825065613,0.06397181749343872,0.0,14
1018,66,20-30,KSU_4,Ripening,1019,2,0.35623252391815186,0.8617372512817383,0.6525578498840332,0.3474421501159668,0.0,14
1018,66,20-30,KSU_4,Ripening,1019,3,0.39001351594924927,0.8486260175704956,0.4496391713619232,0.5503608286380768,0.0,14
1018,66,20-30,KSU_4,Ripening,1019,4,0.355077862739563,0.8621853590011597,0.7605916261672974,0.23940837383270264,0.07594936341047287,14
1018,66,20-30,KSU_4,Ripening,1019,5,0.40445196628570557,0.8430221080780029,0.6657047867774963,0.33429521322250366,0.0,14
1018,66,20-30,KSU_4,Ripening,1019,6,0.34828877449035645,0.8648204207420349,0.6571735739707947,0.3428264260292053,0.012814748100936413,14
1018,66,20-30,KSU_4,Ripening,1019,7,0.35717666149139404,0.8613708019256592,0.32286641001701355,0.6771335899829865,0.0,14
1018,66,20-30,KSU_4,Ripening,1019,8,0.45684191584587097,0.8226882219314575,0.5981383323669434,0.40186166763305664,0.11538461595773697,14
1018,66,20-30,KSU_4,Ripening,1019,9,0.3871707022190094,0.8497294187545776,0.735870361328125,0.264129638671875,0.25827813148498535,14
1018,66,20-30,KSU_4,Ripening,1019,10,0.30650293827056885,0.8810385465621948,0.8206870555877686,0.17931294441223145,0.15107913315296173,14
1018,66,20-30,KSU_4,Ripening,1019,11,0.27542394399642944,0.8931010961532593,0.8184863328933716,0.18151366710662842,0.0,14
1018,66,20-30,KSU_4,Ripening,1019,12,0.34366685152053833,0.8666143417358398,0.39647218585014343,0.6035278141498566,0.0,14
1018,66,20-30,KSU_4,Ripening,1019,13,0.4451444745063782,0.827228307723999,0.5754992365837097,0.4245007634162903,0.9074074029922485,14
1018,66,20-30,KSU_4,Ripening,1019,14,0.3851659297943115,0.8505074977874756,0.7985964417457581,0.20140355825424194,0.12438725680112839,14
1018,66,20-30,KSU_4,Ripening,1019,15,0.3867895007133484,0.8498773574829102,0.8272557258605957,0.1727442741394043,0.07169117778539658,14
1018,66,20-30,KSU_4,Ripening,1019,16,0.33327215909957886,0.8706487417221069,0.7912260293960571,0.20877397060394287,0.9539345502853394,14
1018,66,20-30,KSU_4,Ripening,1019,17,0.3753058910369873,0.8543344140052795,0.867756724357605,0.13224327564239502,0.23304882645606995,14
1018,66,20-30,KSU_4,Ripening,1019,18,0.4435315430164337,0.827854335308075,0.6692249178886414,0.33077508211135864,0.10305503010749817,14
1018,66,20-30,KSU_4,Ripening,1019,19,0.3895144462585449,0.8488197326660156,0.7448901534080505,0.25510984659194946,0.05868358537554741,14
1018,66,20-30,KSU_4,Ripening,1019,20,0.37530815601348877,0.8543335199356079,0.059832602739334106,0.9401673972606659,0.0,14
1018,66,20-30,KSU_4,Ripening,1019,21,0.44890594482421875,0.8257683515548706,0.6032575964927673,0.39674240350723267,0.0,14
1018,66,20-30,KSU_4,Ripening,1019,22,0.3779015839099884,0.8533269762992859,0.10807785391807556,0.8919221460819244,0.0,14
1018,66,20-30,KSU_4,Ripening,1019,23,0.4287850856781006,0.8335777521133423,0.7640932202339172,0.23590677976608276,0.0,14
1018,66,20-30,KSU_4,Ripening,1019,24,0.38046765327453613,0.8523309826850891,0.6576290726661682,0.3423709273338318,0.0,14
1018,66,20-30,KSU_4,Ripening,1019,25,0.4456181228160858,0.8270444869995117,0.4815105199813843,0.5184894800186157,0.0,14
1018,66,20-30,KSU_4,Ripening,1019,26,0.329901784658432,0.8719568252563477,0.8757745027542114,0.12422549724578857,0.08508831262588501,14
1056,18,80-100,UQ_7,Ripening,1057,0,0.3679163455963135,0.8572024703025818,0.6149289011955261,0.3850710988044739,0.0,15
1056,18,80-100,UQ_7,Ripening,1057,1,0.2826576232910156,0.8902934789657593,0.9037206768989563,0.0962793231010437,0.0,15
1056,18,80-100,UQ_7,Ripening,1057,2,0.35099223256111145,0.8637711405754089,0.8090162873268127,0.19098371267318726,0.0,15
1056,18,80-100,UQ_7,Ripening,1057,3,0.35106539726257324,0.8637427091598511,0.8363072872161865,0.16369271278381348,0.0,15
1056,18,80-100,UQ_7,Ripening,1057,4,0.34377849102020264,0.8665709495544434,0.7754930853843689,0.2245069146156311,0.0,15
1056,18,80-100,UQ_7,Ripening,1057,5,0.404127299785614,0.8431481122970581,0.6732254028320312,0.32677459716796875,0.0,15
1056,18,80-100,UQ_7,Ripening,1057,6,0.3964831829071045,0.846114993095398,0.7684369683265686,0.2315630316734314,0.2515625059604645,15
1056,18,80-100,UQ_7,Ripening,1057,7,0.41965630650520325,0.8371208906173706,0.4224994480609894,0.5775005519390106,0.0,15
1056,18,80-100,UQ_7,Ripening,1057,8,0.33431681990623474,0.8702433109283447,0.47904878854751587,0.5209512114524841,0.0,15
1056,18,80-100,UQ_7,Ripening,1057,9,0.4195725917816162,0.8371533751487732,0.8179694414138794,0.1820305585861206,0.1270161271095276,15
1056,18,80-100,UQ_7,Ripening,1057,10,0.35882365703582764,0.8607316017150879,0.7879601120948792,0.21203988790512085,0.34951457381248474,15
1056,18,80-100,UQ_7,Ripening,1057,11,0.3705950379371643,0.8561627864837646,0.7329293489456177,0.2670706510543823,0.0,15
1056,18,80-100,UQ_7,Ripening,1057,12,0.29953593015670776,0.88374263048172,0.8662281632423401,0.1337718367576599,0.0,15
1056,18,80-100,UQ_7,Ripening,1057,13,0.41885125637054443,0.8374333381652832,0.6430470943450928,0.3569529056549072,0.0,15
1056,18,80-100,UQ_7,Ripening,1057,14,0.4093180000782013,0.8411334753036499,0.8132062554359436,0.1867937445640564,0.0,15
1056,18,80-100,UQ_7,Ripening,1057,15,0.37941932678222656,0.8527379035949707,0.574724555015564,0.42527544498443604,0.0,15
1056,18,80-100,UQ_7,Ripening,1057,16,0.37419217824935913,0.8547666668891907,0.4936540424823761,0.5063459575176239,0.0,15
1056,18,80-100,UQ_7,Ripening,1057,17,0.319823294878006,0.875868558883667,0.6338102221488953,0.36618977785110474,0.1254507154226303,15
1056,18,80-100,UQ_7,Ripening,1057,18,0.3200125992298126,0.8757951259613037,0.9180541038513184,0.08194589614868164,0.15987460315227509,15
1056,18,80-100,UQ_7,Ripening,1057,19,0.41755855083465576,0.8379350900650024,0.8908981680870056,0.10910183191299438,0.16149067878723145,15
1056,18,80-100,UQ_7,Ripening,1057,20,0.34941956400871277,0.8643815517425537,0.8351325392723083,0.16486746072769165,0.0,15
1056,18,80-100,UQ_7,Ripening,1057,21,0.43761950731277466,0.8301489353179932,0.3806692957878113,0.6193307042121887,0.0,15
1056,18,80-100,UQ_7,Ripening,1057,22,0.33208924531936646,0.871107816696167,0.8073014616966248,0.19269853830337524,0.0,15
1056,18,80-100,UQ_7,Ripening,1057,23,0.3703346252441406,0.8562638759613037,0.8638741374015808,0.1361258625984192,0.0,15
1056,18,80-100,UQ_7,Ripening,1057,24,0.3482668399810791,0.8648289442062378,0.8634220957756042,0.13657790422439575,0.15721039474010468,15
1056,18,80-100,UQ_7,Ripening,1057,25,0.28694766759872437,0.8886284232139587,0.8791757225990295,0.12082427740097046,0.0,15
1056,18,80-100,UQ_7,Ripening,1057,26,0.36374345421791077,0.8588221073150635,0.8255285024642944,0.17447149753570557,0.11448664218187332,15
1056,18,80-100,UQ_7,Ripening,1057,27,0.3862890601158142,0.8500715494155884,0.7303780317306519,0.26962196826934814,0.20813396573066711,15
1056,18,80-100,UQ_7,Ripening,1057,28,0.4570431709289551,0.8226101398468018,0.9177202582359314,0.0822797417640686,0.015833919867873192,15
1056,18,80-100,UQ_7,Ripening,1057,29,0.35071665048599243,0.8638781309127808,0.780281662940979,0.219718337059021,0.0,15
1056,18,80-100,UQ_7,Ripening,1057,30,0.41844213008880615,0.8375921249389648,0.8084044456481934,0.19159555435180664,0.0,15
1056,18,80-100,UQ_7,Ripening,1057,31,0.3412657380104065,0.8675462007522583,0.34253549575805664,0.6574645042419434,0.06748826056718826,15
1056,18,80-100,UQ_7,Ripening,1057,32,0.38651785254478455,0.849982738494873,0.4963628053665161,0.5036371946334839,0.0,15
1056,18,80-100,UQ_7,Ripening,1057,33,0.4229360818862915,0.8358479142189026,0.6428254842758179,0.35717451572418213,0.6219262480735779,15
1056,18,80-100,UQ_7,Ripening,1057,34,0.3712193965911865,0.8559204339981079,0.8600751757621765,0.1399248242378235,0.3899868130683899,15
1056,18,80-100,UQ_7,Ripening,1057,35,0.3386960029602051,0.8685436248779297,0.6351070404052734,0.36489295959472656,0.2864915430545807,15
1056,18,80-100,UQ_7,Ripening,1057,36,0.37974029779434204,0.8526133298873901,0.7173473834991455,0.2826526165008545,0.0,15
1056,18,80-100,UQ_7,Ripening,1057,37,0.35131311416625977,0.8636466264724731,0.7700110673904419,0.2299889326095581,0.0,15
1056,18,80-100,UQ_7,Ripening,1057,38,0.4080093204975128,0.8416414260864258,0.7676361203193665,0.23236387968063354,0.0,15
1056,18,80-100,UQ_7,Ripening,1057,39,0.47473835945129395,0.8157421946525574,0.8470673561096191,0.15293264389038086,0.13687239587306976,15
1056,18,80-100,UQ_7,Ripening,1057,40,0.3763759434223175,0.8539190888404846,0.42191174626350403,0.578088253736496,0.0,15
1056,18,80-100,UQ_7,Ripening,1057,41,0.3958396315574646,0.8463647365570068,0.5830218195915222,0.4169781804084778,0.0,15
1056,18,80-100,UQ_7,Ripening,1057,42,0.3903718590736389,0.8484869003295898,0.4869227409362793,0.5130772590637207,0.11851851642131805,15
1056,18,80-100,UQ_7,Ripening,1057,43,0.39581093192100525,0.8463758826255798,0.6322594285011292,0.36774057149887085,0.19499479234218597,15
1056,18,80-100,UQ_7,Ripening,1057,44,0.38903671503067017,0.8490051031112671,0.7315309047698975,0.26846909523010254,0.09756097197532654,15
1056,18,80-100,UQ_7,Ripening,1057,45,0.36156460642814636,0.8596677184104919,0.8171524405479431,0.18284755945205688,0.0,15
1056,18,80-100,UQ_7,Ripening,1057,46,0.4785459637641907,0.8142643570899963,0.0,1.0,0.0,15
1056,18,80-100,UQ_7,Ripening,1057,47,0.2730365991592407,0.8940277099609375,0.9461526870727539,0.053847312927246094,0.0,15
1056,18,80-100,UQ_7,Ripening,1057,48,0.31091147661209106,0.8793274760246277,0.7938729524612427,0.20612704753875732,0.0,15
1056,18,80-100,UQ_7,Ripening,1057,49,0.3390701115131378,0.8683984279632568,0.883163571357727,0.11683642864227295,0.0,15
1056,18,80-100,UQ_7,Ripening,1057,50,0.4987916052341461,0.8064064979553223,0.5722700357437134,0.4277299642562866,0.0,15
1056,18,80-100,UQ_7,Ripening,1057,51,0.35142722725868225,0.8636022806167603,0.7939687967300415,0.2060312032699585,0.0,15
1056,18,80-100,UQ_7,Ripening,1057,52,0.35031723976135254,0.8640331029891968,0.7952421307563782,0.20475786924362183,0.0,15
1056,18,80-100,UQ_7,Ripening,1057,53,0.4430920481681824,0.8280248641967773,0.6572191715240479,0.34278082847595215,0.7641975283622742,15
1056,18,80-100,UQ_7,Ripening,1057,54,0.25793126225471497,0.8998904228210449,0.7262629866600037,0.27373701333999634,0.07720588147640228,15
1056,18,80-100,UQ_7,Ripening,1057,55,0.3959634006023407,0.8463166952133179,0.6521494388580322,0.3478505611419678,0.0,15
1056,18,80-100,UQ_7,Ripening,1057,56,0.37393513321876526,0.8548664450645447,0.5139496922492981,0.4860503077507019,0.05416666716337204,15
1056,18,80-100,UQ_7,Ripening,1057,57,0.36876800656318665,0.8568719625473022,0.6501397490501404,0.3498602509498596,0.25537633895874023,15
1056,18,80-100,UQ_7,Ripening,1057,58,0.36634355783462524,0.8578128814697266,0.5661681890487671,0.4338318109512329,0.19939365983009338,15
1056,18,80-100,UQ_7,Ripening,1057,59,0.4250514507293701,0.8350269198417664,0.6992323994636536,0.30076760053634644,0.0,15
1056,18,80-100,UQ_7,Ripening,1057,60,0.3868454694747925,0.8498556017875671,0.7441095113754272,0.25589048862457275,0.0,15
1056,18,80-100,UQ_7,Ripening,1057,61,0.32235753536224365,0.8748849630355835,0.8226261138916016,0.17737388610839844,0.0,15
1056,18,80-100,UQ_7,Ripening,1057,62,0.3302907943725586,0.8718059062957764,0.9436752200126648,0.056324779987335205,0.0,15
1056,18,80-100,UQ_7,Ripening,1057,63,0.362398624420166,0.8593440055847168,0.6590843796730042,0.34091562032699585,0.0,15
1056,18,80-100,UQ_7,Ripening,1057,64,0.3347324728965759,0.8700819611549377,0.802682101726532,0.19731789827346802,0.0,15
1056,18,80-100,UQ_7,Ripening,1057,65,0.3524934947490692,0.8631884455680847,0.8954780101776123,0.1045219898223877,0.04200541973114014,15
1056,18,80-100,UQ_7,Ripening,1057,66,0.3636942505836487,0.8588411808013916,0.43959856033325195,0.560401439666748,0.02375478856265545,15
1056,18,80-100,UQ_7,Ripening,1057,67,0.4698638916015625,0.817634105682373,0.7404769062995911,0.25952309370040894,0.0,15
1056,18,80-100,UQ_7,Ripening,1057,68,0.4045276641845703,0.8429926633834839,0.601235568523407,0.398764431476593,0.0,15
1056,18,80-100,UQ_7,Ripening,1057,69,0.2772769033908844,0.8923819065093994,0.5317187905311584,0.46828120946884155,0.10604026913642883,15
1056,18,80-100,UQ_7,Ripening,1057,70,0.33764028549194336,0.8689533472061157,0.8506376147270203,0.14936238527297974,0.1841668337583542,15
1056,18,80-100,UQ_7,Ripening,1057,71,0.3102434277534485,0.8795867562294006,0.9600139260292053,0.03998607397079468,0.0,15
1056,18,80-100,UQ_7,Ripening,1057,72,0.33236393332481384,0.8710012435913086,0.8016678690910339,0.19833213090896606,0.0,15
1056,18,80-100,UQ_7,Ripening,1057,73,0.4308432340621948,0.8327789902687073,0.8323927521705627,0.16760724782943726,0.040816325694322586,15
1056,18,80-100,UQ_7,Ripening,1057,74,0.4051746428012848,0.8427416086196899,0.4662080407142639,0.5337919592857361,0.06458333134651184,15
1056,18,80-100,UQ_7,Ripening,1057,75,0.3506542444229126,0.8639023303985596,0.8177250623703003,0.1822749376296997,0.31092438101768494,15
1056,18,80-100,UQ_7,Ripening,1057,76,0.4247579872608185,0.8351408243179321,0.7765084505081177,0.22349154949188232,0.5299657583236694,15
1056,18,80-100,UQ_7,Ripening,1057,77,0.4321886897087097,0.8322567939758301,0.7624534368515015,0.23754656314849854,0.5887362360954285,15
1056,18,80-100,UQ_7,Ripening,1057,78,0.35269054770469666,0.8631119728088379,0.7115839719772339,0.2884160280227661,0.07363675534725189,15
1056,18,80-100,UQ_7,Ripening,1057,79,0.3751784563064575,0.8543838262557983,0.7247422337532043,0.27525776624679565,0.0,15
1056,18,80-100,UQ_7,Ripening,1057,80,0.4017484486103058,0.8440713882446289,0.5733239054679871,0.42667609453201294,0.0,15
1056,18,80-100,UQ_7,Ripening,1057,81,0.3617136478424072,0.8596099019050598,0.09512531757354736,0.9048746824264526,0.024570023640990257,15
1056,18,80-100,UQ_7,Ripening,1057,82,0.3783600926399231,0.8531489968299866,0.0,1.0,0.0,15
1056,18,80-100,UQ_7,Ripening,1057,83,0.37106186151504517,0.8559815883636475,0.0,1.0,0.41021671891212463,15
1056,18,80-100,UQ_7,Ripening,1057,84,0.3070414960384369,0.8808295130729675,0.27888649702072144,0.7211135029792786,0.0,15
1302,5,40-50,Terraref_1,Ripening,1303,0,0.3240542411804199,0.874226450920105,0.5240697860717773,0.47593021392822266,0.0,16
1302,5,40-50,Terraref_1,Ripening,1303,1,0.48956799507141113,0.809986412525177,0.3206355571746826,0.6793644428253174,0.0,16
1302,5,40-50,Terraref_1,Ripening,1303,2,0.46532654762268066,0.819395124912262,0.4703112244606018,0.5296887755393982,0.0,16
1302,5,40-50,Terraref_1,Ripening,1303,3,0.4584648013114929,0.8220583200454712,0.20902249217033386,0.7909775078296661,0.0,16
1302,5,40-50,Terraref_1,Ripening,1303,4,0.3697437644004822,0.8564932346343994,0.16992618143558502,0.830073818564415,0.04691259190440178,16
1302,5,40-50,Terraref_1,Ripening,1303,5,0.43787074089050293,0.8300514221191406,0.7775554656982422,0.2224445343017578,0.029680365696549416,16
1302,5,40-50,Terraref_1,Ripening,1303,6,0.4514102637767792,0.8247963786125183,0.707854151725769,0.29214584827423096,0.0,16
1302,5,40-50,Terraref_1,Ripening,1303,7,0.4676321744918823,0.818500280380249,0.6882362961769104,0.3117637038230896,0.28947368264198303,16
1302,5,40-50,Terraref_1,Ripening,1303,8,0.44851887226104736,0.8259186148643494,0.43563881516456604,0.564361184835434,0.16404308378696442,16
1302,5,40-50,Terraref_1,Ripening,1303,9,0.41232120990753174,0.8399678468704224,0.19386252760887146,0.8061374723911285,0.0,16
1302,5,40-50,Terraref_1,Ripening,1303,10,0.36161598563194275,0.8596477508544922,0.47385671734809875,0.5261432826519012,0.04951370507478714,16
1302,5,40-50,Terraref_1,Ripening,1303,11,0.39776313304901123,0.8456181883811951,0.29920926690101624,0.7007907330989838,0.11849901080131531,16
1302,5,40-50,Terraref_1,Ripening,1303,12,0.4165285527706146,0.838334858417511,0.0,1.0,0.10033445060253143,16
1302,5,40-50,Terraref_1,Ripening,1303,13,0.4256371259689331,0.834799587726593,0.035673871636390686,0.9643261283636093,0.0,16
1302,5,40-50,Terraref_1,Ripening,1303,14,0.4744057059288025,0.8158712983131409,0.33346784114837646,0.6665321588516235,0.0,16
1302,5,40-50,Terraref_1,Ripening,1303,15,0.4617697596549988,0.8207756280899048,0.2537166178226471,0.7462833821773529,0.0,16
1302,5,40-50,Terraref_1,Ripening,1303,16,0.4926590323448181,0.8087866902351379,0.4287247657775879,0.5712752342224121,0.0,16
1302,5,40-50,Terraref_1,Ripening,1303,17,0.45976313948631287,0.82155442237854,0.6259922385215759,0.3740077614784241,0.0,16
1302,5,40-50,Terraref_1,Ripening,1303,18,0.4732826352119446,0.8163071870803833,0.2684655785560608,0.7315344214439392,0.0,16
1302,5,40-50,Terraref_1,Ripening,1303,19,0.43348217010498047,0.831754744052887,0.5745898485183716,0.4254101514816284,0.0,16
1302,5,40-50,Terraref_1,Ripening,1303,20,0.45744210481643677,0.8224552869796753,0.41312703490257263,0.5868729650974274,0.0,16
1302,5,40-50,Terraref_1,Ripening,1303,21,0.4424273371696472,0.82828289270401,0.5924860239028931,0.40751397609710693,0.0,16
1302,5,40-50,Terraref_1,Ripening,1303,22,0.32105082273483276,0.8753921389579773,0.030679047107696533,0.9693209528923035,0.0,16
1302,5,40-50,Terraref_1,Ripening,1303,23,0.4386994540691376,0.8297297954559326,0.6571226716041565,0.3428773283958435,0.0,16
1302,5,40-50,Terraref_1,Ripening,1303,24,0.44919848442077637,0.8256548643112183,0.48012927174568176,0.5198707282543182,0.10821256041526794,16
1302,5,40-50,Terraref_1,Ripening,1303,25,0.4515526294708252,0.8247411251068115,0.31640487909317017,0.6835951209068298,0.0,16
1302,5,40-50,Terraref_1,Ripening,1303,26,0.373558908700943,0.8550124764442444,0.27572357654571533,0.7242764234542847,0.0,16
1302,5,40-50,Terraref_1,Ripening,1303,27,0.48060694336891174,0.8134644627571106,0.4926284849643707,0.5073715150356293,0.0,16
1302,5,40-50,Terraref_1,Ripening,1303,28,0.38078904151916504,0.8522062301635742,0.030049387365579605,0.9699506126344204,0.0,16
1302,5,40-50,Terraref_1,Ripening,1303,29,0.40246763825416565,0.8437922596931458,0.49655431509017944,0.5034456849098206,0.0,16
1302,5,40-50,Terraref_1,Ripening,1303,30,0.46303853392601013,0.8202831745147705,0.10291684418916702,0.897083155810833,0.0,16
1302,5,40-50,Terraref_1,Ripening,1303,31,0.31917238235473633,0.8761212229728699,0.38486233353614807,0.6151376664638519,0.0,16
1302,5,40-50,Terraref_1,Ripening,1303,32,0.4663296341896057,0.8190057873725891,0.445250928401947,0.554749071598053,0.0,16
1302,5,40-50,Terraref_1,Ripening,1303,33,0.5556584596633911,0.7843350768089294,0.566386342048645,0.433613657951355,0.0,16
1302,5,40-50,Terraref_1,Ripening,1303,34,0.44669708609580994,0.8266257047653198,0.5818031430244446,0.4181968569755554,0.0,16
1302,5,40-50,Terraref_1,Ripening,1303,35,0.46135371923446655,0.8209370970726013,0.6689056754112244,0.33109432458877563,0.0,16
1302,5,40-50,Terraref_1,Ripening,1303,36,0.4287831485271454,0.8335785269737244,0.26137903332710266,0.7386209666728973,0.0,16
1302,5,40-50,Terraref_1,Ripening,1303,37,0.47025424242019653,0.817482590675354,0.054898377507925034,0.945101622492075,0.0,16
1302,5,40-50,Terraref_1,Ripening,1303,38,0.4690088629722595,0.8179659247398376,0.30889803171157837,0.6911019682884216,0.0,16
1302,5,40-50,Terraref_1,Ripening,1303,39,0.47532689571380615,0.8155137300491333,0.3387756645679474,0.6612243354320526,0.0,16
92,72,30-40,CIMMYT_3,Post-Flowering,93,0,0.3873956501483917,0.8496420383453369,0.5729311108589172,0.42706888914108276,0.0,17
92,72,30-40,CIMMYT_3,Post-Flowering,93,1,0.39180988073349,0.8479287624359131,0.8303559422492981,0.1696440577507019,0.0,17
92,72,30-40,CIMMYT_3,Post-Flowering,93,2,0.3546746075153351,0.8623419404029846,0.0,1.0,0.0,17
92,72,30-40,CIMMYT_3,Post-Flowering,93,3,0.4086599349975586,0.8413888812065125,0.6477826833724976,0.35221731662750244,0.0,17
92,72,30-40,CIMMYT_3,Post-Flowering,93,4,0.37199488282203674,0.855619490146637,0.45963945984840393,0.5403605401515961,0.0,17
92,72,30-40,CIMMYT_3,Post-Flowering,93,5,0.3723841905593872,0.8554683923721313,0.8753105998039246,0.12468940019607544,0.0,17
92,72,30-40,CIMMYT_3,Post-Flowering,93,6,0.3934202492237091,0.8473037481307983,0.7603635787963867,0.23963642120361328,0.0,17
92,72,30-40,CIMMYT_3,Post-Flowering,93,7,0.3597107529640198,0.8603872656822205,0.8708457946777344,0.12915420532226562,0.0,17
92,72,30-40,CIMMYT_3,Post-Flowering,93,8,0.37436240911483765,0.8547005653381348,0.7397633194923401,0.2602366805076599,0.0,17
92,72,30-40,CIMMYT_3,Post-Flowering,93,9,0.37970831990242004,0.8526257276535034,0.6456789374351501,0.35432106256484985,0.0,17
92,72,30-40,CIMMYT_3,Post-Flowering,93,10,0.35518985986709595,0.8621419668197632,0.6905319094657898,0.3094680905342102,0.0,17
92,72,30-40,CIMMYT_3,Post-Flowering,93,11,0.4309665262699127,0.8327311277389526,0.5673864483833313,0.4326135516166687,0.0,17
92,72,30-40,CIMMYT_3,Post-Flowering,93,12,0.35040637850761414,0.863998532295227,0.716102659702301,0.283897340297699,0.0,17
92,72,30-40,CIMMYT_3,Post-Flowering,93,13,0.360076367855072,0.8602453470230103,0.0,1.0,0.0,17
92,72,30-40,CIMMYT_3,Post-Flowering,93,14,0.4799021780490875,0.8137379884719849,0.8205112814903259,0.17948871850967407,0.0,17
92,72,30-40,CIMMYT_3,Post-Flowering,93,15,0.4405754506587982,0.8290016651153564,0.0,1.0,0.0,17
92,72,30-40,CIMMYT_3,Post-Flowering,93,16,0.3646179437637329,0.8584826588630676,0.7412729263305664,0.2587270736694336,0.0,17
92,72,30-40,CIMMYT_3,Post-Flowering,93,17,0.3722577691078186,0.8555174469947815,0.8355713486671448,0.16442865133285522,0.04801200330257416,17
92,72,30-40,CIMMYT_3,Post-Flowering,93,18,0.33917543292045593,0.8683575391769409,0.7732719779014587,0.22672802209854126,0.026122448965907097,17
92,72,30-40,CIMMYT_3,Post-Flowering,93,19,0.3955667018890381,0.8464706540107727,0.7927010655403137,0.20729893445968628,0.0,17
92,72,30-40,CIMMYT_3,Post-Flowering,93,20,0.3649348318576813,0.858359694480896,0.8502742648124695,0.14972573518753052,0.03342245891690254,17
92,72,30-40,CIMMYT_3,Post-Flowering,93,21,0.3927900791168213,0.8475483655929565,0.8292974829673767,0.1707025170326233,0.0,17
92,72,30-40,CIMMYT_3,Post-Flowering,93,22,0.35090774297714233,0.8638039231300354,0.744367778301239,0.255632221698761,0.0,17
92,72,30-40,CIMMYT_3,Post-Flowering,93,23,0.353071928024292,0.8629639148712158,0.6977380514144897,0.30226194858551025,0.0,17
92,72,30-40,CIMMYT_3,Post-Flowering,93,24,0.39793267846107483,0.845552384853363,0.586057722568512,0.41394227743148804,0.01566416025161743,17
92,72,30-40,CIMMYT_3,Post-Flowering,93,25,0.35743772983551025,0.861269474029541,0.76418536901474,0.23581463098526,0.021781789138913155,17
92,72,30-40,CIMMYT_3,Post-Flowering,93,26,0.36279016733169556,0.8591920733451843,0.6622149348258972,0.3377850651741028,0.0192041527479887,17
92,72,30-40,CIMMYT_3,Post-Flowering,93,27,0.39166322350502014,0.8479857444763184,0.8707815408706665,0.1292184591293335,0.0,17
92,72,30-40,CIMMYT_3,Post-Flowering,93,28,0.42900365591049194,0.8334929347038269,0.1553824245929718,0.8446175754070282,0.0,17
92,72,30-40,CIMMYT_3,Post-Flowering,93,29,0.4045010507106781,0.8430030345916748,0.5643923878669739,0.4356076121330261,0.0,17
92,72,30-40,CIMMYT_3,Post-Flowering,93,30,0.43024584650993347,0.8330107927322388,0.8729631304740906,0.12703686952590942,0.0,17
92,72,30-40,CIMMYT_3,Post-Flowering,93,31,0.3000292479991913,0.8835511207580566,0.8952550292015076,0.10474497079849243,0.0,17
92,72,30-40,CIMMYT_3,Post-Flowering,93,32,0.3877143859863281,0.849518358707428,0.8335398435592651,0.16646015644073486,0.05026300251483917,17
92,72,30-40,CIMMYT_3,Post-Flowering,93,33,0.41509315371513367,0.8388919830322266,0.535825788974762,0.46417421102523804,0.07494553178548813,17
92,72,30-40,CIMMYT_3,Post-Flowering,93,34,0.4427820146083832,0.8281452059745789,0.37227872014045715,0.6277212798595428,0.0,17
92,72,30-40,CIMMYT_3,Post-Flowering,93,35,0.3799234926700592,0.8525422215461731,0.452640563249588,0.547359436750412,0.0,17
92,72,30-40,CIMMYT_3,Post-Flowering,93,36,0.35933852195739746,0.860531747341156,0.3972078561782837,0.6027921438217163,0.0,17
92,72,30-40,CIMMYT_3,Post-Flowering,93,37,0.3444232642650604,0.8663207292556763,0.039316751062870026,0.96068324893713,0.0,17
92,72,30-40,CIMMYT_3,Post-Flowering,93,38,0.35909023880958557,0.8606281280517578,0.821863055229187,0.178136944770813,0.0,17
809,3,50-60,ARC_1,Filling,810,0,0.3828364312648773,0.8514115810394287,0.6491302847862244,0.35086971521377563,0.0,18
809,3,50-60,ARC_1,Filling,810,1,0.33532586693763733,0.8698516488075256,0.7728932499885559,0.2271067500114441,0.0,18
809,3,50-60,ARC_1,Filling,810,2,0.37965574860572815,0.8526461124420166,0.6205113530158997,0.37948864698410034,0.0,18
809,3,50-60,ARC_1,Filling,810,3,0.38212019205093384,0.8516895771026611,0.8451917171478271,0.15480828285217285,0.0,18
809,3,50-60,ARC_1,Filling,810,4,0.36562955379486084,0.8580900430679321,0.7662395238876343,0.23376047611236572,0.024080267176032066,18
809,3,50-60,ARC_1,Filling,810,5,0.4387359023094177,0.8297156095504761,0.38136425614356995,0.61863574385643,0.10953346639871597,18
809,3,50-60,ARC_1,Filling,810,6,0.41491952538490295,0.8389593362808228,0.4353264272212982,0.5646735727787018,0.10647010803222656,18
809,3,50-60,ARC_1,Filling,810,7,0.36401090025901794,0.8587182760238647,0.765672504901886,0.234327495098114,0.0,18
809,3,50-60,ARC_1,Filling,810,8,0.3528662919998169,0.8630437850952148,0.7622657418251038,0.23773425817489624,0.0,18
809,3,50-60,ARC_1,Filling,810,9,0.3668777644634247,0.8576055765151978,0.771830141544342,0.22816985845565796,0.0,18
809,3,50-60,ARC_1,Filling,810,10,0.3249163031578064,0.8738918304443359,0.8238784074783325,0.17612159252166748,0.0,18
809,3,50-60,ARC_1,Filling,810,11,0.3521007001399994,0.8633409142494202,0.620690643787384,0.37930935621261597,0.0,18
809,3,50-60,ARC_1,Filling,810,12,0.3892878592014313,0.8489076495170593,0.8153699636459351,0.18463003635406494,0.0,18
809,3,50-60,ARC_1,Filling,810,13,0.38661932945251465,0.8499433994293213,0.781817615032196,0.21818238496780396,0.0,18
809,3,50-60,ARC_1,Filling,810,14,0.3186461925506592,0.8763254880905151,0.6322233080863953,0.36777669191360474,0.0,18
809,3,50-60,ARC_1,Filling,810,15,0.3711438775062561,0.8559497594833374,0.6824492812156677,0.3175507187843323,0.0,18
809,3,50-60,ARC_1,Filling,810,16,0.3515128791332245,0.8635690212249756,0.6527087688446045,0.3472912311553955,0.0,18
809,3,50-60,ARC_1,Filling,810,17,0.3428102135658264,0.866946816444397,0.9083839654922485,0.09161603450775146,0.06710239499807358,18
809,3,50-60,ARC_1,Filling,810,18,0.3661153316497803,0.8579014539718628,0.6066133379936218,0.3933866620063782,0.5271739363670349,18
809,3,50-60,ARC_1,Filling,810,19,0.4753710627555847,0.8154966235160828,0.7734924554824829,0.2265075445175171,0.5833333134651184,18
809,3,50-60,ARC_1,Filling,810,20,0.3193095326423645,0.8760679960250854,0.7600541710853577,0.23994582891464233,0.0,18
809,3,50-60,ARC_1,Filling,810,21,0.32927554845809937,0.8721998929977417,0.7783297896385193,0.2216702103614807,0.0,18
809,3,50-60,ARC_1,Filling,810,22,0.37334156036376953,0.8550968170166016,0.62447190284729,0.37552809715270996,0.0,18
809,3,50-60,ARC_1,Filling,810,23,0.39399203658103943,0.8470818400382996,0.6371374726295471,0.3628625273704529,0.0,18
809,3,50-60,ARC_1,Filling,810,24,0.3252173066139221,0.8737750053405762,0.9202470183372498,0.07975298166275024,0.0,18
809,3,50-60,ARC_1,Filling,810,25,0.31594306230545044,0.8773745894432068,0.7028550505638123,0.29714494943618774,0.05925925821065903,18
809,3,50-60,ARC_1,Filling,810,26,0.34957045316696167,0.8643229603767395,0.9111255407333374,0.0888744592666626,0.1026143804192543,18
809,3,50-60,ARC_1,Filling,810,27,0.40101492404937744,0.8443560600280762,0.4545055329799652,0.5454944670200348,0.0,18
809,3,50-60,ARC_1,Filling,810,28,0.37350136041641235,0.8550347685813904,0.7360426783561707,0.26395732164382935,0.0,18
809,3,50-60,ARC_1,Filling,810,29,0.362240731716156,0.8594052791595459,0.8246836066246033,0.17531639337539673,0.0,18
809,3,50-60,ARC_1,Filling,810,30,0.3466537594795227,0.8654550313949585,0.8986606001853943,0.10133939981460571,0.014708886854350567,18
809,3,50-60,ARC_1,Filling,810,31,0.3392084240913391,0.8683447241783142,0.6470362544059753,0.35296374559402466,0.1796913892030716,18
809,3,50-60,ARC_1,Filling,810,32,0.29922929406166077,0.8838616609573364,0.6481115818023682,0.35188841819763184,0.19452627003192902,18
809,3,50-60,ARC_1,Filling,810,33,0.3923853933811188,0.8477054238319397,0.7504265308380127,0.2495734691619873,0.03852459043264389,18
809,3,50-60,ARC_1,Filling,810,34,0.3988913297653198,0.8451802730560303,0.6161986589431763,0.38380134105682373,0.019396550953388214,18
809,3,50-60,ARC_1,Filling,810,35,0.3718678951263428,0.8556687831878662,0.6171267628669739,0.3828732371330261,0.0,18
809,3,50-60,ARC_1,Filling,810,36,0.2918773293495178,0.8867151141166687,0.6771957278251648,0.3228042721748352,0.0,18
809,3,50-60,ARC_1,Filling,810,37,0.3429342806339264,0.8668986558914185,0.6943016052246094,0.3056983947753906,0.49832776188850403,18
809,3,50-60,ARC_1,Filling,810,38,0.30882665514945984,0.8801366090774536,0.7587752938270569,0.24122470617294312,0.20924149453639984,18
809,3,50-60,ARC_1,Filling,810,39,0.3344123363494873,0.8702062368392944,0.7939498424530029,0.20605015754699707,0.0,18
809,3,50-60,ARC_1,Filling,810,40,0.29220807552337646,0.8865867257118225,0.8538854122161865,0.14611458778381348,0.0,18
809,3,50-60,ARC_1,Filling,810,41,0.30942463874816895,0.879904568195343,0.8588932752609253,0.1411067247390747,0.2800179123878479,18
809,3,50-60,ARC_1,Filling,810,42,0.3456469178199768,0.865845799446106,0.65139240026474,0.34860759973526,0.2520669400691986,18
809,3,50-60,ARC_1,Filling,810,43,0.32674911618232727,0.8731805086135864,0.6115608811378479,0.3884391188621521,0.0,18
809,3,50-60,ARC_1,Filling,810,44,0.4284631013870239,0.8337027430534363,0.3618224859237671,0.6381775140762329,0.0,18
809,3,50-60,ARC_1,Filling,810,45,0.4342249035835266,0.8314664363861084,0.743344247341156,0.256655752658844,0.0,18
809,3,50-60,ARC_1,Filling,810,46,0.4277492165565491,0.8339798450469971,0.09267967939376831,0.9073203206062317,0.0,18
809,3,50-60,ARC_1,Filling,810,47,0.4203817844390869,0.8368393182754517,0.6250402927398682,0.37495970726013184,0.0,18
809,3,50-60,ARC_1,Filling,810,48,0.41890472173690796,0.8374125957489014,0.4779798984527588,0.5220201015472412,0.05128205195069313,18
809,3,50-60,ARC_1,Filling,810,49,0.4519646167755127,0.8245812654495239,0.5787765979766846,0.42122340202331543,0.8461538553237915,18
1059,61,60-70,Terraref_1,Ripening,1060,0,0.37903547286987305,0.8528868556022644,0.0,1.0,0.0,19
1059,61,60-70,Terraref_1,Ripening,1060,1,0.3671906590461731,0.8574841022491455,0.6858067512512207,0.3141932487487793,0.0,19
1059,61,60-70,Terraref_1,Ripening,1060,2,0.41141223907470703,0.8403205871582031,0.8303511738777161,0.16964882612228394,0.0,19
1059,61,60-70,Terraref_1,Ripening,1060,3,0.3729134202003479,0.8552629947662354,0.760010302066803,0.23998969793319702,0.041260164231061935,19
1059,61,60-70,Terraref_1,Ripening,1060,4,0.32470783591270447,0.8739727735519409,0.8986485004425049,0.10135149955749512,0.0,19
1059,61,60-70,Terraref_1,Ripening,1060,5,0.4782121777534485,0.8143938779830933,0.5335481762886047,0.46645182371139526,0.0,19
1059,61,60-70,Terraref_1,Ripening,1060,6,0.4350334405899048,0.8311526775360107,0.28921377658843994,0.7107862234115601,0.0,19
1059,61,60-70,Terraref_1,Ripening,1060,7,0.44908714294433594,0.8256980180740356,0.24134628474712372,0.7586537152528763,0.11640211939811707,19
1059,61,60-70,Terraref_1,Ripening,1060,8,0.43366536498069763,0.8316836357116699,0.7032751441001892,0.2967248558998108,0.0,19
1059,61,60-70,Terraref_1,Ripening,1060,9,0.42745888233184814,0.8340924978256226,0.0685204267501831,0.9314795732498169,0.09226077049970627,19
1059,61,60-70,Terraref_1,Ripening,1060,10,0.4417770504951477,0.8285353183746338,0.3142525255680084,0.6857474744319916,0.5254557132720947,19
1059,61,60-70,Terraref_1,Ripening,1060,11,0.3001604676246643,0.8835002183914185,0.9208343625068665,0.07916563749313354,0.0,19
1059,61,60-70,Terraref_1,Ripening,1060,12,0.32052379846572876,0.8755967020988464,0.9105752110481262,0.08942478895187378,0.005251312628388405,19
1059,61,60-70,Terraref_1,Ripening,1060,13,0.38739752769470215,0.8496413230895996,0.666194498538971,0.33380550146102905,0.0,19
1059,61,60-70,Terraref_1,Ripening,1060,14,0.3495289087295532,0.8643391132354736,0.7139525413513184,0.28604745864868164,0.0,19
1059,61,60-70,Terraref_1,Ripening,1060,15,0.3834702968597412,0.8511655926704407,0.004283830523490906,0.9957161694765091,0.0,19
1059,61,60-70,Terraref_1,Ripening,1060,16,0.4229463040828705,0.8358439207077026,0.7174834609031677,0.2825165390968323,0.0,19
1059,61,60-70,Terraref_1,Ripening,1060,17,0.37619590759277344,0.8539889454841614,0.8115120530128479,0.1884879469871521,0.0,19
1059,61,60-70,Terraref_1,Ripening,1060,18,0.32065561413764954,0.8755455613136292,0.7084642648696899,0.29153573513031006,0.0,19
1059,61,60-70,Terraref_1,Ripening,1060,19,0.27325814962387085,0.8939416408538818,0.0,1.0,0.1998237520456314,19
1059,61,60-70,Terraref_1,Ripening,1060,20,0.3363691568374634,0.8694467544555664,0.8731460571289062,0.12685394287109375,0.4343335032463074,19
1059,61,60-70,Terraref_1,Ripening,1060,21,0.3588663935661316,0.8607149720191956,0.7601550221443176,0.23984497785568237,0.021963823586702347,19
1059,61,60-70,Terraref_1,Ripening,1060,22,0.40761929750442505,0.8417927622795105,0.2352537214756012,0.7647462785243988,0.5866666436195374,19
1059,61,60-70,Terraref_1,Ripening,1060,23,0.45800018310546875,0.8222386837005615,0.3333624601364136,0.6666375398635864,0.0,19
1059,61,60-70,Terraref_1,Ripening,1060,24,0.49172624945640564,0.8091487288475037,0.6651356816291809,0.3348643183708191,0.0,19
1059,61,60-70,Terraref_1,Ripening,1060,25,0.43268322944641113,0.8320648074150085,0.1320076435804367,0.8679923564195633,0.0,19
1059,61,60-70,Terraref_1,Ripening,1060,26,0.4262716472148895,0.8345533013343811,0.72559654712677,0.27440345287323,0.0,19
1059,61,60-70,Terraref_1,Ripening,1060,27,0.37775853276252747,0.8533824682235718,0.7203128337860107,0.27968716621398926,0.0,19
1059,61,60-70,Terraref_1,Ripening,1060,28,0.4111737608909607,0.8404132127761841,0.3836352527141571,0.6163647472858429,0.0,19
1059,61,60-70,Terraref_1,Ripening,1060,29,0.33066681027412415,0.8716599941253662,0.0,1.0,0.0,19
1059,61,60-70,Terraref_1,Ripening,1060,30,0.3967166244983673,0.8460243940353394,0.629587709903717,0.37041229009628296,0.0,19
1059,61,60-70,Terraref_1,Ripening,1060,31,0.4114518463611603,0.8403052687644958,0.7031962275505066,0.2968037724494934,0.013931103982031345,19
1059,61,60-70,Terraref_1,Ripening,1060,32,0.42073094844818115,0.8367037773132324,0.5833686590194702,0.4166313409805298,0.0,19
1059,61,60-70,Terraref_1,Ripening,1060,33,0.4332153797149658,0.8318582773208618,0.9360368251800537,0.06396317481994629,0.0,19
1059,61,60-70,Terraref_1,Ripening,1060,34,0.4432700574398041,0.8279557824134827,0.33544325828552246,0.6645567417144775,0.20262664556503296,19
1059,61,60-70,Terraref_1,Ripening,1060,35,0.3233959376811981,0.8744819164276123,0.7374544143676758,0.2625455856323242,0.0,19
1059,61,60-70,Terraref_1,Ripening,1060,36,0.46100398898124695,0.8210728168487549,0.8083892464637756,0.19161075353622437,0.0,19
1059,61,60-70,Terraref_1,Ripening,1060,37,0.37222015857696533,0.8555320501327515,0.012688074260950089,0.9873119257390499,0.0,19
1059,61,60-70,Terraref_1,Ripening,1060,38,0.38479793071746826,0.8506503105163574,0.0,1.0,0.0,19
1059,61,60-70,Terraref_1,Ripening,1060,39,0.44398224353790283,0.8276793956756592,0.08004309237003326,0.9199569076299667,0.0,19
1059,61,60-70,Terraref_1,Ripening,1060,40,0.34587645530700684,0.8657566905021667,0.11408505588769913,0.8859149441123009,0.06451612710952759,19
1059,61,60-70,Terraref_1,Ripening,1060,41,0.43695688247680664,0.830406129360199,0.39709827303886414,0.6029017269611359,0.023047374561429024,19
1059,61,60-70,Terraref_1,Ripening,1060,42,0.414496511220932,0.839123547077179,0.0,1.0,0.0,19
1059,61,60-70,Terraref_1,Ripening,1060,43,0.3967539072036743,0.8460099101066589,0.0,1.0,0.0,19
1059,61,60-70,Terraref_1,Ripening,1060,44,0.39506015181541443,0.8466672897338867,0.0,1.0,0.03333333507180214,19
1059,61,60-70,Terraref_1,Ripening,1060,45,0.33566200733184814,0.8697211742401123,0.0,1.0,0.0,19
1059,61,60-70,Terraref_1,Ripening,1060,46,0.30675095319747925,0.8809422850608826,0.8783872127532959,0.1216127872467041,0.0,19
1059,61,60-70,Terraref_1,Ripening,1060,47,0.34041815996170044,0.8678752183914185,0.7544821500778198,0.24551784992218018,0.0,19
1059,61,60-70,Terraref_1,Ripening,1060,48,0.4592304825782776,0.8217611312866211,0.8161268830299377,0.18387311697006226,0.0,19
1059,61,60-70,Terraref_1,Ripening,1060,49,0.438917875289917,0.8296449780464172,0.0,1.0,0.0,19
1059,61,60-70,Terraref_1,Ripening,1060,50,0.369552344083786,0.8565675020217896,0.32965993881225586,0.6703400611877441,0.0,19
1059,61,60-70,Terraref_1,Ripening,1060,51,0.4385819435119629,0.8297753930091858,0.0,1.0,0.0,19
1059,61,60-70,Terraref_1,Ripening,1060,52,0.3462514281272888,0.86561119556427,0.0,1.0,0.0,19
1059,61,60-70,Terraref_1,Ripening,1060,53,0.4587858021259308,0.8219337463378906,0.6199471950531006,0.3800528049468994,0.03448275849223137,19
1059,61,60-70,Terraref_1,Ripening,1060,54,0.3937264084815979,0.847184956073761,0.10356433689594269,0.8964356631040573,0.0,19
1059,61,60-70,Terraref_1,Ripening,1060,55,0.4219735264778137,0.8362215161323547,0.21075119078159332,0.7892488092184067,0.028333334252238274,19
1059,61,60-70,Terraref_1,Ripening,1060,56,0.5161802172660828,0.7996575832366943,0.6461517810821533,0.3538482189178467,0.021733073517680168,19
1059,61,60-70,Terraref_1,Ripening,1060,57,0.5423540472984314,0.7894988059997559,0.0,1.0,0.2334834784269333,19
1059,61,60-70,Terraref_1,Ripening,1060,58,0.4069904386997223,0.8420368432998657,0.20549525320529938,0.7945047467947006,0.0,19
1059,61,60-70,Terraref_1,Ripening,1060,59,0.3889387845993042,0.8490431308746338,0.04345342516899109,0.9565465748310089,0.0,19
1059,61,60-70,Terraref_1,Ripening,1060,60,0.48713862895965576,0.8109292984008789,0.35997116565704346,0.6400288343429565,0.0,19
1059,61,60-70,Terraref_1,Ripening,1060,61,0.48200663924217224,0.8129211664199829,0.279306024312973,0.720693975687027,0.0,19
328,83,50-60,UQ_11,Post-Flowering,329,0,0.28770703077316284,0.8883336782455444,0.8640550374984741,0.13594496250152588,0.0,20
328,83,50-60,UQ_11,Post-Flowering,329,1,0.33075517416000366,0.8716256618499756,0.7827576398849487,0.21724236011505127,0.0,20
328,83,50-60,UQ_11,Post-Flowering,329,2,0.372422993183136,0.8554533123970032,0.48962166905403137,0.5103783309459686,0.0051282052882015705,20
328,83,50-60,UQ_11,Post-Flowering,329,3,0.2879931926727295,0.8882226347923279,0.8008585572242737,0.19914144277572632,0.10475464165210724,20
328,83,50-60,UQ_11,Post-Flowering,329,4,0.40584221482276917,0.8424825072288513,0.5767386555671692,0.4232613444328308,0.11159546673297882,20
328,83,50-60,UQ_11,Post-Flowering,329,5,0.35530486702919006,0.8620973229408264,0.7743242383003235,0.2256757616996765,0.17658862471580505,20
328,83,50-60,UQ_11,Post-Flowering,329,6,0.47039806842803955,0.8174267411231995,0.7279462814331055,0.27205371856689453,0.0,20
328,83,50-60,UQ_11,Post-Flowering,329,7,0.3971155881881714,0.8458695411682129,0.0,1.0,0.0,20
328,83,50-60,UQ_11,Post-Flowering,329,8,0.3523956537246704,0.8632264137268066,0.7284552454948425,0.27154475450515747,0.0,20
328,83,50-60,UQ_11,Post-Flowering,329,9,0.34781673550605774,0.8650036454200745,0.8013470768928528,0.19865292310714722,0.03883277252316475,20
328,83,50-60,UQ_11,Post-Flowering,329,10,0.38336947560310364,0.8512047529220581,0.6231068968772888,0.3768931031227112,0.016393441706895828,20
328,83,50-60,UQ_11,Post-Flowering,329,11,0.3626841604709625,0.8592332005500793,0.8215213418006897,0.1784786581993103,0.1663011759519577,20
328,83,50-60,UQ_11,Post-Flowering,329,12,0.35625529289245605,0.8617284297943115,0.8218223452568054,0.17817765474319458,0.2051515132188797,20
328,83,50-60,UQ_11,Post-Flowering,329,13,0.4715820550918579,0.816967248916626,0.8016441464424133,0.19835585355758667,0.0,20
328,83,50-60,UQ_11,Post-Flowering,329,14,0.38563308119773865,0.8503261804580688,0.7455652952194214,0.2544347047805786,0.049571603536605835,20
328,83,50-60,UQ_11,Post-Flowering,329,15,0.39573508501052856,0.8464053273200989,0.33942005038261414,0.6605799496173859,0.0,20
328,83,50-60,UQ_11,Post-Flowering,329,16,0.32349586486816406,0.8744431734085083,0.6605139374732971,0.3394860625267029,0.0,20
328,83,50-60,UQ_11,Post-Flowering,329,17,0.3105611503124237,0.8794634342193604,0.4926565885543823,0.5073434114456177,0.0,20
328,83,50-60,UQ_11,Post-Flowering,329,18,0.38486677408218384,0.850623607635498,0.5011664032936096,0.4988335967063904,0.0,20
328,83,50-60,UQ_11,Post-Flowering,329,19,0.3249015212059021,0.8738975524902344,0.8017783761024475,0.1982216238975525,0.0,20
328,83,50-60,UQ_11,Post-Flowering,329,20,0.41954776644706726,0.8371630311012268,0.7467652559280396,0.25323474407196045,0.0,20
328,83,50-60,UQ_11,Post-Flowering,329,21,0.39668795466423035,0.8460354804992676,0.6675050854682922,0.33249491453170776,0.2537313401699066,20
328,83,50-60,UQ_11,Post-Flowering,329,22,0.3791256248950958,0.8528518676757812,0.8640567064285278,0.13594329357147217,0.2264232039451599,20
328,83,50-60,UQ_11,Post-Flowering,329,23,0.3345491886138916,0.8701530694961548,0.8116788268089294,0.18832117319107056,0.0,20
328,83,50-60,UQ_11,Post-Flowering,329,24,0.38728368282318115,0.849685549736023,0.726517915725708,0.273482084274292,0.0,20
328,83,50-60,UQ_11,Post-Flowering,329,25,0.3972538709640503,0.8458158373832703,0.6166731715202332,0.38332682847976685,0.0,20
328,83,50-60,UQ_11,Post-Flowering,329,26,0.4138188362121582,0.8393865823745728,0.77036052942276,0.22963947057724,0.190476194024086,20
328,83,50-60,UQ_11,Post-Flowering,329,27,0.409177303314209,0.8411880731582642,0.6393207907676697,0.3606792092323303,0.0,20
328,83,50-60,UQ_11,Post-Flowering,329,28,0.37808144092559814,0.8532571196556091,0.9457870721817017,0.05421292781829834,0.0,20
328,83,50-60,UQ_11,Post-Flowering,329,29,0.4383307993412018,0.8298728466033936,0.10274255275726318,0.8972574472427368,0.0,20
328,83,50-60,UQ_11,Post-Flowering,329,30,0.40086033940315247,0.844416081905365,0.6942726373672485,0.30572736263275146,0.0,20
328,83,50-60,UQ_11,Post-Flowering,329,31,0.3885951638221741,0.8491765260696411,0.9049476981163025,0.09505230188369751,0.0,20
328,83,50-60,UQ_11,Post-Flowering,329,32,0.3901594579219818,0.8485693335533142,0.758565366268158,0.24143463373184204,0.1765030324459076,20
328,83,50-60,UQ_11,Post-Flowering,329,33,0.5076139569282532,0.8029823303222656,0.7338474988937378,0.2661525011062622,0.0,20
328,83,50-60,UQ_11,Post-Flowering,329,34,0.3775132894515991,0.8534776568412781,0.7620502710342407,0.23794972896575928,0.0,20
328,83,50-60,UQ_11,Post-Flowering,329,35,0.34050071239471436,0.8678431510925293,0.759170413017273,0.24082958698272705,0.10364145785570145,20
328,83,50-60,UQ_11,Post-Flowering,329,36,0.3908687233924866,0.8482940793037415,0.521146833896637,0.47885316610336304,0.0,20
328,83,50-60,UQ_11,Post-Flowering,329,37,0.392936110496521,0.8474916815757751,0.7843963503837585,0.21560364961624146,0.012684989720582962,20
328,83,50-60,UQ_11,Post-Flowering,329,38,0.36968994140625,0.8565140962600708,0.820206344127655,0.17979365587234497,0.08123791217803955,20
328,83,50-60,UQ_11,Post-Flowering,329,39,0.3962780237197876,0.8461946249008179,0.7433862686157227,0.25661373138427734,0.09797167778015137,20
328,83,50-60,UQ_11,Post-Flowering,329,40,0.3873610496520996,0.8496555089950562,0.899250328540802,0.100749671459198,0.29621317982673645,20
328,83,50-60,UQ_11,Post-Flowering,329,41,0.4011535048484802,0.8443022966384888,0.8493751287460327,0.15062487125396729,0.16326530277729034,20
328,83,50-60,UQ_11,Post-Flowering,329,42,0.3784547448158264,0.8531122207641602,0.6367318630218506,0.3632681369781494,0.33010753989219666,20
328,83,50-60,UQ_11,Post-Flowering,329,43,0.38672828674316406,0.8499010801315308,0.8452742099761963,0.1547257900238037,0.03999999910593033,20
328,83,50-60,UQ_11,Post-Flowering,329,44,0.3693602383136749,0.8566420674324036,0.7828967571258545,0.2171032428741455,0.0,20
328,83,50-60,UQ_11,Post-Flowering,329,45,0.4413505494594574,0.8287007808685303,0.7207717299461365,0.2792282700538635,0.14261460304260254,20
328,83,50-60,UQ_11,Post-Flowering,329,46,0.44521740078926086,0.8271999955177307,0.8209396004676819,0.17906039953231812,0.0,20
328,83,50-60,UQ_11,Post-Flowering,329,47,0.3765522241592407,0.8538506627082825,0.5441465973854065,0.4558534026145935,0.0,20
328,83,50-60,UQ_11,Post-Flowering,329,48,0.3761189579963684,0.8540188074111938,0.7311050891876221,0.26889491081237793,0.0,20
328,83,50-60,UQ_11,Post-Flowering,329,49,0.44213563203811646,0.8283960819244385,0.11263199895620346,0.8873680010437965,0.05140562355518341,20
328,83,50-60,UQ_11,Post-Flowering,329,50,0.36912107467651367,0.8567348718643188,0.7554969191551208,0.24450308084487915,0.0,20
328,83,50-60,UQ_11,Post-Flowering,329,51,0.3972362279891968,0.8458226919174194,0.0,1.0,0.0,20
328,83,50-60,UQ_11,Post-Flowering,329,52,0.433349609375,0.8318061828613281,0.6294170022010803,0.3705829977989197,0.32831326127052307,20
328,83,50-60,UQ_11,Post-Flowering,329,53,0.4481186866760254,0.826073944568634,0.3382158577442169,0.6617841422557831,0.0,20
328,83,50-60,UQ_11,Post-Flowering,329,54,0.38218140602111816,0.8516658544540405,0.0,1.0,0.0,20
328,83,50-60,UQ_11,Post-Flowering,329,55,0.43806928396224976,0.829974353313446,0.0,1.0,0.0,20
328,83,50-60,UQ_11,Post-Flowering,329,56,0.41783079504966736,0.8378294110298157,0.7239738702774048,0.2760261297225952,0.1266149878501892,20
328,83,50-60,UQ_11,Post-Flowering,329,57,0.44688504934310913,0.8265527486801147,0.7618108987808228,0.23818910121917725,0.09065680205821991,20
328,83,50-60,UQ_11,Post-Flowering,329,58,0.40608105063438416,0.8423897624015808,0.7788078188896179,0.22119218111038208,0.0,20
906,60,40-50,Ukyoto_1,Post-Flowering,907,0,0.25055813789367676,0.902752161026001,0.8862901329994202,0.11370986700057983,0.0,21
906,60,40-50,Ukyoto_1,Post-Flowering,907,1,0.46935248374938965,0.8178325891494751,0.0,1.0,0.0,21
906,60,40-50,Ukyoto_1,Post-Flowering,907,2,0.34803280234336853,0.8649197816848755,0.0,1.0,0.0,21
906,60,40-50,Ukyoto_1,Post-Flowering,907,3,0.41415613889694214,0.8392556309700012,0.0,1.0,0.0,21
906,60,40-50,Ukyoto_1,Post-Flowering,907,4,0.23388777673244476,0.9092223048210144,0.9022595286369324,0.09774047136306763,0.1072845309972763,21
906,60,40-50,Ukyoto_1,Post-Flowering,907,5,0.24121689796447754,0.9063776731491089,0.8821964263916016,0.11780357360839844,0.15122632682323456,21
906,60,40-50,Ukyoto_1,Post-Flowering,907,6,0.3932878375053406,0.8473551273345947,0.7233003377914429,0.27669966220855713,0.0,21
906,60,40-50,Ukyoto_1,Post-Flowering,907,7,0.39086398482322693,0.8482959270477295,0.03023994341492653,0.9697600565850735,0.0,21
906,60,40-50,Ukyoto_1,Post-Flowering,907,8,0.3108866512775421,0.8793371319770813,0.7020170092582703,0.29798299074172974,0.00957782007753849,21
906,60,40-50,Ukyoto_1,Post-Flowering,907,9,0.2672283351421356,0.8962819576263428,0.6798346638679504,0.32016533613204956,0.0,21
906,60,40-50,Ukyoto_1,Post-Flowering,907,10,0.2933501601219177,0.8861434459686279,0.6672815084457397,0.33271849155426025,0.0,21
906,60,40-50,Ukyoto_1,Post-Flowering,907,11,0.26115256547927856,0.8986401557922363,0.9107671976089478,0.08923280239105225,0.11489361524581909,21
906,60,40-50,Ukyoto_1,Post-Flowering,907,12,0.3423634171485901,0.8671202063560486,0.8991166353225708,0.1008833646774292,0.0,21
906,60,40-50,Ukyoto_1,Post-Flowering,907,13,0.3454216420650482,0.8659331798553467,0.8485711812973022,0.15142881870269775,0.0,21
906,60,40-50,Ukyoto_1,Post-Flowering,907,14,0.2298373579978943,0.9107943773269653,0.8194961547851562,0.18050384521484375,0.0,21
906,60,40-50,Ukyoto_1,Post-Flowering,907,15,0.2977631688117981,0.8844306468963623,0.922365665435791,0.07763433456420898,0.08001502603292465,21
906,60,40-50,Ukyoto_1,Post-Flowering,907,16,0.3458218276500702,0.865777850151062,0.9144772887229919,0.08552271127700806,0.13953489065170288,21
906,60,40-50,Ukyoto_1,Post-Flowering,907,17,0.45572003722190857,0.8231236338615417,0.8229646682739258,0.17703533172607422,0.27586206793785095,21
906,60,40-50,Ukyoto_1,Post-Flowering,907,18,0.3008462190628052,0.8832340240478516,0.7340452075004578,0.26595479249954224,0.0,21
906,60,40-50,Ukyoto_1,Post-Flowering,907,19,0.296408474445343,0.8849564790725708,0.1789194494485855,0.8210805505514145,0.0,21
906,60,40-50,Ukyoto_1,Post-Flowering,907,20,0.368305504322052,0.857051432132721,0.6783264875411987,0.32167351245880127,0.0,21
906,60,40-50,Ukyoto_1,Post-Flowering,907,21,0.44342511892318726,0.8278956413269043,0.689592719078064,0.31040728092193604,0.0,21
906,60,40-50,Ukyoto_1,Post-Flowering,907,22,0.3708011209964752,0.8560827970504761,0.6608719825744629,0.3391280174255371,0.0,21
906,60,40-50,Ukyoto_1,Post-Flowering,907,23,0.2795795798301697,0.8914881944656372,0.7262139320373535,0.2737860679626465,0.2023821473121643,21
906,60,40-50,Ukyoto_1,Post-Flowering,907,24,0.407392680644989,0.8418806791305542,0.277241051197052,0.722758948802948,0.8095238208770752,21
906,60,40-50,Ukyoto_1,Post-Flowering,907,25,0.3908815383911133,0.8482891321182251,0.3805612325668335,0.6194387674331665,0.0,21
906,60,40-50,Ukyoto_1,Post-Flowering,907,26,0.4243716597557068,0.8352907299995422,0.6454111933708191,0.3545888066291809,0.041873279958963394,21
906,60,40-50,Ukyoto_1,Post-Flowering,907,27,0.45143628120422363,0.8247863054275513,0.6569520235061646,0.34304797649383545,0.059659089893102646,21
906,60,40-50,Ukyoto_1,Post-Flowering,907,28,0.35839158296585083,0.8608992695808411,0.22026534378528595,0.779734656214714,0.09375,21
906,60,40-50,Ukyoto_1,Post-Flowering,907,29,0.40758946537971497,0.8418043851852417,0.32934898138046265,0.6706510186195374,0.4334016442298889,21
906,60,40-50,Ukyoto_1,Post-Flowering,907,30,0.49166634678840637,0.8091720342636108,0.7771048545837402,0.22289514541625977,0.5397129058837891,21
906,60,40-50,Ukyoto_1,Post-Flowering,907,31,0.44905754923820496,0.8257095217704773,0.2112046480178833,0.7887953519821167,0.6176470518112183,21
906,60,40-50,Ukyoto_1,Post-Flowering,907,32,0.4299318194389343,0.8331327438354492,0.45962047576904297,0.540379524230957,0.47727271914482117,21
906,60,40-50,Ukyoto_1,Post-Flowering,907,33,0.3246067464351654,0.8740119934082031,0.8842885494232178,0.11571145057678223,0.03076923079788685,21
906,60,40-50,Ukyoto_1,Post-Flowering,907,34,0.38217872381210327,0.8516668677330017,0.0,1.0,0.12287712097167969,21
906,60,40-50,Ukyoto_1,Post-Flowering,907,35,0.357224702835083,0.8613521456718445,0.6689884066581726,0.3310115933418274,0.06350626051425934,21
906,60,40-50,Ukyoto_1,Post-Flowering,907,36,0.46024370193481445,0.8213679194450378,0.6292046904563904,0.3707953095436096,0.11627907305955887,21
906,60,40-50,Ukyoto_1,Post-Flowering,907,37,0.36223599314689636,0.8594071269035339,0.0,1.0,0.0,21
906,60,40-50,Ukyoto_1,Post-Flowering,907,38,0.34054461121559143,0.8678261041641235,0.0,1.0,0.0,21
906,60,40-50,Ukyoto_1,Post-Flowering,907,39,0.3321736454963684,0.8710750937461853,0.8127050399780273,0.18729496002197266,0.0466148741543293,21
906,60,40-50,Ukyoto_1,Post-Flowering,907,40,0.36946725845336914,0.8566005229949951,0.485232949256897,0.514767050743103,0.08254717290401459,21
906,60,40-50,Ukyoto_1,Post-Flowering,907,41,0.44818001985549927,0.8260501623153687,0.39255285263061523,0.6074471473693848,0.0,21
906,60,40-50,Ukyoto_1,Post-Flowering,907,42,0.45750680565834045,0.8224301934242249,0.4492429494857788,0.5507570505142212,0.3286956548690796,21
906,60,40-50,Ukyoto_1,Post-Flowering,907,43,0.5005769729614258,0.8057135343551636,0.13838429749011993,0.8616157025098801,0.3841463327407837,21
906,60,40-50,Ukyoto_1,Post-Flowering,907,44,0.37112271785736084,0.8559579849243164,0.8227991461753845,0.17720085382461548,0.3139534890651703,21
906,60,40-50,Ukyoto_1,Post-Flowering,907,45,0.3390432894229889,0.8684087991714478,0.48011910915374756,0.5198808908462524,0.4984615445137024,21
906,60,40-50,Ukyoto_1,Post-Flowering,907,46,0.3511626720428467,0.8637049794197083,0.0,1.0,0.19948849081993103,21
906,60,40-50,Ukyoto_1,Post-Flowering,907,47,0.46000322699546814,0.8214612007141113,0.0,1.0,0.2689655125141144,21
492,70,20-30,UQ_11,Post-Flowering,493,0,0.37731122970581055,0.8535560965538025,0.47155845165252686,0.5284415483474731,0.15625,22
492,70,20-30,UQ_11,Post-Flowering,493,1,0.37075403332710266,0.8561010956764221,0.72801274061203,0.27198725938796997,0.15700483322143555,22
492,70,20-30,UQ_11,Post-Flowering,493,2,0.38401347398757935,0.8509547710418701,0.7902880907058716,0.20971190929412842,0.19735313951969147,22
492,70,20-30,UQ_11,Post-Flowering,493,3,0.3720911741256714,0.8555821180343628,0.7647764086723328,0.23522359132766724,0.2053140103816986,22
492,70,20-30,UQ_11,Post-Flowering,493,4,0.3744807839393616,0.8546546697616577,0.6235469579696655,0.3764530420303345,0.0,22
492,70,20-30,UQ_11,Post-Flowering,493,5,0.29870879650115967,0.8840636610984802,0.47016245126724243,0.5298375487327576,0.0,22
492,70,20-30,UQ_11,Post-Flowering,493,6,0.48139676451683044,0.813157856464386,0.7111735939979553,0.2888264060020447,0.0,22
492,70,20-30,UQ_11,Post-Flowering,493,7,0.3464610278606415,0.8655297756195068,0.10573612153530121,0.8942638784646988,0.0,22
492,70,20-30,UQ_11,Post-Flowering,493,8,0.35936057567596436,0.8605231642723083,0.7079253196716309,0.29207468032836914,0.0,22
492,70,20-30,UQ_11,Post-Flowering,493,9,0.4266745448112488,0.8343969583511353,0.9057053923606873,0.09429460763931274,0.0,22
492,70,20-30,UQ_11,Post-Flowering,493,10,0.3922002911567688,0.847777247428894,0.41130828857421875,0.5886917114257812,0.0,22
492,70,20-30,UQ_11,Post-Flowering,493,11,0.40016037225723267,0.8446877598762512,0.39767780900001526,0.6023221909999847,0.0,22
492,70,20-30,UQ_11,Post-Flowering,493,12,0.4653530716896057,0.8193848133087158,0.8158462047576904,0.18415379524230957,0.5842803120613098,22
492,70,20-30,UQ_11,Post-Flowering,493,13,0.3711920976638794,0.8559310436248779,0.34694260358810425,0.6530573964118958,0.8454510569572449,22
492,70,20-30,UQ_11,Post-Flowering,493,14,0.4027625620365143,0.8436777591705322,0.5413658618927002,0.4586341381072998,0.6482353210449219,22
492,70,20-30,UQ_11,Post-Flowering,493,15,0.3437516689300537,0.866581380367279,0.6588383316993713,0.34116166830062866,0.0,22
492,70,20-30,UQ_11,Post-Flowering,493,16,0.37947899103164673,0.8527147173881531,0.7447007298469543,0.25529927015304565,0.0,22
492,70,20-30,UQ_11,Post-Flowering,493,17,0.46460598707199097,0.8196747899055481,0.6423769593238831,0.35762304067611694,0.0,22
492,70,20-30,UQ_11,Post-Flowering,493,18,0.41362160444259644,0.8394631147384644,0.47319185733795166,0.5268081426620483,0.0,22
492,70,20-30,UQ_11,Post-Flowering,493,19,0.4599762558937073,0.8214716911315918,0.43021389842033386,0.5697861015796661,0.0,22
492,70,20-30,UQ_11,Post-Flowering,493,20,0.36795201897621155,0.8571886420249939,0.8375983238220215,0.16240167617797852,0.0,22
492,70,20-30,UQ_11,Post-Flowering,493,21,0.4030211567878723,0.8435773849487305,0.32808080315589905,0.671919196844101,0.0,22
492,70,20-30,UQ_11,Post-Flowering,493,22,0.5383671522140503,0.7910462617874146,0.20390895009040833,0.7960910499095917,0.0,22
492,70,20-30,UQ_11,Post-Flowering,493,23,0.4118853807449341,0.8401370048522949,0.7298621535301208,0.27013784646987915,0.0,22
492,70,20-30,UQ_11,Post-Flowering,493,24,0.45819199085235596,0.8221642374992371,0.32306405901908875,0.6769359409809113,0.0,22
492,70,20-30,UQ_11,Post-Flowering,493,25,0.3913896083831787,0.8480919003486633,0.5584640502929688,0.44153594970703125,0.0,22
492,70,20-30,UQ_11,Post-Flowering,493,26,0.34797757863998413,0.8649412393569946,0.06467369198799133,0.9353263080120087,0.0,22
1277,79,30-40,CIMMYT_2,Post-Flowering,1278,0,0.3056022524833679,0.8813881278038025,0.7384477257728577,0.26155227422714233,0.0,23
1277,79,30-40,CIMMYT_2,Post-Flowering,1278,1,0.3495791554450989,0.8643195629119873,0.8632145524024963,0.13678544759750366,0.0,23
1277,79,30-40,CIMMYT_2,Post-Flowering,1278,2,0.4218335449695587,0.8362758755683899,0.6083927154541016,0.39160728454589844,0.0,23
1277,79,30-40,CIMMYT_2,Post-Flowering,1278,3,0.42966213822364807,0.8332374095916748,0.5246071219444275,0.4753928780555725,0.0,23
1277,79,30-40,CIMMYT_2,Post-Flowering,1278,4,0.3275824189186096,0.8728570938110352,0.7471083998680115,0.2528916001319885,0.0,23
1277,79,30-40,CIMMYT_2,Post-Flowering,1278,5,0.3453983664512634,0.8659422397613525,0.624352216720581,0.37564778327941895,0.0,23
1277,79,30-40,CIMMYT_2,Post-Flowering,1278,6,0.3711123466491699,0.8559620380401611,0.8880460858345032,0.11195391416549683,0.0,23
1277,79,30-40,CIMMYT_2,Post-Flowering,1278,7,0.35526391863822937,0.8621131777763367,0.7632400393486023,0.2367599606513977,0.01975683867931366,23
1277,79,30-40,CIMMYT_2,Post-Flowering,1278,8,0.37847161293029785,0.8531057238578796,0.6021350622177124,0.3978649377822876,0.0439189188182354,23
1277,79,30-40,CIMMYT_2,Post-Flowering,1278,9,0.37453019618988037,0.85463547706604,0.8287942409515381,0.17120575904846191,0.04497041553258896,23
1277,79,30-40,CIMMYT_2,Post-Flowering,1278,10,0.4096320867538452,0.8410115242004395,0.6654849052429199,0.3345150947570801,0.09806451946496964,23
1277,79,30-40,CIMMYT_2,Post-Flowering,1278,11,0.34377890825271606,0.8665708303451538,0.7889487743377686,0.21105122566223145,0.0,23
1277,79,30-40,CIMMYT_2,Post-Flowering,1278,12,0.2823728322982788,0.8904040455818176,0.8743332028388977,0.1256667971611023,0.3979591727256775,23
1277,79,30-40,CIMMYT_2,Post-Flowering,1278,13,0.2546420991420746,0.9011670351028442,0.9022867679595947,0.09771323204040527,0.21130257844924927,23
1277,79,30-40,CIMMYT_2,Post-Flowering,1278,14,0.33378610014915466,0.8704492449760437,0.910822868347168,0.08917713165283203,0.0,23
1277,79,30-40,CIMMYT_2,Post-Flowering,1278,15,0.35037633776664734,0.864010214805603,0.8039309978485107,0.19606900215148926,0.0,23
1277,79,30-40,CIMMYT_2,Post-Flowering,1278,16,0.29598528146743774,0.8851207494735718,0.7226835489273071,0.27731645107269287,0.0,23
1277,79,30-40,CIMMYT_2,Post-Flowering,1278,17,0.4176894426345825,0.8378843069076538,0.4373072385787964,0.5626927614212036,0.0,23
1277,79,30-40,CIMMYT_2,Post-Flowering,1278,18,0.37817028164863586,0.853222668170929,0.7787566184997559,0.22124338150024414,0.0,23
1277,79,30-40,CIMMYT_2,Post-Flowering,1278,19,0.3798805773258209,0.8525588512420654,0.5173620581626892,0.4826379418373108,0.0,23
1277,79,30-40,CIMMYT_2,Post-Flowering,1278,20,0.3571881055831909,0.8613663911819458,0.852569580078125,0.147430419921875,0.0,23
1277,79,30-40,CIMMYT_2,Post-Flowering,1278,21,0.38157224655151367,0.8519022464752197,0.683300793170929,0.31669920682907104,0.0,23
1277,79,30-40,CIMMYT_2,Post-Flowering,1278,22,0.34018999338150024,0.8679637908935547,0.8045754432678223,0.19542455673217773,0.0,23
1277,79,30-40,CIMMYT_2,Post-Flowering,1278,23,0.35013410449028015,0.864104151725769,0.8004398345947266,0.19956016540527344,0.0,23
1277,79,30-40,CIMMYT_2,Post-Flowering,1278,24,0.4005542993545532,0.8445348739624023,0.44877395033836365,0.5512260496616364,0.06912442296743393,23
1277,79,30-40,CIMMYT_2,Post-Flowering,1278,25,0.3812393248081207,0.8520314693450928,0.8182480931282043,0.18175190687179565,0.009775733575224876,23
1277,79,30-40,CIMMYT_2,Post-Flowering,1278,26,0.37416714429855347,0.8547763824462891,0.5511143803596497,0.44888561964035034,0.0,23
1277,79,30-40,CIMMYT_2,Post-Flowering,1278,27,0.39110833406448364,0.8482010960578918,0.7821460366249084,0.21785396337509155,0.0,23
1277,79,30-40,CIMMYT_2,Post-Flowering,1278,28,0.40851932764053345,0.8414434194564819,0.48117852210998535,0.5188214778900146,0.021276595070958138,23
1277,79,30-40,CIMMYT_2,Post-Flowering,1278,29,0.4289408326148987,0.83351731300354,0.7962963581085205,0.2037036418914795,0.0,23
1277,79,30-40,CIMMYT_2,Post-Flowering,1278,30,0.4077184498310089,0.8417543172836304,0.2617024779319763,0.7382975220680237,0.15789473056793213,23
269,25,20-30,KSU_3,Filling,270,0,0.361125111579895,0.8598383069038391,0.83833909034729,0.16166090965270996,0.0,24
269,25,20-30,KSU_3,Filling,270,1,0.38771313428878784,0.8495188355445862,0.8882848620414734,0.11171513795852661,0.0,24
269,25,20-30,KSU_3,Filling,270,2,0.3579522967338562,0.8610697984695435,0.6157767176628113,0.3842232823371887,0.45900973677635193,24
269,25,20-30,KSU_3,Filling,270,3,0.3375709652900696,0.8689802885055542,0.7944648265838623,0.2055351734161377,0.0,24
269,25,20-30,KSU_3,Filling,270,4,0.4438311457633972,0.8277380466461182,0.5349981784820557,0.46500182151794434,0.0,24
269,25,20-30,KSU_3,Filling,270,5,0.40628722310066223,0.8423097729682922,0.8537104725837708,0.14628952741622925,0.05454545468091965,24
269,25,20-30,KSU_3,Filling,270,6,0.41541412472724915,0.838767409324646,0.7320318818092346,0.2679681181907654,0.17379310727119446,24
269,25,20-30,KSU_3,Filling,270,7,0.46895912289619446,0.8179852366447449,0.4003126621246338,0.5996873378753662,0.0,24
269,25,20-30,KSU_3,Filling,270,8,0.39954888820648193,0.8449251055717468,0.6992263197898865,0.3007736802101135,0.2899390161037445,24
269,25,20-30,KSU_3,Filling,270,9,0.39468085765838623,0.8468145132064819,0.9121520519256592,0.08784794807434082,0.0,24
269,25,20-30,KSU_3,Filling,270,10,0.4328516125679016,0.8319994807243347,0.8119314908981323,0.18806850910186768,0.0,24
269,25,20-30,KSU_3,Filling,270,11,0.44719111919403076,0.8264339566230774,0.90879225730896,0.09120774269104004,0.0,24
269,25,20-30,KSU_3,Filling,270,12,0.4184732437133789,0.8375800848007202,0.82844477891922,0.17155522108078003,0.0,24
269,25,20-30,KSU_3,Filling,270,13,0.3635883033275604,0.8588823080062866,0.9446765780448914,0.05532342195510864,0.0,24
269,25,20-30,KSU_3,Filling,270,14,0.44701120257377625,0.8265037536621094,0.8371296525001526,0.1628703474998474,0.0,24
269,25,20-30,KSU_3,Filling,270,15,0.4687883257865906,0.8180515170097351,0.36406269669532776,0.6359373033046722,0.0,24
269,25,20-30,KSU_3,Filling,270,16,0.4266638159751892,0.8344011306762695,0.6873765587806702,0.31262344121932983,0.0833333358168602,24
269,25,20-30,KSU_3,Filling,270,17,0.3690521717071533,0.856761634349823,0.3214758038520813,0.6785241961479187,0.0,24
269,25,20-30,KSU_3,Filling,270,18,0.47909557819366455,0.8140510320663452,0.811185896396637,0.18881410360336304,0.24074074625968933,24
269,25,20-30,KSU_3,Filling,270,19,0.4072383642196655,0.8419406414031982,0.5295370221138,0.47046297788619995,0.09735159575939178,24
269,25,20-30,KSU_3,Filling,270,20,0.33414632081985474,0.8703094720840454,0.860276460647583,0.139723539352417,0.0,24
269,25,20-30,KSU_3,Filling,270,21,0.44268542528152466,0.8281826972961426,0.3066454231739044,0.6933545768260956,0.0,24
269,25,20-30,KSU_3,Filling,270,22,0.38123562932014465,0.8520328998565674,0.7248047590255737,0.27519524097442627,0.0,24
269,25,20-30,KSU_3,Filling,270,23,0.4461687207221985,0.8268307447433472,0.533071756362915,0.46692824363708496,0.38946279883384705,24
269,25,20-30,KSU_3,Filling,270,24,0.32474854588508606,0.8739569783210754,0.5262967944145203,0.47370320558547974,0.07217473536729813,24
269,25,20-30,KSU_3,Filling,270,25,0.4192151427268982,0.8372921347618103,0.7516440749168396,0.2483559250831604,0.09365063905715942,24
269,25,20-30,KSU_3,Filling,270,26,0.43849486112594604,0.8298091888427734,0.7122941017150879,0.2877058982849121,1.0,24
269,25,20-30,KSU_3,Filling,270,27,0.3992367386817932,0.8450462222099304,0.0,1.0,0.0,24
269,25,20-30,KSU_3,Filling,270,28,0.4653727412223816,0.8193771839141846,0.5807029604911804,0.4192970395088196,0.0,24
507,52,80-100,KSU_3,Filling,508,0,0.3285829424858093,0.8724687099456787,0.5954235196113586,0.40457648038864136,0.0,25
507,52,80-100,KSU_3,Filling,508,1,0.31357258558273315,0.8782946467399597,0.6835017800331116,0.3164982199668884,0.0,25
507,52,80-100,KSU_3,Filling,508,2,0.3255692422389984,0.873638391494751,0.43315815925598145,0.5668418407440186,0.0,25
507,52,80-100,KSU_3,Filling,508,3,0.4407993257045746,0.8289147615432739,0.5470730066299438,0.45292699337005615,0.0,25
507,52,80-100,KSU_3,Filling,508,4,0.3457386791706085,0.8658101558685303,0.421831339597702,0.578168660402298,0.0,25
507,52,80-100,KSU_3,Filling,508,5,0.39514684677124023,0.8466336131095886,0.6232377290725708,0.3767622709274292,0.0,25
507,52,80-100,KSU_3,Filling,508,6,0.34283939003944397,0.8669354915618896,0.6892604231834412,0.31073957681655884,0.0,25
507,52,80-100,KSU_3,Filling,508,7,0.37102463841438293,0.8559960722923279,0.7571868300437927,0.24281316995620728,0.0,25
507,52,80-100,KSU_3,Filling,508,8,0.3234105110168457,0.8744763135910034,0.6258050203323364,0.3741949796676636,0.0,25
507,52,80-100,KSU_3,Filling,508,9,0.34854403138160706,0.8647213578224182,0.5328850746154785,0.4671149253845215,0.0,25
507,52,80-100,KSU_3,Filling,508,10,0.311052143573761,0.8792728781700134,0.6307033896446228,0.3692966103553772,0.0,25
507,52,80-100,KSU_3,Filling,508,11,0.3375155031681061,0.8690018057823181,0.6527607440948486,0.34723925590515137,0.0,25
507,52,80-100,KSU_3,Filling,508,12,0.331400990486145,0.8713749647140503,0.4816574156284332,0.5183425843715668,0.0,25
507,52,80-100,KSU_3,Filling,508,13,0.35776418447494507,0.8611427545547485,0.6245588064193726,0.37544119358062744,0.0,25
507,52,80-100,KSU_3,Filling,508,14,0.40028202533721924,0.8446405529975891,0.5022068023681641,0.49779319763183594,0.0,25
507,52,80-100,KSU_3,Filling,508,15,0.3574792444705963,0.8612533807754517,0.49611029028892517,0.5038897097110748,0.0,25
507,52,80-100,KSU_3,Filling,508,16,0.3133147358894348,0.8783947229385376,0.7789710760116577,0.22102892398834229,0.0017969452310353518,25
507,52,80-100,KSU_3,Filling,508,17,0.409064918756485,0.8412317037582397,0.6036296486854553,0.3963703513145447,0.0,25
507,52,80-100,KSU_3,Filling,508,18,0.3404792845249176,0.8678514957427979,0.6227728724479675,0.37722712755203247,0.0,25
507,52,80-100,KSU_3,Filling,508,19,0.3239802122116089,0.8742551803588867,0.6565565466880798,0.34344345331192017,0.0,25
507,52,80-100,KSU_3,Filling,508,20,0.3626389503479004,0.8592507839202881,0.6167874336242676,0.3832125663757324,0.0,25
507,52,80-100,KSU_3,Filling,508,21,0.3339853882789612,0.87037193775177,0.7956996560096741,0.20430034399032593,0.0,25
507,52,80-100,KSU_3,Filling,508,22,0.3400266766548157,0.8680271506309509,0.7330537438392639,0.2669462561607361,0.0,25
507,52,80-100,KSU_3,Filling,508,23,0.3267306089401245,0.8731876611709595,0.6352418065071106,0.3647581934928894,0.0,25
507,52,80-100,KSU_3,Filling,508,24,0.37922489643096924,0.8528133630752563,0.4983885586261749,0.5016114413738251,0.0,25
507,52,80-100,KSU_3,Filling,508,25,0.3620609641075134,0.8594750761985779,0.640143096446991,0.35985690355300903,0.002506265649572015,25
507,52,80-100,KSU_3,Filling,508,26,0.3395851254463196,0.8681985139846802,0.7528784871101379,0.24712151288986206,0.0,25
507,52,80-100,KSU_3,Filling,508,27,0.34386545419692993,0.8665372133255005,0.702778697013855,0.297221302986145,0.0,25
507,52,80-100,KSU_3,Filling,508,28,0.34372270107269287,0.8665926456451416,0.6059346795082092,0.39406532049179077,0.0,25
507,52,80-100,KSU_3,Filling,508,29,0.33834660053253174,0.8686792254447937,0.6120328903198242,0.3879671096801758,0.0,25
507,52,80-100,KSU_3,Filling,508,30,0.3228927552700043,0.8746772408485413,0.6639795899391174,0.33602041006088257,0.0,25
507,52,80-100,KSU_3,Filling,508,31,0.32650119066238403,0.8732767105102539,0.5945688486099243,0.4054311513900757,0.0,25
507,52,80-100,KSU_3,Filling,508,32,0.3211318850517273,0.8753607273101807,0.6749657392501831,0.3250342607498169,0.0,25
507,52,80-100,KSU_3,Filling,508,33,0.31353533267974854,0.8783091306686401,0.8122756481170654,0.18772435188293457,0.0,25
507,52,80-100,KSU_3,Filling,508,34,0.33523237705230713,0.8698879480361938,0.7506844401359558,0.2493155598640442,0.0,25
507,52,80-100,KSU_3,Filling,508,35,0.3442971706390381,0.8663696646690369,0.6466472148895264,0.35335278511047363,0.0,25
507,52,80-100,KSU_3,Filling,508,36,0.36614298820495605,0.8578907251358032,0.8534008264541626,0.1465991735458374,0.0,25
507,52,80-100,KSU_3,Filling,508,37,0.353607714176178,0.8627560138702393,0.7438212633132935,0.25617873668670654,0.0,25
507,52,80-100,KSU_3,Filling,508,38,0.32259684801101685,0.8747920989990234,0.6496039032936096,0.3503960967063904,0.0,25
507,52,80-100,KSU_3,Filling,508,39,0.31303808093070984,0.8785020709037781,0.7628867626190186,0.23711323738098145,0.0,25
507,52,80-100,KSU_3,Filling,508,40,0.3405650556087494,0.8678181767463684,0.693910539150238,0.30608946084976196,0.0,25
507,52,80-100,KSU_3,Filling,508,41,0.3224045932292938,0.8748667240142822,0.7722728252410889,0.22772717475891113,0.0,25
507,52,80-100,KSU_3,Filling,508,42,0.34730833768844604,0.865200936794281,0.6664445996284485,0.3335554003715515,0.0,25
507,52,80-100,KSU_3,Filling,508,43,0.263103723526001,0.897882878780365,0.8853307962417603,0.11466920375823975,0.0,25
507,52,80-100,KSU_3,Filling,508,44,0.40303903818130493,0.8435704708099365,0.6892772912979126,0.3107227087020874,0.0,25
507,52,80-100,KSU_3,Filling,508,45,0.3145067095756531,0.877932071685791,0.8157269358634949,0.18427306413650513,0.0,25
507,52,80-100,KSU_3,Filling,508,46,0.34052878618240356,0.8678323030471802,0.7318909168243408,0.2681090831756592,0.011666666716337204,25
507,52,80-100,KSU_3,Filling,508,47,0.3523532748222351,0.8632428646087646,0.6264083981513977,0.3735916018486023,0.0,25
507,52,80-100,KSU_3,Filling,508,48,0.37007200717926025,0.8563657999038696,0.7692360877990723,0.23076391220092773,0.015441176481544971,25
507,52,80-100,KSU_3,Filling,508,49,0.3400234580039978,0.8680284023284912,0.6529094576835632,0.34709054231643677,0.0,25
507,52,80-100,KSU_3,Filling,508,50,0.2898225784301758,0.8875126242637634,0.7979099750518799,0.20209002494812012,0.0,25
507,52,80-100,KSU_3,Filling,508,51,0.43047600984573364,0.8329215049743652,0.10948363691568375,0.8905163630843163,0.0,25
507,52,80-100,KSU_3,Filling,508,52,0.3377721607685089,0.8689022064208984,0.8897283673286438,0.1102716326713562,0.0,25
507,52,80-100,KSU_3,Filling,508,53,0.29390352964401245,0.8859286904335022,0.8577832579612732,0.1422167420387268,0.0,25
507,52,80-100,KSU_3,Filling,508,54,0.3424322009086609,0.8670935034751892,0.8703680038452148,0.12963199615478516,0.0,25
507,52,80-100,KSU_3,Filling,508,55,0.3171285390853882,0.8769145011901855,0.6821775436401367,0.3178224563598633,0.0,25
507,52,80-100,KSU_3,Filling,508,56,0.34532928466796875,0.8659690618515015,0.7631163597106934,0.23688364028930664,0.0,25
507,52,80-100,KSU_3,Filling,508,57,0.38024377822875977,0.8524178862571716,0.7352297902107239,0.2647702097892761,0.0,25
507,52,80-100,KSU_3,Filling,508,58,0.30242329835891724,0.8826219439506531,0.6984595060348511,0.3015404939651489,0.0,25
507,52,80-100,KSU_3,Filling,508,59,0.4132515490055084,0.839606761932373,0.65020751953125,0.34979248046875,0.0,25
507,52,80-100,KSU_3,Filling,508,60,0.3209572434425354,0.8754284381866455,0.8046745657920837,0.19532543420791626,0.0,25
507,52,80-100,KSU_3,Filling,508,61,0.3553053140640259,0.8620971441268921,0.8172546625137329,0.1827453374862671,0.0,25
507,52,80-100,KSU_3,Filling,508,62,0.3630756735801697,0.8590812683105469,0.7820904850959778,0.21790951490402222,0.04228329658508301,25
507,52,80-100,KSU_3,Filling,508,63,0.44286179542541504,0.8281142711639404,0.7020581960678101,0.29794180393218994,0.02976190485060215,25
507,52,80-100,KSU_3,Filling,508,64,0.40571093559265137,0.8425334692001343,0.7882019877433777,0.21179801225662231,0.0,25
507,52,80-100,KSU_3,Filling,508,65,0.29936397075653076,0.8838093280792236,0.8035983443260193,0.1964016556739807,0.0,25
507,52,80-100,KSU_3,Filling,508,66,0.3108528256416321,0.8793502449989319,0.8829712867736816,0.11702871322631836,0.0,25
507,52,80-100,KSU_3,Filling,508,67,0.34571194648742676,0.8658205270767212,0.7015461325645447,0.2984538674354553,0.0,25
507,52,80-100,KSU_3,Filling,508,68,0.3588443100452423,0.8607235550880432,0.4985382854938507,0.5014617145061493,0.0,25
507,52,80-100,KSU_3,Filling,508,69,0.34614071249961853,0.8656541109085083,0.8671766519546509,0.13282334804534912,0.0,25
507,52,80-100,KSU_3,Filling,508,70,0.38369643688201904,0.8510777950286865,0.5136216878890991,0.4863783121109009,0.0,25
507,52,80-100,KSU_3,Filling,508,71,0.3909522294998169,0.8482616543769836,0.7486422061920166,0.2513577938079834,0.0,25
507,52,80-100,KSU_3,Filling,508,72,0.3486824929714203,0.8646675944328308,0.614789605140686,0.38521039485931396,0.0,25
507,52,80-100,KSU_3,Filling,508,73,0.4133572578430176,0.8395656943321228,0.8320177793502808,0.16798222064971924,0.0,25
507,52,80-100,KSU_3,Filling,508,74,0.39018574357032776,0.8485591411590576,0.655846893787384,0.34415310621261597,0.0,25
507,52,80-100,KSU_3,Filling,508,75,0.398954302072525,0.8451558351516724,0.6266672611236572,0.3733327388763428,0.0,25
507,52,80-100,KSU_3,Filling,508,76,0.36404067277908325,0.8587067127227783,0.42878633737564087,0.5712136626243591,0.0,25
507,52,80-100,KSU_3,Filling,508,77,0.36431270837783813,0.8586010932922363,0.6749088764190674,0.3250911235809326,0.0,25
507,52,80-100,KSU_3,Filling,508,78,0.39807233214378357,0.8454981446266174,0.5885289907455444,0.41147100925445557,0.0,25
507,52,80-100,KSU_3,Filling,508,79,0.38117000460624695,0.8520584106445312,0.7264193892478943,0.2735806107521057,0.0,25
507,52,80-100,KSU_3,Filling,508,80,0.3663254380226135,0.8578199148178101,0.730038046836853,0.269961953163147,0.0,25
507,52,80-100,KSU_3,Filling,508,81,0.37118563055992126,0.8559335470199585,0.6767780184745789,0.32322198152542114,0.0,25
91,48,80-100,NAU_3,Filling,92,0,0.30142879486083984,0.8830079436302185,0.914201557636261,0.08579844236373901,0.0,26
91,48,80-100,NAU_3,Filling,92,1,0.33873412013053894,0.8685288429260254,0.7118486762046814,0.2881513237953186,0.13155241310596466,26
91,48,80-100,NAU_3,Filling,92,2,0.4125319719314575,0.8398860096931458,0.5368309617042542,0.46316903829574585,0.41866329312324524,26
91,48,80-100,NAU_3,Filling,92,3,0.345464825630188,0.8659164905548096,0.7756091952323914,0.22439080476760864,0.4554166793823242,26
91,48,80-100,NAU_3,Filling,92,4,0.35295847058296204,0.8630080223083496,0.6161760091781616,0.3838239908218384,0.0,26
91,48,80-100,NAU_3,Filling,92,5,0.34372028708457947,0.8665935397148132,0.8467370271682739,0.15326297283172607,0.09287054091691971,26
91,48,80-100,NAU_3,Filling,92,6,0.33116093277931213,0.871468186378479,0.837492048740387,0.16250795125961304,0.0,26
91,48,80-100,NAU_3,Filling,92,7,0.2998102903366089,0.8836361169815063,0.9269545674324036,0.07304543256759644,0.03275434300303459,26
91,48,80-100,NAU_3,Filling,92,8,0.3188227415084839,0.8762569427490234,0.7537738084793091,0.24622619152069092,0.0,26
91,48,80-100,NAU_3,Filling,92,9,0.3121613562107086,0.8788423538208008,0.6915907263755798,0.30840927362442017,0.6764705777168274,26
91,48,80-100,NAU_3,Filling,92,10,0.40450388193130493,0.8430019617080688,0.6643767952919006,0.33562320470809937,0.6084656119346619,26
91,48,80-100,NAU_3,Filling,92,11,0.30236876010894775,0.8826431035995483,0.8119795918464661,0.18802040815353394,0.0,26
91,48,80-100,NAU_3,Filling,92,12,0.35204339027404785,0.8633631467819214,0.8653334975242615,0.13466650247573853,0.0,26
91,48,80-100,NAU_3,Filling,92,13,0.3302765488624573,0.8718113899230957,0.9234084486961365,0.07659155130386353,0.0,26
91,48,80-100,NAU_3,Filling,92,14,0.3258868157863617,0.8735151290893555,0.8694993853569031,0.13050061464309692,0.0,26
91,48,80-100,NAU_3,Filling,92,15,0.31307804584503174,0.8784865736961365,0.8513873815536499,0.1486126184463501,0.0,26
91,48,80-100,NAU_3,Filling,92,16,0.2873280644416809,0.8884807825088501,0.7876365184783936,0.21236348152160645,0.0,26
91,48,80-100,NAU_3,Filling,92,17,0.3179793357849121,0.8765842914581299,0.922346830368042,0.07765316963195801,0.0,26
91,48,80-100,NAU_3,Filling,92,18,0.32047468423843384,0.8756157755851746,0.8726232647895813,0.1273767352104187,0.08421052992343903,26
91,48,80-100,NAU_3,Filling,92,19,0.3159048557281494,0.8773894309997559,0.8192577362060547,0.1807422637939453,0.01904761977493763,26
91,48,80-100,NAU_3,Filling,92,20,0.26606011390686035,0.896735429763794,0.811149537563324,0.18885046243667603,0.009327633306384087,26
91,48,80-100,NAU_3,Filling,92,21,0.32716864347457886,0.8730176687240601,0.9356920719146729,0.06430792808532715,0.0,26
91,48,80-100,NAU_3,Filling,92,22,0.21275834739208221,0.9174231290817261,0.9026574492454529,0.09734255075454712,0.04707200825214386,26
91,48,80-100,NAU_3,Filling,92,23,0.2598152160644531,0.8991591930389404,0.8314919471740723,0.16850805282592773,0.0,26
91,48,80-100,NAU_3,Filling,92,24,0.3609517216682434,0.8599056005477905,0.7882755398750305,0.21172446012496948,0.0,26
91,48,80-100,NAU_3,Filling,92,25,0.3599576950073242,0.8602914214134216,0.6169650554656982,0.38303494453430176,0.0,26
91,48,80-100,NAU_3,Filling,92,26,0.34131354093551636,0.8675277233123779,0.8871853351593018,0.11281466484069824,0.0,26
91,48,80-100,NAU_3,Filling,92,27,0.336032509803772,0.8695774078369141,0.7909971475601196,0.20900285243988037,0.0,26
91,48,80-100,NAU_3,Filling,92,28,0.31733325123786926,0.8768350481987,0.9029499292373657,0.09705007076263428,0.1705426424741745,26
91,48,80-100,NAU_3,Filling,92,29,0.3689780831336975,0.8567903637886047,0.8289015889167786,0.17109841108322144,0.23369963467121124,26
91,48,80-100,NAU_3,Filling,92,30,0.3153742253780365,0.8775953650474548,0.6559195518493652,0.34408044815063477,0.42222222685813904,26
91,48,80-100,NAU_3,Filling,92,31,0.31331658363342285,0.8783940076828003,0.8115651607513428,0.18843483924865723,0.0,26
91,48,80-100,NAU_3,Filling,92,32,0.2474777102470398,0.9039477109909058,0.8728852868080139,0.12711471319198608,0.0,26
91,48,80-100,NAU_3,Filling,92,33,0.3147106170654297,0.8778529167175293,0.9582331776618958,0.04176682233810425,0.11776859313249588,26
91,48,80-100,NAU_3,Filling,92,34,0.34016895294189453,0.8679718971252441,0.8444133400917053,0.15558665990829468,0.16550523042678833,26
91,48,80-100,NAU_3,Filling,92,35,0.3425268530845642,0.8670567274093628,0.8714655041694641,0.1285344958305359,0.0,26
91,48,80-100,NAU_3,Filling,92,36,0.33406031131744385,0.8703428506851196,0.8799165487289429,0.12008345127105713,0.0,26
91,48,80-100,NAU_3,Filling,92,37,0.319820761680603,0.8758695721626282,0.8326196670532227,0.16738033294677734,0.0,26
91,48,80-100,NAU_3,Filling,92,38,0.2766808867454529,0.8926132321357727,0.9379544258117676,0.06204557418823242,0.0,26
91,48,80-100,NAU_3,Filling,92,39,0.31959909200668335,0.8759555816650391,0.7266549468040466,0.27334505319595337,0.0,26
91,48,80-100,NAU_3,Filling,92,40,0.3240707516670227,0.8742200136184692,0.9009891152381897,0.0990108847618103,0.0,26
91,48,80-100,NAU_3,Filling,92,41,0.3582907021045685,0.8609384298324585,0.7625218629837036,0.2374781370162964,0.0,26
91,48,80-100,NAU_3,Filling,92,42,0.33999767899513245,0.8680384159088135,0.8738228678703308,0.1261771321296692,0.0,26
91,48,80-100,NAU_3,Filling,92,43,0.36452507972717285,0.8585187196731567,0.8765503764152527,0.12344962358474731,0.0,26
91,48,80-100,NAU_3,Filling,92,44,0.32278162240982056,0.8747203946113586,0.868251621723175,0.13174837827682495,0.0,26
91,48,80-100,NAU_3,Filling,92,45,0.36172550916671753,0.8596053123474121,0.8978714346885681,0.10212856531143188,0.1304347813129425,26
91,48,80-100,NAU_3,Filling,92,46,0.34707289934158325,0.8652923107147217,0.9090703129768372,0.09092968702316284,0.0,26
91,48,80-100,NAU_3,Filling,92,47,0.3295644223690033,0.872087836265564,0.9187637567520142,0.08123624324798584,0.0,26
91,48,80-100,NAU_3,Filling,92,48,0.357782244682312,0.8611357808113098,0.9220054149627686,0.07799458503723145,0.0,26
91,48,80-100,NAU_3,Filling,92,49,0.3218938112258911,0.8750649690628052,0.8842856884002686,0.11571431159973145,0.0,26
91,48,80-100,NAU_3,Filling,92,50,0.379533588886261,0.8526935577392578,0.8978633284568787,0.10213667154312134,0.09782608598470688,26
91,48,80-100,NAU_3,Filling,92,51,0.3278285264968872,0.8727615475654602,0.6888415813446045,0.3111584186553955,0.0,26
91,48,80-100,NAU_3,Filling,92,52,0.3440992832183838,0.8664464950561523,0.8297067284584045,0.17029327154159546,0.0,26
91,48,80-100,NAU_3,Filling,92,53,0.3429257273674011,0.8669019937515259,0.8526257276535034,0.14737427234649658,0.0,26
91,48,80-100,NAU_3,Filling,92,54,0.33610451221466064,0.8695493936538696,0.8782315254211426,0.12176847457885742,0.035555556416511536,26
91,48,80-100,NAU_3,Filling,92,55,0.31015926599502563,0.8796194195747375,0.809982419013977,0.19001758098602295,0.02373104728758335,26
91,48,80-100,NAU_3,Filling,92,56,0.32256627082824707,0.8748039603233337,0.9543349146842957,0.045665085315704346,0.0,26
91,48,80-100,NAU_3,Filling,92,57,0.27574411034584045,0.8929768204689026,0.7304943203926086,0.26950567960739136,0.0,26
91,48,80-100,NAU_3,Filling,92,58,0.3498821556568146,0.8642020225524902,0.9323647022247314,0.06763529777526855,0.0,26
91,48,80-100,NAU_3,Filling,92,59,0.36288198828697205,0.8591564297676086,0.743992030620575,0.25600796937942505,0.0,26
91,48,80-100,NAU_3,Filling,92,60,0.343256413936615,0.8667736053466797,0.8925028443336487,0.10749715566635132,0.0,26
91,48,80-100,NAU_3,Filling,92,61,0.32222598791122437,0.874936044216156,0.9220105409622192,0.07798945903778076,0.0,26
91,48,80-100,NAU_3,Filling,92,62,0.3285665512084961,0.8724751472473145,0.8337594270706177,0.16624057292938232,0.0,26
91,48,80-100,NAU_3,Filling,92,63,0.3308469355106354,0.8715900182723999,0.8856197595596313,0.11438024044036865,0.0,26
91,48,80-100,NAU_3,Filling,92,64,0.3409029543399811,0.8676870465278625,0.784002423286438,0.215997576713562,0.0,26
91,48,80-100,NAU_3,Filling,92,65,0.32977494597435,0.8720060586929321,0.9196808338165283,0.08031916618347168,0.0,26
91,48,80-100,NAU_3,Filling,92,66,0.33049821853637695,0.8717253804206848,0.8889710307121277,0.11102896928787231,0.0,26
91,48,80-100,NAU_3,Filling,92,67,0.3128781318664551,0.878564178943634,0.848527193069458,0.151472806930542,0.0,26
91,48,80-100,NAU_3,Filling,92,68,0.3278898000717163,0.8727377653121948,0.9293848872184753,0.07061511278152466,0.0,26
91,48,80-100,NAU_3,Filling,92,69,0.29294365644454956,0.8863012790679932,0.839477002620697,0.16052299737930298,0.0,26
91,48,80-100,NAU_3,Filling,92,70,0.3508504033088684,0.8638261556625366,0.6196699738502502,0.38033002614974976,0.0,26
91,48,80-100,NAU_3,Filling,92,71,0.3605149984359741,0.8600751161575317,0.7986327409744263,0.20136725902557373,0.27799227833747864,26
91,48,80-100,NAU_3,Filling,92,72,0.24919870495796204,0.9032797813415527,0.8443994522094727,0.15560054779052734,0.08849868178367615,26
91,48,80-100,NAU_3,Filling,92,73,0.290056049823761,0.8874219655990601,0.880261242389679,0.11973875761032104,0.0,26
91,48,80-100,NAU_3,Filling,92,74,0.2957300841808319,0.8852197527885437,0.8694465756416321,0.13055342435836792,0.0,26
91,48,80-100,NAU_3,Filling,92,75,0.3834678530693054,0.8511665463447571,0.6340730786323547,0.36592692136764526,0.18633539974689484,26
91,48,80-100,NAU_3,Filling,92,76,0.5028496980667114,0.8048314452171326,0.6484842300415039,0.3515157699584961,0.21228545904159546,26
91,48,80-100,NAU_3,Filling,92,77,0.3520043194293976,0.8633783459663391,0.35847917199134827,0.6415208280086517,0.3645320236682892,26
91,48,80-100,NAU_3,Filling,92,78,0.3745829463005066,0.8546149730682373,0.7513915300369263,0.24860846996307373,0.4268946945667267,26
91,48,80-100,NAU_3,Filling,92,79,0.3704867362976074,0.8562048673629761,0.8431148529052734,0.15688514709472656,0.06491228193044662,26
58,54,50-60,CIMMYT_3,Post-Flowering,59,0,0.3373492956161499,0.8690662980079651,0.772918701171875,0.227081298828125,0.0,27
58,54,50-60,CIMMYT_3,Post-Flowering,59,1,0.38879305124282837,0.8490996956825256,0.28367727994918823,0.7163227200508118,0.0776209682226181,27
58,54,50-60,CIMMYT_3,Post-Flowering,59,2,0.37068459391593933,0.8561280369758606,0.4760141372680664,0.5239858627319336,0.0,27
58,54,50-60,CIMMYT_3,Post-Flowering,59,3,0.3952001631259918,0.8466129302978516,0.4119549095630646,0.5880450904369354,0.0,27
58,54,50-60,CIMMYT_3,Post-Flowering,59,4,0.47274649143218994,0.8165152668952942,0.08645211160182953,0.9135478883981705,0.43123337626457214,27
58,54,50-60,CIMMYT_3,Post-Flowering,59,5,0.4148319661617279,0.8389933109283447,0.6716289520263672,0.3283710479736328,0.0,27
58,54,50-60,CIMMYT_3,Post-Flowering,59,6,0.3408905863761902,0.8676918745040894,0.8066980242729187,0.1933019757270813,0.11250130087137222,27
58,54,50-60,CIMMYT_3,Post-Flowering,59,7,0.3809117078781128,0.8521586656570435,0.6432604193687439,0.3567395806312561,0.31137198209762573,27
58,54,50-60,CIMMYT_3,Post-Flowering,59,8,0.35720229148864746,0.8613608479499817,0.6386372447013855,0.3613627552986145,0.08955223858356476,27
58,54,50-60,CIMMYT_3,Post-Flowering,59,9,0.39052653312683105,0.848426878452301,0.5048792958259583,0.49512070417404175,0.0,27
58,54,50-60,CIMMYT_3,Post-Flowering,59,10,0.4354371726512909,0.8309959173202515,0.4252833127975464,0.5747166872024536,0.11523809283971786,27
58,54,50-60,CIMMYT_3,Post-Flowering,59,11,0.3789525330066681,0.8529190421104431,0.5250723361968994,0.4749276638031006,0.0,27
58,54,50-60,CIMMYT_3,Post-Flowering,59,12,0.3845067024230957,0.8507633209228516,0.630866527557373,0.36913347244262695,0.0,27
58,54,50-60,CIMMYT_3,Post-Flowering,59,13,0.3752535283565521,0.854354739189148,0.5672152042388916,0.4327847957611084,0.0,27
58,54,50-60,CIMMYT_3,Post-Flowering,59,14,0.3603372871875763,0.8601441383361816,0.6165547966957092,0.38344520330429077,0.0,27
58,54,50-60,CIMMYT_3,Post-Flowering,59,15,0.4228649437427521,0.8358755707740784,0.3453699052333832,0.6546300947666168,0.0,27
58,54,50-60,CIMMYT_3,Post-Flowering,59,16,0.415731281042099,0.83864426612854,0.6216357350349426,0.3783642649650574,0.0,27
58,54,50-60,CIMMYT_3,Post-Flowering,59,17,0.35784149169921875,0.8611127734184265,0.5446589589118958,0.45534104108810425,0.08695652335882187,27
58,54,50-60,CIMMYT_3,Post-Flowering,59,18,0.44976967573165894,0.8254331350326538,0.325221449136734,0.674778550863266,0.0,27
58,54,50-60,CIMMYT_3,Post-Flowering,59,19,0.3708550035953522,0.8560619354248047,0.5716954469680786,0.4283045530319214,0.0,27
58,54,50-60,CIMMYT_3,Post-Flowering,59,20,0.33530718088150024,0.8698588609695435,0.5844770669937134,0.4155229330062866,0.0,27
58,54,50-60,CIMMYT_3,Post-Flowering,59,21,0.39567166566848755,0.8464299440383911,0.12905585765838623,0.8709441423416138,0.0,27
58,54,50-60,CIMMYT_3,Post-Flowering,59,22,0.41155022382736206,0.8402670621871948,0.0,1.0,0.0,27
58,54,50-60,CIMMYT_3,Post-Flowering,59,23,0.36226725578308105,0.8593950271606445,0.32904836535453796,0.670951634645462,0.004331817384809256,27
58,54,50-60,CIMMYT_3,Post-Flowering,59,24,0.38037630915641785,0.8523664474487305,0.09786588698625565,0.9021341130137444,0.02222222276031971,27
58,54,50-60,CIMMYT_3,Post-Flowering,59,25,0.4184187352657318,0.8376011848449707,0.21605627238750458,0.7839437276124954,0.0,27
58,54,50-60,CIMMYT_3,Post-Flowering,59,26,0.35418033599853516,0.8625337481498718,0.27030619978904724,0.7296938002109528,0.0,27
58,54,50-60,CIMMYT_3,Post-Flowering,59,27,0.44221076369285583,0.8283669352531433,0.20085348188877106,0.7991465181112289,0.0,27
58,54,50-60,CIMMYT_3,Post-Flowering,59,28,0.3803362250328064,0.8523820042610168,0.4694712460041046,0.5305287539958954,0.0,27
58,54,50-60,CIMMYT_3,Post-Flowering,59,29,0.36748427152633667,0.857370138168335,0.38351553678512573,0.6164844632148743,0.0,27
58,54,50-60,CIMMYT_3,Post-Flowering,59,30,0.3852123022079468,0.8504894971847534,0.19313561916351318,0.8068643808364868,0.05714285746216774,27
58,54,50-60,CIMMYT_3,Post-Flowering,59,31,0.4637078642845154,0.8200234174728394,0.31943777203559875,0.6805622279644012,0.11764705926179886,27
58,54,50-60,CIMMYT_3,Post-Flowering,59,32,0.3358157277107239,0.8696615099906921,0.7158363461494446,0.2841636538505554,0.0,27
58,54,50-60,CIMMYT_3,Post-Flowering,59,33,0.34493035078048706,0.8661239147186279,0.6559013724327087,0.34409862756729126,0.04524507746100426,27
58,54,50-60,CIMMYT_3,Post-Flowering,59,34,0.37024277448654175,0.8562995195388794,0.5753375291824341,0.4246624708175659,0.156390979886055,27
58,54,50-60,CIMMYT_3,Post-Flowering,59,35,0.37403619289398193,0.8548271656036377,0.565904438495636,0.434095561504364,0.04391743615269661,27
58,54,50-60,CIMMYT_3,Post-Flowering,59,36,0.34167706966400146,0.8673865795135498,0.7151462435722351,0.2848537564277649,0.0718674585223198,27
58,54,50-60,CIMMYT_3,Post-Flowering,59,37,0.3851107656955719,0.85052889585495,0.5832745432853699,0.4167254567146301,0.0,27
58,54,50-60,CIMMYT_3,Post-Flowering,59,38,0.3703300654888153,0.856265664100647,0.6426594257354736,0.35734057426452637,0.0,27
58,54,50-60,CIMMYT_3,Post-Flowering,59,39,0.3877680003643036,0.8494975566864014,0.7426680326461792,0.2573319673538208,0.0,27
58,54,50-60,CIMMYT_3,Post-Flowering,59,40,0.42656272649765015,0.8344403505325317,0.7187700271606445,0.28122997283935547,0.016329284757375717,27
58,54,50-60,CIMMYT_3,Post-Flowering,59,41,0.33051472902297974,0.8717190027236938,0.7158399224281311,0.2841600775718689,0.0,27
58,54,50-60,CIMMYT_3,Post-Flowering,59,42,0.41526883840560913,0.8388237953186035,0.7553219795227051,0.24467802047729492,0.5613168478012085,27
58,54,50-60,CIMMYT_3,Post-Flowering,59,43,0.3543117642402649,0.8624827861785889,0.25685709714889526,0.7431429028511047,0.59375,27
58,54,50-60,CIMMYT_3,Post-Flowering,59,44,0.4500598907470703,0.8253204822540283,0.4874400198459625,0.5125599801540375,0.4917355477809906,27
58,54,50-60,CIMMYT_3,Post-Flowering,59,45,0.4300878643989563,0.8330721259117126,0.4745163321495056,0.5254836678504944,0.4381578862667084,27
58,54,50-60,CIMMYT_3,Post-Flowering,59,46,0.4058220386505127,0.8424903154373169,0.5073863863945007,0.49261361360549927,0.18431882560253143,27
58,54,50-60,CIMMYT_3,Post-Flowering,59,47,0.3809714913368225,0.852135419845581,0.5140507221221924,0.4859492778778076,0.03640374913811684,27
58,54,50-60,CIMMYT_3,Post-Flowering,59,48,0.3834517002105713,0.8511728048324585,0.0,1.0,0.0,27
58,54,50-60,CIMMYT_3,Post-Flowering,59,49,0.31731125712394714,0.8768435716629028,0.6465699672698975,0.35343003273010254,0.04136449098587036,27
58,54,50-60,CIMMYT_3,Post-Flowering,59,50,0.44106024503707886,0.8288134932518005,0.3206736147403717,0.6793263852596283,0.0,27
57,2,80-100,UQ_10,Filling-Ripening,58,0,0.4367765188217163,0.8304761052131653,0.5186945199966431,0.48130548000335693,0.3996865153312683,28
57,2,80-100,UQ_10,Filling-Ripening,58,1,0.3274434804916382,0.8729109764099121,0.14680030941963196,0.853199690580368,0.9047619104385376,28
57,2,80-100,UQ_10,Filling-Ripening,58,2,0.4051100015640259,0.8427666425704956,0.2705821692943573,0.7294178307056427,0.247389554977417,28
57,2,80-100,UQ_10,Filling-Ripening,58,3,0.33403825759887695,0.8703514337539673,0.7503204941749573,0.24967950582504272,0.17477203905582428,28
57,2,80-100,UQ_10,Filling-Ripening,58,4,0.32223397493362427,0.8749329447746277,0.7804699540138245,0.21953004598617554,0.0,28
57,2,80-100,UQ_10,Filling-Ripening,58,5,0.503929615020752,0.804412305355072,0.7511003613471985,0.2488996386528015,0.0245535708963871,28
57,2,80-100,UQ_10,Filling-Ripening,58,6,0.38292238116264343,0.8513782024383545,0.4998331367969513,0.5001668632030487,0.07954545319080353,28
57,2,80-100,UQ_10,Filling-Ripening,58,7,0.3711555600166321,0.8559452295303345,0.8286369442939758,0.17136305570602417,0.10095799714326859,28
57,2,80-100,UQ_10,Filling-Ripening,58,8,0.48202064633369446,0.8129157423973083,0.43860697746276855,0.5613930225372314,0.875,28
57,2,80-100,UQ_10,Filling-Ripening,58,9,0.4162423610687256,0.8384459018707275,0.6322816610336304,0.36771833896636963,0.1207897812128067,28
57,2,80-100,UQ_10,Filling-Ripening,58,10,0.39067918062210083,0.8483676314353943,0.8196734189987183,0.18032658100128174,0.0,28
57,2,80-100,UQ_10,Filling-Ripening,58,11,0.4062387943267822,0.8423285484313965,0.6555682420730591,0.3444317579269409,0.25806450843811035,28
57,2,80-100,UQ_10,Filling-Ripening,58,12,0.45179837942123413,0.8246457576751709,0.4672914147377014,0.5327085852622986,0.250751793384552,28
57,2,80-100,UQ_10,Filling-Ripening,58,13,0.3613502085208893,0.8597509860992432,0.6039118766784668,0.3960881233215332,0.3617963194847107,28
57,2,80-100,UQ_10,Filling-Ripening,58,14,0.46511709690093994,0.8194764256477356,0.5609686970710754,0.43903130292892456,0.02905569039285183,28
57,2,80-100,UQ_10,Filling-Ripening,58,15,0.37459608912467957,0.8546098470687866,0.24708949029445648,0.7529105097055435,0.048048049211502075,28
57,2,80-100,UQ_10,Filling-Ripening,58,16,0.4361361861228943,0.8307246565818787,0.6743554472923279,0.3256445527076721,0.0,28
57,2,80-100,UQ_10,Filling-Ripening,58,17,0.4273095428943634,0.834150493144989,0.1407971829175949,0.8592028170824051,0.3870967626571655,28
57,2,80-100,UQ_10,Filling-Ripening,58,18,0.41042667627334595,0.8407031297683716,0.7822047472000122,0.2177952527999878,0.6212121248245239,28
57,2,80-100,UQ_10,Filling-Ripening,58,19,0.36044809222221375,0.8601011037826538,0.13939549028873444,0.8606045097112656,0.0797872319817543,28
57,2,80-100,UQ_10,Filling-Ripening,58,20,0.4483962953090668,0.8259661793708801,0.0,1.0,0.0,28
57,2,80-100,UQ_10,Filling-Ripening,58,21,0.3751245141029358,0.8544048070907593,0.7536430954933167,0.24635690450668335,0.0,28
57,2,80-100,UQ_10,Filling-Ripening,58,22,0.3582478165626526,0.8609550595283508,0.8471199870109558,0.1528800129890442,0.0,28
57,2,80-100,UQ_10,Filling-Ripening,58,23,0.4803547263145447,0.8135623335838318,0.5518876910209656,0.4481123089790344,0.0,28
57,2,80-100,UQ_10,Filling-Ripening,58,24,0.3948695659637451,0.846741259098053,0.7593122124671936,0.2406877875328064,0.0,28
57,2,80-100,UQ_10,Filling-Ripening,58,25,0.3838408887386322,0.8510217666625977,0.5566235780715942,0.44337642192840576,0.0,28
57,2,80-100,UQ_10,Filling-Ripening,58,26,0.38587021827697754,0.8502341508865356,0.6837470531463623,0.3162529468536377,0.0,28
57,2,80-100,UQ_10,Filling-Ripening,58,27,0.3781145513057709,0.8532443046569824,0.797852098941803,0.20214790105819702,0.0,28
57,2,80-100,UQ_10,Filling-Ripening,58,28,0.35986456274986267,0.8603275418281555,0.8205262422561646,0.17947375774383545,0.0,28
57,2,80-100,UQ_10,Filling-Ripening,58,29,0.5121141672134399,0.8012356758117676,0.6947107315063477,0.30528926849365234,0.0,28
57,2,80-100,UQ_10,Filling-Ripening,58,30,0.3326018452644348,0.8709089159965515,0.9102287292480469,0.08977127075195312,0.0,28
57,2,80-100,UQ_10,Filling-Ripening,58,31,0.325164258480072,0.8737956285476685,0.9383195042610168,0.061680495738983154,0.0,28
57,2,80-100,UQ_10,Filling-Ripening,58,32,0.5049327611923218,0.8040229678153992,0.0,1.0,0.5631487965583801,28
57,2,80-100,UQ_10,Filling-Ripening,58,33,0.29908037185668945,0.8839194178581238,0.820441722869873,0.17955827713012695,0.1215459331870079,28
57,2,80-100,UQ_10,Filling-Ripening,58,34,0.3347431421279907,0.8700778484344482,0.8348039388656616,0.16519606113433838,0.0,28
57,2,80-100,UQ_10,Filling-Ripening,58,35,0.5127432346343994,0.8009915351867676,0.5275662541389465,0.47243374586105347,0.06802721321582794,28
57,2,80-100,UQ_10,Filling-Ripening,58,36,0.4494234323501587,0.8255675435066223,0.34221959114074707,0.6577804088592529,0.0,28
57,2,80-100,UQ_10,Filling-Ripening,58,37,0.3797975182533264,0.8525910973548889,0.48343461751937866,0.5165653824806213,0.1302083283662796,28
57,2,80-100,UQ_10,Filling-Ripening,58,38,0.3533964455127716,0.8628380298614502,0.6308541893959045,0.36914581060409546,0.009523809887468815,28
57,2,80-100,UQ_10,Filling-Ripening,58,39,0.29408591985702515,0.8858579397201538,0.9407423138618469,0.059257686138153076,0.01306240912526846,28
57,2,80-100,UQ_10,Filling-Ripening,58,40,0.3329868018627167,0.8707594871520996,0.848580002784729,0.151419997215271,0.03467465937137604,28
57,2,80-100,UQ_10,Filling-Ripening,58,41,0.36133265495300293,0.8597577810287476,0.6369504332542419,0.36304956674575806,0.0,28
57,2,80-100,UQ_10,Filling-Ripening,58,42,0.4365648627281189,0.8305582404136658,0.4587472379207611,0.5412527620792389,0.0,28
57,2,80-100,UQ_10,Filling-Ripening,58,43,0.4576171636581421,0.8223873376846313,0.4481111168861389,0.5518888831138611,0.05119999870657921,28
57,2,80-100,UQ_10,Filling-Ripening,58,44,0.3950318694114685,0.8466782569885254,0.7038776874542236,0.29612231254577637,0.0,28
57,2,80-100,UQ_10,Filling-Ripening,58,45,0.3824107050895691,0.8515768647193909,0.8373745679855347,0.16262543201446533,0.0,28
57,2,80-100,UQ_10,Filling-Ripening,58,46,0.4368140399456024,0.8304615020751953,0.6482371091842651,0.35176289081573486,0.4137931168079376,28
57,2,80-100,UQ_10,Filling-Ripening,58,47,0.30341365933418274,0.8822375535964966,0.8288511037826538,0.1711488962173462,0.04914933815598488,28
57,2,80-100,UQ_10,Filling-Ripening,58,48,0.3289695680141449,0.872318685054779,0.8478171825408936,0.15218281745910645,0.0,28
57,2,80-100,UQ_10,Filling-Ripening,58,49,0.32253414392471313,0.8748164176940918,0.7980913519859314,0.2019086480140686,0.0,28
57,2,80-100,UQ_10,Filling-Ripening,58,50,0.33564549684524536,0.869727611541748,0.743848443031311,0.25615155696868896,0.0,28
57,2,80-100,UQ_10,Filling-Ripening,58,51,0.3988935649394989,0.8451794385910034,0.666545033454895,0.333454966545105,0.0,28
57,2,80-100,UQ_10,Filling-Ripening,58,52,0.40703463554382324,0.8420196771621704,0.5843969583511353,0.41560304164886475,0.25641027092933655,28
57,2,80-100,UQ_10,Filling-Ripening,58,53,0.44450563192367554,0.8274762630462646,0.829662561416626,0.17033743858337402,0.22827041149139404,28
57,2,80-100,UQ_10,Filling-Ripening,58,54,0.3633101284503937,0.8589902520179749,0.8378701210021973,0.16212987899780273,0.0,28
57,2,80-100,UQ_10,Filling-Ripening,58,55,0.35555821657180786,0.861998975276947,0.7069554328918457,0.2930445671081543,0.07334183901548386,28
57,2,80-100,UQ_10,Filling-Ripening,58,56,0.43863600492477417,0.8297544121742249,0.6427630186080933,0.35723698139190674,0.24137930572032928,28
57,2,80-100,UQ_10,Filling-Ripening,58,57,0.3710029721260071,0.8560044765472412,0.8444210290908813,0.15557897090911865,0.06435911357402802,28
57,2,80-100,UQ_10,Filling-Ripening,58,58,0.45126157999038696,0.8248540759086609,0.5578986406326294,0.4421013593673706,0.19565217196941376,28
57,2,80-100,UQ_10,Filling-Ripening,58,59,0.4366593360900879,0.8305215835571289,0.7332063913345337,0.2667936086654663,0.0,28
57,2,80-100,UQ_10,Filling-Ripening,58,60,0.322269082069397,0.8749192953109741,0.8649798035621643,0.1350201964378357,0.0,28
57,2,80-100,UQ_10,Filling-Ripening,58,61,0.3568389415740967,0.8615018725395203,0.44326478242874146,0.5567352175712585,0.06042885035276413,28
57,2,80-100,UQ_10,Filling-Ripening,58,62,0.36401212215423584,0.8587177991867065,0.38578203320503235,0.6142179667949677,0.07478632777929306,28
57,2,80-100,UQ_10,Filling-Ripening,58,63,0.2834119200706482,0.8900007605552673,0.7954539656639099,0.2045460343360901,0.0,28
57,2,80-100,UQ_10,Filling-Ripening,58,64,0.4435853958129883,0.8278334140777588,0.4920831620693207,0.5079168379306793,0.009523809887468815,28
57,2,80-100,UQ_10,Filling-Ripening,58,65,0.3200729191303253,0.875771701335907,0.8665514588356018,0.1334485411643982,0.0,28
57,2,80-100,UQ_10,Filling-Ripening,58,66,0.3673862814903259,0.8574081659317017,0.806825578212738,0.19317442178726196,0.0021680216304957867,28
57,2,80-100,UQ_10,Filling-Ripening,58,67,0.3414088487625122,0.8674906492233276,0.76715087890625,0.23284912109375,0.0,28
57,2,80-100,UQ_10,Filling-Ripening,58,68,0.36523690819740295,0.8582424521446228,0.8775452375411987,0.12245476245880127,0.4227098524570465,28
57,2,80-100,UQ_10,Filling-Ripening,58,69,0.37638065218925476,0.8539172410964966,0.6738690137863159,0.3261309862136841,0.8554216623306274,28
57,2,80-100,UQ_10,Filling-Ripening,58,70,0.38768529891967773,0.8495296239852905,0.8169839978218079,0.18301600217819214,0.2704417407512665,28
57,2,80-100,UQ_10,Filling-Ripening,58,71,0.306819885969162,0.8809155225753784,0.915439784526825,0.08456021547317505,0.0,28
57,2,80-100,UQ_10,Filling-Ripening,58,72,0.3802463412284851,0.8524168729782104,0.8685221672058105,0.13147783279418945,0.16364912688732147,28
57,2,80-100,UQ_10,Filling-Ripening,58,73,0.4337038993835449,0.8316686749458313,0.6810877323150635,0.3189122676849365,0.48181816935539246,28
57,2,80-100,UQ_10,Filling-Ripening,58,74,0.42751628160476685,0.8340702056884766,0.5887855291366577,0.4112144708633423,0.0,28
57,2,80-100,UQ_10,Filling-Ripening,58,75,0.5371472239494324,0.7915197610855103,0.5769012570381165,0.42309874296188354,0.0,28
57,2,80-100,UQ_10,Filling-Ripening,58,76,0.3737727999687195,0.8549294471740723,0.8172709345817566,0.1827290654182434,0.0,28
57,2,80-100,UQ_10,Filling-Ripening,58,77,0.4545896649360657,0.8235623836517334,0.5483090281486511,0.4516909718513489,0.0,28
57,2,80-100,UQ_10,Filling-Ripening,58,78,0.39584022760391235,0.8463644981384277,0.0,1.0,0.0,28
57,2,80-100,UQ_10,Filling-Ripening,58,79,0.4534786641597748,0.8239935636520386,0.0662882998585701,0.9337117001414299,0.0,28
57,2,80-100,UQ_10,Filling-Ripening,58,80,0.40037429332733154,0.8446047306060791,0.0,1.0,0.0,28
57,2,80-100,UQ_10,Filling-Ripening,58,81,0.41338133811950684,0.8395563364028931,0.0,1.0,0.0,28
57,2,80-100,UQ_10,Filling-Ripening,58,82,0.5012104511260986,0.8054677248001099,0.7629539370536804,0.23704606294631958,0.2514285743236542,28
57,2,80-100,UQ_10,Filling-Ripening,58,83,0.4451959729194641,0.8272082805633545,0.4832049608230591,0.5167950391769409,0.6833333373069763,28
57,2,80-100,UQ_10,Filling-Ripening,58,84,0.4255388081073761,0.834837794303894,0.01637367717921734,0.9836263228207827,0.0,28
57,2,80-100,UQ_10,Filling-Ripening,58,85,0.4523096978664398,0.8244472742080688,0.0,1.0,0.0,28
57,2,80-100,UQ_10,Filling-Ripening,58,86,0.46327900886535645,0.8201898336410522,0.0,1.0,0.0,28
57,2,80-100,UQ_10,Filling-Ripening,58,87,0.39197617769241333,0.8478642702102661,0.0,1.0,0.0,28
57,2,80-100,UQ_10,Filling-Ripening,58,88,0.4665590226650238,0.8189167976379395,0.44331130385398865,0.5566886961460114,0.1540372669696808,28
57,2,80-100,UQ_10,Filling-Ripening,58,89,0.5196126699447632,0.7983253002166748,0.6022176146507263,0.3977823853492737,0.6521739363670349,28
25,85,30-40,CIMMYT_1,Post-Flowering,26,0,0.3235664665699005,0.8744157552719116,0.8292815685272217,0.17071843147277832,0.0,29
25,85,30-40,CIMMYT_1,Post-Flowering,26,1,0.4700462222099304,0.8175632953643799,0.03908031806349754,0.9609196819365025,0.32258063554763794,29
25,85,30-40,CIMMYT_1,Post-Flowering,26,2,0.399363249540329,0.8449971079826355,0.7218160033226013,0.2781839966773987,0.04530744254589081,29
25,85,30-40,CIMMYT_1,Post-Flowering,26,3,0.3467869162559509,0.8654032945632935,0.8826733231544495,0.11732667684555054,0.0,29
25,85,30-40,CIMMYT_1,Post-Flowering,26,4,0.3817940652370453,0.8518161773681641,0.6901540160179138,0.3098459839820862,0.7857142686843872,29
25,85,30-40,CIMMYT_1,Post-Flowering,26,5,0.2835306227207184,0.889954686164856,0.8366286158561707,0.16337138414382935,0.09222099930047989,29
25,85,30-40,CIMMYT_1,Post-Flowering,26,6,0.31466394662857056,0.877871036529541,0.7869166731834412,0.21308332681655884,0.0,29
25,85,30-40,CIMMYT_1,Post-Flowering,26,7,0.3532012701034546,0.8629137277603149,0.7645776867866516,0.2354223132133484,0.0,29
25,85,30-40,CIMMYT_1,Post-Flowering,26,8,0.33466899394989014,0.87010657787323,0.8407277464866638,0.15927225351333618,0.0,29
25,85,30-40,CIMMYT_1,Post-Flowering,26,9,0.4003981947898865,0.8445954322814941,0.4090556502342224,0.5909443497657776,0.0,29
25,85,30-40,CIMMYT_1,Post-Flowering,26,10,0.3334762156009674,0.8705695867538452,0.9031730890274048,0.09682691097259521,0.49715909361839294,29
25,85,30-40,CIMMYT_1,Post-Flowering,26,11,0.32670629024505615,0.873197078704834,0.8668449521064758,0.13315504789352417,0.38353294134140015,29
25,85,30-40,CIMMYT_1,Post-Flowering,26,12,0.37834930419921875,0.8531531691551208,0.6847633123397827,0.3152366876602173,0.18445323407649994,29
25,85,30-40,CIMMYT_1,Post-Flowering,26,13,0.3351767659187317,0.8699095249176025,0.8624351620674133,0.13756483793258667,0.0,29
25,85,30-40,CIMMYT_1,Post-Flowering,26,14,0.32737618684768677,0.8729370832443237,0.8771063089370728,0.12289369106292725,0.0,29
25,85,30-40,CIMMYT_1,Post-Flowering,26,15,0.34875035285949707,0.8646413087844849,0.5375752449035645,0.46242475509643555,0.0,29
25,85,30-40,CIMMYT_1,Post-Flowering,26,16,0.38010990619659424,0.8524698615074158,0.7568989396095276,0.2431010603904724,0.0,29
25,85,30-40,CIMMYT_1,Post-Flowering,26,17,0.3664752244949341,0.857761800289154,0.7993448972702026,0.20065510272979736,0.0,29
25,85,30-40,CIMMYT_1,Post-Flowering,26,18,0.3941291272640228,0.8470286130905151,0.7293115258216858,0.2706884741783142,0.3132530152797699,29
25,85,30-40,CIMMYT_1,Post-Flowering,26,19,0.4024896025657654,0.8437837362289429,0.5610299110412598,0.43897008895874023,0.31689751148223877,29
25,85,30-40,CIMMYT_1,Post-Flowering,26,20,0.38758569955825806,0.8495683073997498,0.6953305006027222,0.30466949939727783,0.14033621549606323,29
25,85,30-40,CIMMYT_1,Post-Flowering,26,21,0.38483595848083496,0.8506355285644531,0.6041651368141174,0.39583486318588257,0.29966554045677185,29
25,85,30-40,CIMMYT_1,Post-Flowering,26,22,0.3709430694580078,0.8560277223587036,0.7064126133918762,0.2935873866081238,0.0,29
25,85,30-40,CIMMYT_1,Post-Flowering,26,23,0.28560733795166016,0.8891486525535583,0.8863035440444946,0.11369645595550537,0.0,29
25,85,30-40,CIMMYT_1,Post-Flowering,26,24,0.3431227207183838,0.8668254613876343,0.7536811232566833,0.24631887674331665,0.0,29
25,85,30-40,CIMMYT_1,Post-Flowering,26,25,0.34665173292160034,0.8654558062553406,0.875562846660614,0.12443715333938599,0.0,29
25,85,30-40,CIMMYT_1,Post-Flowering,26,26,0.3738679587841034,0.8548924922943115,0.6097807288169861,0.3902192711830139,0.014912602491676807,29
25,85,30-40,CIMMYT_1,Post-Flowering,26,27,0.4180153012275696,0.8377578258514404,0.6596157550811768,0.34038424491882324,0.05128205195069313,29
25,85,30-40,CIMMYT_1,Post-Flowering,26,28,0.3239207863807678,0.8742782473564148,0.7918708920478821,0.20812910795211792,0.0,29
25,85,30-40,CIMMYT_1,Post-Flowering,26,29,0.37014466524124146,0.8563376069068909,0.7386177182197571,0.2613822817802429,0.0,29
25,85,30-40,CIMMYT_1,Post-Flowering,26,30,0.40922415256500244,0.8411698937416077,0.4556989371776581,0.5443010628223419,0.4109589159488678,29
25,85,30-40,CIMMYT_1,Post-Flowering,26,31,0.40174400806427,0.8440731167793274,0.8627210855484009,0.13727891445159912,0.4237288236618042,29
25,85,30-40,CIMMYT_1,Post-Flowering,26,32,0.40757715702056885,0.841809093952179,0.5815964937210083,0.4184035062789917,0.11750881373882294,29
25,85,30-40,CIMMYT_1,Post-Flowering,26,33,0.3707619309425354,0.8560980558395386,0.8375282287597656,0.16247177124023438,0.05897095799446106,29
25,85,30-40,CIMMYT_1,Post-Flowering,26,34,0.3538864254951477,0.8626478314399719,0.5356764793395996,0.4643235206604004,0.0,29
25,85,30-40,CIMMYT_1,Post-Flowering,26,35,0.39170825481414795,0.8479682207107544,0.6228256821632385,0.3771743178367615,0.0,29
25,85,30-40,CIMMYT_1,Post-Flowering,26,36,0.3974774181842804,0.8457291126251221,0.6591442227363586,0.34085577726364136,0.0,29
25,85,30-40,CIMMYT_1,Post-Flowering,26,37,0.46780332922935486,0.8184338212013245,0.5049477815628052,0.4950522184371948,0.0,29
1002,89,40-50,KSU_4,Ripening,1003,0,0.41840851306915283,0.8376051783561707,0.8810728192329407,0.11892718076705933,0.0,30
1002,89,40-50,KSU_4,Ripening,1003,1,0.4243326187133789,0.83530592918396,0.5215409994125366,0.4784590005874634,0.0,30
1002,89,40-50,KSU_4,Ripening,1003,2,0.34466874599456787,0.8662254810333252,0.7562760710716248,0.24372392892837524,0.0,30
1002,89,40-50,KSU_4,Ripening,1003,3,0.39190489053726196,0.8478919267654419,0.7469308972358704,0.25306910276412964,0.0,30
1002,89,40-50,KSU_4,Ripening,1003,4,0.37684518098831177,0.8537369966506958,0.7499483823776245,0.2500516176223755,0.0,30
1002,89,40-50,KSU_4,Ripening,1003,5,0.42653200030326843,0.8344522714614868,0.49761712551116943,0.5023828744888306,0.0,30
1002,89,40-50,KSU_4,Ripening,1003,6,0.36279165744781494,0.8591914772987366,0.7280994057655334,0.27190059423446655,0.0,30
1002,89,40-50,KSU_4,Ripening,1003,7,0.4543967843055725,0.8236372470855713,0.5173983573913574,0.4826016426086426,0.0,30
1002,89,40-50,KSU_4,Ripening,1003,8,0.3751641809940338,0.8543894290924072,0.41439640522003174,0.5856035947799683,0.0,30
1002,89,40-50,KSU_4,Ripening,1003,9,0.3705478012561798,0.8561811447143555,0.91133713722229,0.08866286277770996,0.03284457325935364,30
1002,89,40-50,KSU_4,Ripening,1003,10,0.33747851848602295,0.869016170501709,0.6624317169189453,0.3375682830810547,0.0,30
1002,89,40-50,KSU_4,Ripening,1003,11,0.31098008155822754,0.8793008327484131,0.8554131388664246,0.14458686113357544,0.0,30
1002,89,40-50,KSU_4,Ripening,1003,12,0.3726956248283386,0.8553475141525269,0.868066668510437,0.131933331489563,0.0,30
1002,89,40-50,KSU_4,Ripening,1003,13,0.3737456798553467,0.8549399375915527,0.5198425650596619,0.48015743494033813,0.0,30
1002,89,40-50,KSU_4,Ripening,1003,14,0.3591859042644501,0.860590934753418,0.6696236729621887,0.3303763270378113,0.0,30
1002,89,40-50,KSU_4,Ripening,1003,15,0.36480045318603516,0.8584117889404297,0.32204294204711914,0.6779570579528809,0.0,30
1002,89,40-50,KSU_4,Ripening,1003,16,0.40418684482574463,0.8431249856948853,0.6850882768630981,0.31491172313690186,0.0,30
1002,89,40-50,KSU_4,Ripening,1003,17,0.370114266872406,0.8563494086265564,0.37250274419784546,0.6274972558021545,0.09982174634933472,30
1002,89,40-50,KSU_4,Ripening,1003,18,0.4567031264305115,0.8227421045303345,0.10682655870914459,0.8931734412908554,0.0,30
1002,89,40-50,KSU_4,Ripening,1003,19,0.47025907039642334,0.8174806833267212,0.45228633284568787,0.5477136671543121,0.0,30
1002,89,40-50,KSU_4,Ripening,1003,20,0.46801522374153137,0.8183516263961792,0.563156247138977,0.43684375286102295,0.0,30
1002,89,40-50,KSU_4,Ripening,1003,21,0.4704897403717041,0.8173911571502686,0.3635975420475006,0.6364024579524994,0.0793650820851326,30
1002,89,40-50,KSU_4,Ripening,1003,22,0.4786565899848938,0.8142213821411133,0.24831876158714294,0.7516812384128571,0.0,30
1002,89,40-50,KSU_4,Ripening,1003,23,0.4148065447807312,0.8390032052993774,0.8479259610176086,0.15207403898239136,0.0,30
1002,89,40-50,KSU_4,Ripening,1003,24,0.39470911026000977,0.8468035459518433,0.7080986499786377,0.2919013500213623,0.0,30
1002,89,40-50,KSU_4,Ripening,1003,25,0.3471929430961609,0.8652456998825073,0.4211505651473999,0.5788494348526001,0.0,30
1002,89,40-50,KSU_4,Ripening,1003,26,0.40365174412727356,0.8433326482772827,0.6669504642486572,0.3330495357513428,0.0,30
1002,89,40-50,KSU_4,Ripening,1003,27,0.3989203870296478,0.8451690077781677,0.17557239532470703,0.824427604675293,0.0,30
1002,89,40-50,KSU_4,Ripening,1003,28,0.4908067286014557,0.8095056414604187,0.1134747639298439,0.8865252360701561,0.0,30
1002,89,40-50,KSU_4,Ripening,1003,29,0.442041277885437,0.8284327387809753,0.4584076404571533,0.5415923595428467,0.0,30
1002,89,40-50,KSU_4,Ripening,1003,30,0.42598849534988403,0.8346632122993469,0.3237325847148895,0.6762674152851105,0.0,30
1002,89,40-50,KSU_4,Ripening,1003,31,0.3807930648326874,0.8522046804428101,0.17028668522834778,0.8297133147716522,0.0,30
1002,89,40-50,KSU_4,Ripening,1003,32,0.4211539626121521,0.836539626121521,0.1901826113462448,0.8098173886537552,0.0,30
1002,89,40-50,KSU_4,Ripening,1003,33,0.3908904790878296,0.8482856154441833,0.16025932133197784,0.8397406786680222,0.0,30
1002,89,40-50,KSU_4,Ripening,1003,34,0.4592657685279846,0.8217474818229675,0.36775410175323486,0.6322458982467651,0.0,30
1002,89,40-50,KSU_4,Ripening,1003,35,0.42364248633384705,0.8355737328529358,0.4702167809009552,0.5297832190990448,0.0,30
1002,89,40-50,KSU_4,Ripening,1003,36,0.5246813297271729,0.796358048915863,0.5299720168113708,0.47002798318862915,0.0,30
1002,89,40-50,KSU_4,Ripening,1003,37,0.47099775075912476,0.8171939849853516,0.2113061100244522,0.7886938899755478,0.0535714291036129,30
1002,89,40-50,KSU_4,Ripening,1003,38,0.4596410393714905,0.8216018080711365,0.2106316238641739,0.7893683761358261,0.0,30
1002,89,40-50,KSU_4,Ripening,1003,39,0.34461408853530884,0.8662467002868652,0.014386994764208794,0.9856130052357912,0.0,30
1002,89,40-50,KSU_4,Ripening,1003,40,0.3955138921737671,0.8464911580085754,0.44785821437835693,0.5521417856216431,0.0,30
99,12,40-50,CIMMYT_1,Post-Flowering,100,0,0.3822002112865448,0.8516585230827332,0.20944491028785706,0.7905550897121429,0.0,31
99,12,40-50,CIMMYT_1,Post-Flowering,100,1,0.49548986554145813,0.8076879978179932,0.39195990562438965,0.6080400943756104,0.0,31
99,12,40-50,CIMMYT_1,Post-Flowering,100,2,0.4742351174354553,0.8159375190734863,0.21072454750537872,0.7892754524946213,0.0,31
99,12,40-50,CIMMYT_1,Post-Flowering,100,3,0.3867751955986023,0.8498828411102295,0.7674283981323242,0.23257160186767578,0.018646616488695145,31
99,12,40-50,CIMMYT_1,Post-Flowering,100,4,0.43321144580841064,0.831859827041626,0.6928682327270508,0.3071317672729492,0.0,31
99,12,40-50,CIMMYT_1,Post-Flowering,100,5,0.44449883699417114,0.8274788856506348,0.09569767862558365,0.9043023213744164,0.09750927239656448,31
99,12,40-50,CIMMYT_1,Post-Flowering,100,6,0.3515886664390564,0.8635396361351013,0.7641335129737854,0.2358664870262146,0.0,31
99,12,40-50,CIMMYT_1,Post-Flowering,100,7,0.3763073980808258,0.8539457321166992,0.8108221292495728,0.18917787075042725,0.0,31
99,12,40-50,CIMMYT_1,Post-Flowering,100,8,0.4118562340736389,0.8401483297348022,0.7665110230445862,0.23348897695541382,0.0,31
99,12,40-50,CIMMYT_1,Post-Flowering,100,9,0.39582112431526184,0.8463719487190247,0.5318689942359924,0.46813100576400757,0.0,31
99,12,40-50,CIMMYT_1,Post-Flowering,100,10,0.4079476594924927,0.8416653275489807,0.41659772396087646,0.5834022760391235,0.10256410390138626,31
99,12,40-50,CIMMYT_1,Post-Flowering,100,11,0.4290531873703003,0.8334737420082092,0.6144791841506958,0.3855208158493042,0.0,31
99,12,40-50,CIMMYT_1,Post-Flowering,100,12,0.4122324585914612,0.8400022983551025,0.5509446263313293,0.44905537366867065,0.0,31
99,12,40-50,CIMMYT_1,Post-Flowering,100,13,0.4192867875099182,0.8372642993927002,0.5917083024978638,0.40829169750213623,0.0,31
99,12,40-50,CIMMYT_1,Post-Flowering,100,14,0.4775325357913971,0.8146576881408691,0.6982443332672119,0.3017556667327881,0.0,31
99,12,40-50,CIMMYT_1,Post-Flowering,100,15,0.4807303249835968,0.8134165406227112,0.48740071058273315,0.5125992894172668,0.0,31
99,12,40-50,CIMMYT_1,Post-Flowering,100,16,0.3468601703643799,0.8653749227523804,0.7485316395759583,0.25146836042404175,0.0,31
99,12,40-50,CIMMYT_1,Post-Flowering,100,17,0.4086065888404846,0.8414095640182495,0.5013945698738098,0.4986054301261902,0.0,31
99,12,40-50,CIMMYT_1,Post-Flowering,100,18,0.4311031699180603,0.8326780796051025,0.6729227304458618,0.3270772695541382,0.0,31
99,12,40-50,CIMMYT_1,Post-Flowering,100,19,0.43660497665405273,0.8305426836013794,0.6569992899894714,0.34300071001052856,0.0,31
99,12,40-50,CIMMYT_1,Post-Flowering,100,20,0.35840117931365967,0.8608955144882202,0.7734358310699463,0.2265641689300537,0.0,31
99,12,40-50,CIMMYT_1,Post-Flowering,100,21,0.3518773019313812,0.8634276390075684,0.8376601338386536,0.16233986616134644,0.0,31
99,12,40-50,CIMMYT_1,Post-Flowering,100,22,0.4207386374473572,0.8367007970809937,0.2295423448085785,0.7704576551914215,0.0,31
99,12,40-50,CIMMYT_1,Post-Flowering,100,23,0.3755838871002197,0.8542264699935913,0.5995857119560242,0.40041428804397583,0.0,31
99,12,40-50,CIMMYT_1,Post-Flowering,100,24,0.38090407848358154,0.8521615862846375,0.4674120545387268,0.5325879454612732,0.0,31
99,12,40-50,CIMMYT_1,Post-Flowering,100,25,0.38381391763687134,0.8510322570800781,0.5623749494552612,0.43762505054473877,0.0,31
99,12,40-50,CIMMYT_1,Post-Flowering,100,26,0.3957732915878296,0.8463904857635498,0.23540601134300232,0.7645939886569977,0.0,31
99,12,40-50,CIMMYT_1,Post-Flowering,100,27,0.42042919993400574,0.8368209004402161,0.28168985247612,0.71831014752388,0.0,31
99,12,40-50,CIMMYT_1,Post-Flowering,100,28,0.3863099217414856,0.8500634431838989,0.7908251881599426,0.20917481184005737,0.0,31
99,12,40-50,CIMMYT_1,Post-Flowering,100,29,0.4319249987602234,0.8323590755462646,0.4768066704273224,0.5231933295726776,0.06885246187448502,31
99,12,40-50,CIMMYT_1,Post-Flowering,100,30,0.3988635241985321,0.8451910614967346,0.1106751412153244,0.8893248587846756,0.20000000298023224,31
99,12,40-50,CIMMYT_1,Post-Flowering,100,31,0.43613386154174805,0.8307255506515503,0.8595537543296814,0.1404462456703186,0.0,31
99,12,40-50,CIMMYT_1,Post-Flowering,100,32,0.41295188665390015,0.8397230505943298,0.7110454440116882,0.28895455598831177,0.0,31
99,12,40-50,CIMMYT_1,Post-Flowering,100,33,0.3599184453487396,0.8603066205978394,0.43881329894065857,0.5611867010593414,0.0,31
99,12,40-50,CIMMYT_1,Post-Flowering,100,34,0.4092930555343628,0.8411431312561035,0.6783057451248169,0.3216942548751831,0.0,31
99,12,40-50,CIMMYT_1,Post-Flowering,100,35,0.4328899681568146,0.8319845795631409,0.5526124238967896,0.44738757610321045,0.0,31
99,12,40-50,CIMMYT_1,Post-Flowering,100,36,0.35997751355171204,0.8602837324142456,0.4901992678642273,0.5098007321357727,0.0,31
99,12,40-50,CIMMYT_1,Post-Flowering,100,37,0.4308715760707855,0.8327679634094238,0.8349160552024841,0.16508394479751587,0.0,31
99,12,40-50,CIMMYT_1,Post-Flowering,100,38,0.43514490127563477,0.8311094045639038,0.382477343082428,0.617522656917572,0.0,31
99,12,40-50,CIMMYT_1,Post-Flowering,100,39,0.4536396265029907,0.823931097984314,0.5454593896865845,0.4545406103134155,0.10722610354423523,31
99,12,40-50,CIMMYT_1,Post-Flowering,100,40,0.453952431678772,0.8238097429275513,0.0,1.0,0.0,31
99,12,40-50,CIMMYT_1,Post-Flowering,100,41,0.3951924443244934,0.8466159105300903,0.011781237088143826,0.9882187629118562,0.0,31
99,12,40-50,CIMMYT_1,Post-Flowering,100,42,0.42526698112487793,0.8349432349205017,0.0,1.0,0.0,31
99,12,40-50,CIMMYT_1,Post-Flowering,100,43,0.4446077346801758,0.827436625957489,0.0,1.0,0.0,31
99,12,40-50,CIMMYT_1,Post-Flowering,100,44,0.41713088750839233,0.8381010890007019,0.7907689213752747,0.20923107862472534,0.0,31
99,12,40-50,CIMMYT_1,Post-Flowering,100,45,0.4258430004119873,0.8347196578979492,0.4596270024776459,0.5403729975223541,0.0,31
99,12,40-50,CIMMYT_1,Post-Flowering,100,46,0.42942672967910767,0.8333287239074707,0.4593563377857208,0.5406436622142792,0.6395173668861389,31
99,12,40-50,CIMMYT_1,Post-Flowering,100,47,0.45398181676864624,0.8237982988357544,0.7664563059806824,0.23354369401931763,0.38545453548431396,31
949,11,50-60,KSU_1,Post-Flowering,950,0,0.32277584075927734,0.8747225999832153,0.5786087512969971,0.42139124870300293,0.003077870002016425,32
949,11,50-60,KSU_1,Post-Flowering,950,1,0.32728493213653564,0.8729725480079651,0.7649477124214172,0.23505228757858276,0.003401360474526882,32
949,11,50-60,KSU_1,Post-Flowering,950,2,0.3677530884742737,0.857265830039978,0.4997505843639374,0.5002494156360626,0.0,32
949,11,50-60,KSU_1,Post-Flowering,950,3,0.38381725549697876,0.8510309457778931,0.36521095037460327,0.6347890496253967,0.0,32
949,11,50-60,KSU_1,Post-Flowering,950,4,0.38866302371025085,0.8491501808166504,0.4645968973636627,0.5354031026363373,0.0,32
949,11,50-60,KSU_1,Post-Flowering,950,5,0.3806035816669464,0.8522782325744629,0.2868970036506653,0.7131029963493347,0.695652186870575,32
949,11,50-60,KSU_1,Post-Flowering,950,6,0.42095890641212463,0.8366153240203857,0.612474799156189,0.38752520084381104,0.03484320640563965,32
949,11,50-60,KSU_1,Post-Flowering,950,7,0.417336642742157,0.8380212187767029,0.7466349005699158,0.25336509943008423,0.30169492959976196,32
949,11,50-60,KSU_1,Post-Flowering,950,8,0.3617194592952728,0.8596076369285583,0.6927878856658936,0.30721211433410645,0.0,32
949,11,50-60,KSU_1,Post-Flowering,950,9,0.3662030100822449,0.8578674793243408,0.7083560824394226,0.2916439175605774,0.0,32
949,11,50-60,KSU_1,Post-Flowering,950,10,0.36433157324790955,0.8585938215255737,0.8705792427062988,0.12942075729370117,0.2657342553138733,32
949,11,50-60,KSU_1,Post-Flowering,950,11,0.2708406150341034,0.894879937171936,0.8688867092132568,0.13111329078674316,0.1827801764011383,32
949,11,50-60,KSU_1,Post-Flowering,950,12,0.3697916865348816,0.8564746379852295,0.6869258284568787,0.31307417154312134,0.0,32
949,11,50-60,KSU_1,Post-Flowering,950,13,0.36940768361091614,0.856623649597168,0.6529967784881592,0.3470032215118408,0.024390242993831635,32
949,11,50-60,KSU_1,Post-Flowering,950,14,0.34116825461387634,0.8675840497016907,0.6891588568687439,0.3108411431312561,0.01071203500032425,32
949,11,50-60,KSU_1,Post-Flowering,950,15,0.3766818046569824,0.853800356388092,0.6570058465003967,0.34299415349960327,0.0,32
949,11,50-60,KSU_1,Post-Flowering,950,16,0.32467031478881836,0.8739873170852661,0.6382450461387634,0.3617549538612366,0.0,32
949,11,50-60,KSU_1,Post-Flowering,950,17,0.37958839535713196,0.852672278881073,0.6432965993881226,0.35670340061187744,0.0,32
949,11,50-60,KSU_1,Post-Flowering,950,18,0.2967201769351959,0.8848354816436768,0.9070953130722046,0.09290468692779541,0.0,32
949,11,50-60,KSU_1,Post-Flowering,950,19,0.3386238217353821,0.8685716390609741,0.5748868584632874,0.42511314153671265,0.0,32
949,11,50-60,KSU_1,Post-Flowering,950,20,0.33414795994758606,0.8703088760375977,0.8079142570495605,0.19208574295043945,0.0,32
949,11,50-60,KSU_1,Post-Flowering,950,21,0.33850276470184326,0.8686186075210571,0.6873185634613037,0.3126814365386963,0.0,32
949,11,50-60,KSU_1,Post-Flowering,950,22,0.42744678258895874,0.8340972065925598,0.7321338653564453,0.2678661346435547,0.0,32
949,11,50-60,KSU_1,Post-Flowering,950,23,0.35676032304763794,0.8615323901176453,0.8702968955039978,0.1297031044960022,0.0,32
949,11,50-60,KSU_1,Post-Flowering,950,24,0.3594832122325897,0.8604755401611328,0.6774981021881104,0.32250189781188965,0.0,32
949,11,50-60,KSU_1,Post-Flowering,950,25,0.32648175954818726,0.8732842803001404,0.8603596687316895,0.13964033126831055,0.09484723955392838,32
949,11,50-60,KSU_1,Post-Flowering,950,26,0.3287465572357178,0.8724052309989929,0.8144726753234863,0.18552732467651367,0.15848596394062042,32
949,11,50-60,KSU_1,Post-Flowering,950,27,0.32134345173835754,0.8752785921096802,0.8259899020195007,0.17401009798049927,0.0,32
949,11,50-60,KSU_1,Post-Flowering,950,28,0.33049875497817993,0.8717252016067505,0.7980232834815979,0.2019767165184021,0.0,32
949,11,50-60,KSU_1,Post-Flowering,950,29,0.38713008165359497,0.8497451543807983,0.660926878452301,0.339073121547699,0.31810036301612854,32
949,11,50-60,KSU_1,Post-Flowering,950,30,0.31590670347213745,0.8773887157440186,0.8490185141563416,0.15098148584365845,0.0,32
949,11,50-60,KSU_1,Post-Flowering,950,31,0.3430050015449524,0.866871178150177,0.8811535239219666,0.11884647607803345,0.0,32
949,11,50-60,KSU_1,Post-Flowering,950,32,0.31645017862319946,0.8771777749061584,0.717204213142395,0.282795786857605,0.0,32
949,11,50-60,KSU_1,Post-Flowering,950,33,0.38957226276397705,0.8487972617149353,0.7452932596206665,0.2547067403793335,0.0,32
949,11,50-60,KSU_1,Post-Flowering,950,34,0.32958459854125977,0.8720799684524536,0.8803088665008545,0.11969113349914551,0.0,32
949,11,50-60,KSU_1,Post-Flowering,950,35,0.3374687433242798,0.8690199851989746,0.8426990509033203,0.1573009490966797,0.0,32
949,11,50-60,KSU_1,Post-Flowering,950,36,0.320785790681839,0.8754950165748596,0.9010324478149414,0.0989675521850586,0.0,32
949,11,50-60,KSU_1,Post-Flowering,950,37,0.42334339022636414,0.8356898427009583,0.7204523086547852,0.27954769134521484,0.6540600657463074,32
949,11,50-60,KSU_1,Post-Flowering,950,38,0.3710569143295288,0.855983555316925,0.8595643639564514,0.14043563604354858,0.30395451188087463,32
949,11,50-60,KSU_1,Post-Flowering,950,39,0.28967443108558655,0.8875701427459717,0.8670432567596436,0.13295674324035645,0.04047763720154762,32
949,11,50-60,KSU_1,Post-Flowering,950,40,0.35592854022979736,0.8618552684783936,0.7931451797485352,0.20685482025146484,0.6828571557998657,32
949,11,50-60,KSU_1,Post-Flowering,950,41,0.34876811504364014,0.8646343946456909,0.778315544128418,0.22168445587158203,0.2368421107530594,32
949,11,50-60,KSU_1,Post-Flowering,950,42,0.35366734862327576,0.8627328872680664,0.6937063336372375,0.30629366636276245,0.0,32
949,11,50-60,KSU_1,Post-Flowering,950,43,0.3244868218898773,0.8740585446357727,0.9197859764099121,0.08021402359008789,0.0,32
949,11,50-60,KSU_1,Post-Flowering,950,44,0.322110652923584,0.8749808073043823,0.8619773983955383,0.13802260160446167,0.0,32
949,11,50-60,KSU_1,Post-Flowering,950,45,0.3508765399456024,0.8638160228729248,0.8076873421669006,0.19231265783309937,0.0,32
949,11,50-60,KSU_1,Post-Flowering,950,46,0.2956249415874481,0.8852605819702148,0.8667262196540833,0.13327378034591675,0.0,32
949,11,50-60,KSU_1,Post-Flowering,950,47,0.32378920912742615,0.8743293285369873,0.9146543145179749,0.08534568548202515,0.05777310952544212,32
949,11,50-60,KSU_1,Post-Flowering,950,48,0.3458262085914612,0.8657761812210083,0.7907091975212097,0.20929080247879028,0.0,32
949,11,50-60,KSU_1,Post-Flowering,950,49,0.33033496141433716,0.871788740158081,0.7806985974311829,0.21930140256881714,0.07865168899297714,32
949,11,50-60,KSU_1,Post-Flowering,950,50,0.37549278140068054,0.8542618751525879,0.6361293792724609,0.36387062072753906,0.0,32
949,11,50-60,KSU_1,Post-Flowering,950,51,0.40816593170166016,0.8415806293487549,0.5131515264511108,0.48684847354888916,0.0,32
949,11,50-60,KSU_1,Post-Flowering,950,52,0.4193621277809143,0.8372350931167603,0.8254497051239014,0.17455029487609863,0.0,32
949,11,50-60,KSU_1,Post-Flowering,950,53,0.3954789936542511,0.8465047478675842,0.5437361001968384,0.4562638998031616,0.3888888955116272,32
949,11,50-60,KSU_1,Post-Flowering,950,54,0.5078835487365723,0.80287766456604,0.4724986255168915,0.5275013744831085,0.7260638475418091,32
949,11,50-60,KSU_1,Post-Flowering,950,55,0.372171014547348,0.8555511236190796,0.25411486625671387,0.7458851337432861,0.0,32
949,11,50-60,KSU_1,Post-Flowering,950,56,0.4271450638771057,0.8342143297195435,0.5679789185523987,0.4320210814476013,0.05188679322600365,32
949,11,50-60,KSU_1,Post-Flowering,950,57,0.4174685478210449,0.8379700183868408,0.3884320557117462,0.6115679442882538,0.0,32
949,11,50-60,KSU_1,Post-Flowering,950,58,0.34885308146476746,0.8646013736724854,0.2585839331150055,0.7414160668849945,0.0,32
1322,50,80-100,UQ_7,Ripening,1323,0,0.2628544569015503,0.8979796171188354,0.9116951823234558,0.08830481767654419,0.1542082130908966,33
1322,50,80-100,UQ_7,Ripening,1323,1,0.38411808013916016,0.8509141802787781,0.8636072278022766,0.1363927721977234,0.0,33
1322,50,80-100,UQ_7,Ripening,1323,2,0.40916305780410767,0.8411935567855835,0.56924968957901,0.43075031042099,0.8403890132904053,33
1322,50,80-100,UQ_7,Ripening,1323,3,0.44432568550109863,0.8275461196899414,0.604500949382782,0.395499050617218,1.225806474685669,33
1322,50,80-100,UQ_7,Ripening,1323,4,0.3273363411426544,0.8729525804519653,0.8113098740577698,0.18869012594223022,0.1973610371351242,33
1322,50,80-100,UQ_7,Ripening,1323,5,0.43463000655174255,0.8313091993331909,0.707815408706665,0.29218459129333496,1.0,33
1322,50,80-100,UQ_7,Ripening,1323,6,0.3493305742740631,0.8644161224365234,0.674781322479248,0.32521867752075195,0.0970967710018158,33
1322,50,80-100,UQ_7,Ripening,1323,7,0.48695868253707886,0.8109991550445557,0.4908754229545593,0.5091245770454407,0.07692307978868484,33
1322,50,80-100,UQ_7,Ripening,1323,8,0.34764236211776733,0.8650712966918945,0.820277988910675,0.17972201108932495,0.27206477522850037,33
1322,50,80-100,UQ_7,Ripening,1323,9,0.43141970038414,0.8325552344322205,0.43635138869285583,0.5636486113071442,0.05602716654539108,33
1322,50,80-100,UQ_7,Ripening,1323,10,0.34605109691619873,0.8656889200210571,0.7744215726852417,0.2255784273147583,0.0,33
1322,50,80-100,UQ_7,Ripening,1323,11,0.30009153485298157,0.8835269808769226,0.7784334421157837,0.2215665578842163,0.008057490922510624,33
1322,50,80-100,UQ_7,Ripening,1323,12,0.2942041754722595,0.8858120441436768,0.7679625153541565,0.2320374846458435,0.3663446009159088,33
1322,50,80-100,UQ_7,Ripening,1323,13,0.42949968576431274,0.8333004117012024,0.7005907297134399,0.29940927028656006,0.04371584579348564,33
1322,50,80-100,UQ_7,Ripening,1323,14,0.4342515468597412,0.8314561247825623,0.3659507930278778,0.6340492069721222,0.036274511367082596,33
1322,50,80-100,UQ_7,Ripening,1323,15,0.4616348147392273,0.8208279609680176,0.8740167021751404,0.12598329782485962,0.2933333218097687,33
1322,50,80-100,UQ_7,Ripening,1323,16,0.4549008905887604,0.8234416246414185,0.7218225598335266,0.2781774401664734,0.03448275849223137,33
1322,50,80-100,UQ_7,Ripening,1323,17,0.4100189507007599,0.840861439704895,0.45741578936576843,0.5425842106342316,0.0729166641831398,33
1322,50,80-100,UQ_7,Ripening,1323,18,0.5031979084014893,0.8046963214874268,0.6966919302940369,0.30330806970596313,0.2102818489074707,33
1322,50,80-100,UQ_7,Ripening,1323,19,0.4024612307548523,0.8437947034835815,0.7398121953010559,0.2601878046989441,0.10125646740198135,33
1322,50,80-100,UQ_7,Ripening,1323,20,0.5078879594802856,0.8028759956359863,0.533367931842804,0.46663206815719604,0.057416267693042755,33
1322,50,80-100,UQ_7,Ripening,1323,21,0.3803865313529968,0.8523625135421753,0.594417154788971,0.40558284521102905,0.0,33
1322,50,80-100,UQ_7,Ripening,1323,22,0.41434064507484436,0.839184045791626,0.8119775652885437,0.1880224347114563,0.2867513597011566,33
1322,50,80-100,UQ_7,Ripening,1323,23,0.4885188341140747,0.8103936314582825,0.6258769035339355,0.37412309646606445,0.11979648470878601,33
1322,50,80-100,UQ_7,Ripening,1323,24,0.3852807283401489,0.8504629135131836,0.7288802862167358,0.27111971378326416,0.06859070807695389,33
1322,50,80-100,UQ_7,Ripening,1323,25,0.2621431350708008,0.8982557058334351,0.8304840922355652,0.16951590776443481,0.013645224273204803,33
1322,50,80-100,UQ_7,Ripening,1323,26,0.3218570947647095,0.8750792145729065,0.5880435705184937,0.41195642948150635,0.01718403585255146,33
1322,50,80-100,UQ_7,Ripening,1323,27,0.3973143696784973,0.8457923531532288,0.599256157875061,0.40074384212493896,0.06958181411027908,33
1322,50,80-100,UQ_7,Ripening,1323,28,0.394268274307251,0.8469746112823486,0.7329538464546204,0.26704615354537964,0.34793588519096375,33
1322,50,80-100,UQ_7,Ripening,1323,29,0.30490997433662415,0.88165682554245,0.8574667572975159,0.14253324270248413,0.5575522184371948,33
1322,50,80-100,UQ_7,Ripening,1323,30,0.3217880129814148,0.8751060366630554,0.8978077173233032,0.10219228267669678,0.3024906516075134,33
1322,50,80-100,UQ_7,Ripening,1323,31,0.37293741106987,0.8552536368370056,0.7946310043334961,0.2053689956665039,0.032894738018512726,33
1322,50,80-100,UQ_7,Ripening,1323,32,0.3028934895992279,0.8824394941329956,0.5601236820220947,0.4398763179779053,0.0,33
1322,50,80-100,UQ_7,Ripening,1323,33,0.3840322494506836,0.8509474992752075,0.7973560690879822,0.20264393091201782,0.0,33
1322,50,80-100,UQ_7,Ripening,1323,34,0.4724254310131073,0.8166399002075195,0.18292829394340515,0.8170717060565948,0.0,33
1322,50,80-100,UQ_7,Ripening,1323,35,0.40232622623443604,0.8438471555709839,0.6872002482414246,0.31279975175857544,0.004372428171336651,33
1322,50,80-100,UQ_7,Ripening,1323,36,0.3498060405254364,0.864231526851654,0.7651400566101074,0.23485994338989258,0.3126050531864166,33
1322,50,80-100,UQ_7,Ripening,1323,37,0.3586691617965698,0.8607915639877319,0.8521121144294739,0.14788788557052612,0.12915851175785065,33
1322,50,80-100,UQ_7,Ripening,1323,38,0.28335636854171753,0.8900222778320312,0.8710823655128479,0.1289176344871521,0.034017112106084824,33
1322,50,80-100,UQ_7,Ripening,1323,39,0.31642335653305054,0.8771882057189941,0.8231905698776245,0.1768094301223755,0.0,33
1322,50,80-100,UQ_7,Ripening,1323,40,0.38670146465301514,0.8499115109443665,0.6885534524917603,0.31144654750823975,0.0,33
1322,50,80-100,UQ_7,Ripening,1323,41,0.3188757300376892,0.8762363195419312,0.8418627381324768,0.1581372618675232,0.3076923191547394,33
1322,50,80-100,UQ_7,Ripening,1323,42,0.29992610216140747,0.8835911750793457,0.9248682856559753,0.07513171434402466,0.5052766799926758,33
1322,50,80-100,UQ_7,Ripening,1323,43,0.3192787170410156,0.8760799169540405,0.7996214628219604,0.20037853717803955,0.6360780596733093,33
1322,50,80-100,UQ_7,Ripening,1323,44,0.5123550295829773,0.8011422157287598,0.7560381293296814,0.2439618706703186,0.022018348798155785,33
1322,50,80-100,UQ_7,Ripening,1323,45,0.36470234394073486,0.8584499359130859,0.7091755270957947,0.2908244729042053,0.13428571820259094,33
1322,50,80-100,UQ_7,Ripening,1323,46,0.30443334579467773,0.881841778755188,0.8925380110740662,0.10746198892593384,0.11961722373962402,33
1322,50,80-100,UQ_7,Ripening,1323,47,0.3689233958721161,0.8568115830421448,0.5504794716835022,0.4495205283164978,0.6126482486724854,33
1322,50,80-100,UQ_7,Ripening,1323,48,0.37897688150405884,0.8529095649719238,0.0,1.0,0.4019014835357666,33
1322,50,80-100,UQ_7,Ripening,1323,49,0.3573589622974396,0.8613000512123108,0.7146213054656982,0.28537869453430176,0.024291498586535454,33
1322,50,80-100,UQ_7,Ripening,1323,50,0.34809523820877075,0.8648955225944519,0.7169986963272095,0.2830013036727905,0.0,33
1322,50,80-100,UQ_7,Ripening,1323,51,0.3041214644908905,0.8819628357887268,0.7765896320343018,0.22341036796569824,0.0,33
1322,50,80-100,UQ_7,Ripening,1323,52,0.3780953586101532,0.8532516956329346,0.22105848789215088,0.7789415121078491,0.2432432472705841,33
1322,50,80-100,UQ_7,Ripening,1323,53,0.3672792315483093,0.8574497699737549,0.5155817270278931,0.48441827297210693,0.16005204617977142,33
1322,50,80-100,UQ_7,Ripening,1323,54,0.38632190227508545,0.8500587940216064,0.6951347589492798,0.3048652410507202,0.04285714402794838,33
1322,50,80-100,UQ_7,Ripening,1323,55,0.35788774490356445,0.8610948324203491,0.8861535787582397,0.11384642124176025,0.3099934160709381,33
1322,50,80-100,UQ_7,Ripening,1323,56,0.3872210383415222,0.8497098684310913,0.7615771889686584,0.23842281103134155,0.5975081324577332,33
1322,50,80-100,UQ_7,Ripening,1323,57,0.4526435434818268,0.8243177533149719,0.5886002779006958,0.4113997220993042,0.0,33
1322,50,80-100,UQ_7,Ripening,1323,58,0.35682952404022217,0.8615055084228516,0.6543174982070923,0.3456825017929077,0.3177759647369385,33
1322,50,80-100,UQ_7,Ripening,1323,59,0.6229152083396912,0.7582310438156128,0.6632019281387329,0.3367980718612671,0.15986116230487823,33
1322,50,80-100,UQ_7,Ripening,1323,60,0.3581264019012451,0.8610022068023682,0.7213823199272156,0.2786176800727844,0.04544005170464516,33
1322,50,80-100,UQ_7,Ripening,1323,61,0.3539729416370392,0.8626142740249634,0.7218068838119507,0.2781931161880493,0.13049450516700745,33
1322,50,80-100,UQ_7,Ripening,1323,62,0.2941325306892395,0.8858398199081421,0.8463277220726013,0.15367227792739868,0.0,33
1322,50,80-100,UQ_7,Ripening,1323,63,0.3643364906311035,0.8585919141769409,0.7463979721069336,0.2536020278930664,0.0,33
1322,50,80-100,UQ_7,Ripening,1323,64,0.3854178190231323,0.8504096865653992,0.8539188504219055,0.14608114957809448,0.2827380895614624,33
1322,50,80-100,UQ_7,Ripening,1323,65,0.31613197922706604,0.8773012757301331,0.5562828779220581,0.4437171220779419,0.2494071125984192,33
1322,50,80-100,UQ_7,Ripening,1323,66,0.5097428560256958,0.8021560311317444,0.3963024914264679,0.6036975085735321,0.6160524487495422,33
1322,50,80-100,UQ_7,Ripening,1323,67,0.3554145097732544,0.862054705619812,0.7922846674919128,0.20771533250808716,0.18421052396297455,33
1322,50,80-100,UQ_7,Ripening,1323,68,0.32058238983154297,0.875573992729187,0.8063865900039673,0.19361340999603271,0.10625693947076797,33
1322,50,80-100,UQ_7,Ripening,1323,69,0.388925701379776,0.8490482568740845,0.5877945423126221,0.41220545768737793,0.0,33
1322,50,80-100,UQ_7,Ripening,1323,70,0.3610830307006836,0.8598546385765076,0.8285263776779175,0.17147362232208252,0.0,33
1322,50,80-100,UQ_7,Ripening,1323,71,0.43564221262931824,0.8309163451194763,0.3949480354785919,0.6050519645214081,0.07629869878292084,33
1322,50,80-100,UQ_7,Ripening,1323,72,0.3645080327987671,0.8585253357887268,0.9414984583854675,0.05850154161453247,0.027368420735001564,33
1322,50,80-100,UQ_7,Ripening,1323,73,0.4243548810482025,0.8352972269058228,0.5254938006401062,0.4745061993598938,0.09090909361839294,33
1322,50,80-100,UQ_7,Ripening,1323,74,0.382709801197052,0.8514607548713684,0.784354567527771,0.215645432472229,0.0,33
1322,50,80-100,UQ_7,Ripening,1323,75,0.5326613187789917,0.7932608127593994,0.770330011844635,0.229669988155365,0.10992617160081863,33
1322,50,80-100,UQ_7,Ripening,1323,76,0.40563154220581055,0.8425642251968384,0.008897082880139351,0.9911029171198606,0.07800586521625519,33
1322,50,80-100,UQ_7,Ripening,1323,77,0.3402858078479767,0.8679265975952148,0.7271701693534851,0.2728298306465149,0.0929752066731453,33
1322,50,80-100,UQ_7,Ripening,1323,78,0.29015544056892395,0.8873834609985352,0.9382513761520386,0.061748623847961426,0.7594936490058899,33
1322,50,80-100,UQ_7,Ripening,1323,79,0.35379356145858765,0.862683892250061,0.29683932662010193,0.7031606733798981,0.37593984603881836,33
1322,50,80-100,UQ_7,Ripening,1323,80,0.41445082426071167,0.8391412496566772,0.5523614883422852,0.44763851165771484,0.3125,33
1322,50,80-100,UQ_7,Ripening,1323,81,0.3153412640094757,0.8776081800460815,0.8646780848503113,0.13532191514968872,0.22413793206214905,33
1322,50,80-100,UQ_7,Ripening,1323,82,0.35623955726623535,0.8617345094680786,0.6979191899299622,0.30208081007003784,0.1945578157901764,33
1322,50,80-100,UQ_7,Ripening,1323,83,0.32827866077423096,0.8725868463516235,0.8518593907356262,0.14814060926437378,0.10370370000600815,33
1322,50,80-100,UQ_7,Ripening,1323,84,0.35206183791160583,0.8633559942245483,0.6816467046737671,0.3183532953262329,0.0,33
1322,50,80-100,UQ_7,Ripening,1323,85,0.43222928047180176,0.8322409987449646,0.6500713229179382,0.34992867708206177,0.15789473056793213,33
1322,50,80-100,UQ_7,Ripening,1323,86,0.429855078458786,0.8331624865531921,0.10932143777608871,0.8906785622239113,0.0,33
1322,50,80-100,UQ_7,Ripening,1323,87,0.44674152135849,0.826608419418335,0.38952380418777466,0.6104761958122253,0.0,33
1322,50,80-100,UQ_7,Ripening,1323,88,0.4632132053375244,0.8202153444290161,0.03943607956171036,0.9605639204382896,0.0,33
1322,50,80-100,UQ_7,Ripening,1323,89,0.343661904335022,0.8666162490844727,0.6680217981338501,0.3319782018661499,0.0,33
1322,50,80-100,UQ_7,Ripening,1323,90,0.40363967418670654,0.84333735704422,0.5827621817588806,0.4172378182411194,0.0,33
1322,50,80-100,UQ_7,Ripening,1323,91,0.3601740598678589,0.8602074384689331,0.0,1.0,0.0,33
1322,50,80-100,UQ_7,Ripening,1323,92,0.4625486135482788,0.820473313331604,0.2392313927412033,0.7607686072587967,0.23118279874324799,33
1322,50,80-100,UQ_7,Ripening,1323,93,0.4467182755470276,0.8266174793243408,0.7770838141441345,0.22291618585586548,0.3807142972946167,33
1322,50,80-100,UQ_7,Ripening,1323,94,0.4752964377403259,0.8155255317687988,0.5310757756233215,0.46892422437667847,0.0,33
1322,50,80-100,UQ_7,Ripening,1323,95,0.4185400605201721,0.8375541567802429,0.397646963596344,0.602353036403656,0.0,33
1322,50,80-100,UQ_7,Ripening,1323,96,0.48410624265670776,0.8121062517166138,0.00640944205224514,0.9935905579477549,0.32692307233810425,33
1322,50,80-100,UQ_7,Ripening,1323,97,0.5315160155296326,0.7937053442001343,0.6630008220672607,0.33699917793273926,0.47999998927116394,33
1322,50,80-100,UQ_7,Ripening,1323,98,0.40958720445632935,0.8410289287567139,0.01115715503692627,0.9888428449630737,0.014285714365541935,33
1325,59,70-80,UQ_10,Filling-Ripening,1326,0,0.3895997703075409,0.8487865924835205,0.0,1.0,0.0,34
1325,59,70-80,UQ_10,Filling-Ripening,1326,1,0.26566874980926514,0.8968873023986816,0.7633312344551086,0.23666876554489136,0.0,34
1325,59,70-80,UQ_10,Filling-Ripening,1326,2,0.4818492531776428,0.8129822611808777,0.4204103648662567,0.5795896351337433,0.1413690447807312,34
1325,59,70-80,UQ_10,Filling-Ripening,1326,3,0.3506369888782501,0.8639090061187744,0.6555165648460388,0.3444834351539612,0.13112245500087738,34
1325,59,70-80,UQ_10,Filling-Ripening,1326,4,0.3623932898044586,0.8593461513519287,0.9310013055801392,0.06899869441986084,0.05487804859876633,34
1325,59,70-80,UQ_10,Filling-Ripening,1326,5,0.27742263674736023,0.8923253417015076,0.9338164329528809,0.06618356704711914,0.0,34
1325,59,70-80,UQ_10,Filling-Ripening,1326,6,0.42827337980270386,0.8337764143943787,0.3798525333404541,0.6201474666595459,0.0,34
1325,59,70-80,UQ_10,Filling-Ripening,1326,7,0.36700400710105896,0.8575565814971924,0.4503953456878662,0.5496046543121338,0.0,34
1325,59,70-80,UQ_10,Filling-Ripening,1326,8,0.43042445182800293,0.8329415321350098,0.7741261720657349,0.22587382793426514,0.0,34
1325,59,70-80,UQ_10,Filling-Ripening,1326,9,0.4435213506221771,0.8278582692146301,0.2539910078048706,0.7460089921951294,0.0,34
1325,59,70-80,UQ_10,Filling-Ripening,1326,10,0.41080716252326965,0.8405554890632629,0.6202584505081177,0.3797415494918823,0.0,34
1325,59,70-80,UQ_10,Filling-Ripening,1326,11,0.326954185962677,0.8731008768081665,0.5779204964637756,0.42207950353622437,0.0,34
1325,59,70-80,UQ_10,Filling-Ripening,1326,12,0.3476632535457611,0.8650631904602051,0.7011280655860901,0.2988719344139099,0.0,34
1325,59,70-80,UQ_10,Filling-Ripening,1326,13,0.2881264090538025,0.8881709575653076,0.8329784274101257,0.16702157258987427,0.0,34
1325,59,70-80,UQ_10,Filling-Ripening,1326,14,0.45103809237480164,0.8249408006668091,0.6778817176818848,0.32211828231811523,0.38108107447624207,34
1325,59,70-80,UQ_10,Filling-Ripening,1326,15,0.3491118550300598,0.8645009994506836,0.16318805515766144,0.8368119448423386,0.03733031824231148,34
1325,59,70-80,UQ_10,Filling-Ripening,1326,16,0.4555343985557556,0.8231956958770752,0.389446496963501,0.610553503036499,0.2280000001192093,34
1325,59,70-80,UQ_10,Filling-Ripening,1326,17,0.3830070495605469,0.851345419883728,0.7398433685302734,0.26015663146972656,0.0,34
1325,59,70-80,UQ_10,Filling-Ripening,1326,18,0.33680465817451477,0.8692777156829834,0.7542258501052856,0.24577414989471436,0.0,34
1325,59,70-80,UQ_10,Filling-Ripening,1326,19,0.3290732204914093,0.8722784519195557,0.6461934447288513,0.3538065552711487,0.07996735721826553,34
1325,59,70-80,UQ_10,Filling-Ripening,1326,20,0.27316784858703613,0.8939766883850098,0.8426709175109863,0.15732908248901367,0.16334755718708038,34
1325,59,70-80,UQ_10,Filling-Ripening,1326,21,0.2944132089614868,0.8857308626174927,0.9597322344779968,0.040267765522003174,0.049450550228357315,34
1325,59,70-80,UQ_10,Filling-Ripening,1326,22,0.2567834258079529,0.9003359079360962,0.850360631942749,0.14963936805725098,0.05882352963089943,34
1325,59,70-80,UQ_10,Filling-Ripening,1326,23,0.42741748690605164,0.8341085910797119,0.4815209209918976,0.5184790790081024,0.16520467400550842,34
1325,59,70-80,UQ_10,Filling-Ripening,1326,24,0.3200220465660095,0.8757914304733276,0.783543586730957,0.21645641326904297,0.32408788800239563,34
1325,59,70-80,UQ_10,Filling-Ripening,1326,25,0.3493516743183136,0.8644078969955444,0.859283983707428,0.14071601629257202,0.243554949760437,34
1325,59,70-80,UQ_10,Filling-Ripening,1326,26,0.30421966314315796,0.8819247484207153,0.7321870923042297,0.26781290769577026,0.0,34
1325,59,70-80,UQ_10,Filling-Ripening,1326,27,0.2581815719604492,0.899793267250061,0.8346362709999084,0.16536372900009155,0.1697777807712555,34
1325,59,70-80,UQ_10,Filling-Ripening,1326,28,0.4038013815879822,0.8432745933532715,0.4793800413608551,0.5206199586391449,0.7198067903518677,34
1325,59,70-80,UQ_10,Filling-Ripening,1326,29,0.3783142864704132,0.8531667590141296,0.6023589968681335,0.39764100313186646,0.0,34
1325,59,70-80,UQ_10,Filling-Ripening,1326,30,0.31047117710113525,0.8794983625411987,0.7756807804107666,0.2243192195892334,0.0,34
1325,59,70-80,UQ_10,Filling-Ripening,1326,31,0.4217905104160309,0.836292564868927,0.7406015396118164,0.2593984603881836,0.0520373098552227,34
1325,59,70-80,UQ_10,Filling-Ripening,1326,32,0.3072429299354553,0.880751371383667,0.11594898998737335,0.8840510100126266,0.09183673560619354,34
1325,59,70-80,UQ_10,Filling-Ripening,1326,33,0.4649657905101776,0.8195351362228394,0.0,1.0,0.0,34
1325,59,70-80,UQ_10,Filling-Ripening,1326,34,0.49626144766807556,0.8073885440826416,0.44013160467147827,0.5598683953285217,0.6470336318016052,34
1325,59,70-80,UQ_10,Filling-Ripening,1326,35,0.2803531885147095,0.8911879062652588,0.8796815276145935,0.1203184723854065,0.5428571701049805,34
1325,59,70-80,UQ_10,Filling-Ripening,1326,36,0.34075501561164856,0.8677444458007812,0.8680500984191895,0.13194990158081055,0.0,34
1325,59,70-80,UQ_10,Filling-Ripening,1326,37,0.4117971658706665,0.840171217918396,0.6390709280967712,0.36092907190322876,0.0,34
1325,59,70-80,UQ_10,Filling-Ripening,1326,38,0.3821907043457031,0.8516622185707092,0.7870585322380066,0.2129414677619934,0.0,34
1325,59,70-80,UQ_10,Filling-Ripening,1326,39,0.4737448990345001,0.8161277770996094,0.6158503890037537,0.38414961099624634,0.10810811072587967,34
1325,59,70-80,UQ_10,Filling-Ripening,1326,40,0.3465997278690338,0.8654760122299194,0.6762118339538574,0.3237881660461426,0.4516128897666931,34
1325,59,70-80,UQ_10,Filling-Ripening,1326,41,0.40533119440078735,0.842680811882019,0.592174232006073,0.407825767993927,0.0,34
1325,59,70-80,UQ_10,Filling-Ripening,1326,42,0.379810631275177,0.852586030960083,0.7023675441741943,0.29763245582580566,0.0,34
1325,59,70-80,UQ_10,Filling-Ripening,1326,43,0.451699435710907,0.8246841430664062,0.473154753446579,0.526845246553421,0.2431318610906601,34
1325,59,70-80,UQ_10,Filling-Ripening,1326,44,0.3446507751941681,0.8662323951721191,0.8109843730926514,0.18901562690734863,0.0,34
1325,59,70-80,UQ_10,Filling-Ripening,1326,45,0.40943264961242676,0.8410889506340027,0.5975297689437866,0.4024702310562134,0.2571428716182709,34
1325,59,70-80,UQ_10,Filling-Ripening,1326,46,0.3275981843471527,0.8728509545326233,0.7980360388755798,0.20196396112442017,0.5774193406105042,34
1325,59,70-80,UQ_10,Filling-Ripening,1326,47,0.4974293112754822,0.8069352507591248,0.5720220804214478,0.42797791957855225,1.0211588144302368,34
1325,59,70-80,UQ_10,Filling-Ripening,1326,48,0.33677423000335693,0.8692895174026489,0.7874654531478882,0.21253454685211182,0.0,34
1325,59,70-80,UQ_10,Filling-Ripening,1326,49,0.3750683665275574,0.8544266223907471,0.6304361820220947,0.3695638179779053,0.0,34
1325,59,70-80,UQ_10,Filling-Ripening,1326,50,0.42587578296661377,0.8347069621086121,0.5513893365859985,0.44861066341400146,0.0,34
1325,59,70-80,UQ_10,Filling-Ripening,1326,51,0.3752385079860687,0.8543605208396912,0.7802709341049194,0.21972906589508057,0.0,34
1325,59,70-80,UQ_10,Filling-Ripening,1326,52,0.3286780118942261,0.8724318742752075,0.8951929807662964,0.10480701923370361,0.005263158120214939,34
1325,59,70-80,UQ_10,Filling-Ripening,1326,53,0.3690584897994995,0.8567591905593872,0.6995599865913391,0.3004400134086609,0.009615384973585606,34
1325,59,70-80,UQ_10,Filling-Ripening,1326,54,0.3573933243751526,0.8612866997718811,0.7505890727043152,0.24941092729568481,0.02651515230536461,34
1325,59,70-80,UQ_10,Filling-Ripening,1326,55,0.430763840675354,0.8328098058700562,0.601917564868927,0.398082435131073,0.0379403792321682,34
1325,59,70-80,UQ_10,Filling-Ripening,1326,56,0.37205377221107483,0.855596661567688,0.8140254616737366,0.18597453832626343,0.0,34
1325,59,70-80,UQ_10,Filling-Ripening,1326,57,0.503169059753418,0.8047075271606445,0.8515475392341614,0.14845246076583862,0.6122159361839294,34
1325,59,70-80,UQ_10,Filling-Ripening,1326,58,0.45542415976524353,0.8232384920120239,0.5418053269386292,0.45819467306137085,0.4632652997970581,34
1325,59,70-80,UQ_10,Filling-Ripening,1326,59,0.4435659646987915,0.8278409242630005,0.0,1.0,0.0,34
1325,59,70-80,UQ_10,Filling-Ripening,1326,60,0.31763482093811035,0.8767179846763611,0.8995118141174316,0.10048818588256836,0.07176141440868378,34
1325,59,70-80,UQ_10,Filling-Ripening,1326,61,0.4331929385662079,0.831866979598999,0.7375154495239258,0.2624845504760742,0.07745726406574249,34
1325,59,70-80,UQ_10,Filling-Ripening,1326,62,0.4573073983192444,0.8225075602531433,0.4811299741268158,0.5188700258731842,0.0,34
1325,59,70-80,UQ_10,Filling-Ripening,1326,63,0.41199398040771484,0.840094804763794,0.26002150774002075,0.7399784922599792,0.07625272125005722,34
1325,59,70-80,UQ_10,Filling-Ripening,1326,64,0.4453684091567993,0.8271414041519165,0.09250075370073318,0.9074992462992668,0.11217948794364929,34
1325,59,70-80,UQ_10,Filling-Ripening,1326,65,0.35395050048828125,0.8626229763031006,0.5546661019325256,0.44533389806747437,0.0,34
1325,59,70-80,UQ_10,Filling-Ripening,1326,66,0.33407852053642273,0.8703357577323914,0.7066804766654968,0.2933195233345032,0.0,34
1325,59,70-80,UQ_10,Filling-Ripening,1326,67,0.3362887501716614,0.8694779276847839,0.8395442366600037,0.16045576333999634,0.0,34
1325,59,70-80,UQ_10,Filling-Ripening,1326,68,0.3739636540412903,0.8548553586006165,0.7993806600570679,0.20061933994293213,0.0,34
1325,59,70-80,UQ_10,Filling-Ripening,1326,69,0.3397127389907837,0.8681489825248718,0.8134979605674744,0.18650203943252563,0.023456789553165436,34
1325,59,70-80,UQ_10,Filling-Ripening,1326,70,0.2573133707046509,0.9001302719116211,0.8553752303123474,0.1446247696876526,0.0,34
1325,59,70-80,UQ_10,Filling-Ripening,1326,71,0.3808903992176056,0.8521668910980225,0.5002120733261108,0.49978792667388916,0.0,34
1325,59,70-80,UQ_10,Filling-Ripening,1326,72,0.40129780769348145,0.8442462682723999,0.8501920700073242,0.14980792999267578,0.025249170139431953,34
1325,59,70-80,UQ_10,Filling-Ripening,1326,73,0.3832830786705017,0.8512382507324219,0.12905406951904297,0.870945930480957,0.3333333432674408,34
1325,59,70-80,UQ_10,Filling-Ripening,1326,74,0.37905243039131165,0.8528802990913391,0.002145263832062483,0.9978547361679375,0.0,34
1325,59,70-80,UQ_10,Filling-Ripening,1326,75,0.45885729789733887,0.8219060301780701,0.696415901184082,0.30358409881591797,0.035254236310720444,34
434,47,30-40,Terraref_2,Filling,435,0,0.35958707332611084,0.8604352474212646,0.8380894064903259,0.16191059350967407,0.0,35
434,47,30-40,Terraref_2,Filling,435,1,0.42505884170532227,0.8350239992141724,0.7723941206932068,0.2276058793067932,0.0,35
434,47,30-40,Terraref_2,Filling,435,2,0.44602692127227783,0.8268858194351196,0.7947454452514648,0.20525455474853516,0.0,35
434,47,30-40,Terraref_2,Filling,435,3,0.4300628900527954,0.833081841468811,0.9245691895484924,0.07543081045150757,0.4245253801345825,35
434,47,30-40,Terraref_2,Filling,435,4,0.4214074909687042,0.8364412188529968,0.46353253722190857,0.5364674627780914,0.25131312012672424,35
434,47,30-40,Terraref_2,Filling,435,5,0.37752747535705566,0.853472113609314,0.8263707160949707,0.1736292839050293,0.07517564296722412,35
434,47,30-40,Terraref_2,Filling,435,6,0.3486213684082031,0.8646913170814514,0.9492179751396179,0.05078202486038208,0.25517240166664124,35
434,47,30-40,Terraref_2,Filling,435,7,0.43226200342178345,0.8322283029556274,0.8770346641540527,0.12296533584594727,0.0,35
434,47,30-40,Terraref_2,Filling,435,8,0.3510548174381256,0.8637468814849854,0.0,1.0,0.0,35
434,47,30-40,Terraref_2,Filling,435,9,0.4133088290691376,0.839584469795227,0.0,1.0,0.0,35
434,47,30-40,Terraref_2,Filling,435,10,0.3761211037635803,0.854017972946167,0.0,1.0,0.0,35
434,47,30-40,Terraref_2,Filling,435,11,0.343818724155426,0.8665553331375122,0.7919701933860779,0.20802980661392212,0.0,35
434,47,30-40,Terraref_2,Filling,435,12,0.47759711742401123,0.8146326541900635,0.4898676574230194,0.5101323425769806,0.0,35
434,47,30-40,Terraref_2,Filling,435,13,0.4266050457954407,0.8344238996505737,0.38787394762039185,0.6121260523796082,0.0,35
434,47,30-40,Terraref_2,Filling,435,14,0.39961665868759155,0.8448988199234009,0.6849446296691895,0.31505537033081055,0.0,35
434,47,30-40,Terraref_2,Filling,435,15,0.43924468755722046,0.8295181393623352,0.32062673568725586,0.6793732643127441,0.0,35
434,47,30-40,Terraref_2,Filling,435,16,0.3727056086063385,0.8553436398506165,0.41118860244750977,0.5888113975524902,0.0,35
434,47,30-40,Terraref_2,Filling,435,17,0.4507557451725006,0.8250504732131958,0.5948539972305298,0.4051460027694702,0.0,35
434,47,30-40,Terraref_2,Filling,435,18,0.40159887075424194,0.8441294431686401,0.0,1.0,0.0,35
434,47,30-40,Terraref_2,Filling,435,19,0.37180155515670776,0.8556945323944092,0.6510575413703918,0.34894245862960815,0.0,35
434,47,30-40,Terraref_2,Filling,435,20,0.46204429864883423,0.8206690549850464,0.09662198275327682,0.9033780172467232,0.0,35
434,47,30-40,Terraref_2,Filling,435,21,0.4605661630630493,0.8212427496910095,0.1729440540075302,0.8270559459924698,0.625,35
434,47,30-40,Terraref_2,Filling,435,22,0.5264289379119873,0.7956797480583191,0.0,1.0,0.0,35
434,47,30-40,Terraref_2,Filling,435,23,0.4040749669075012,0.8431683778762817,0.6774404644966125,0.32255953550338745,0.0,35
434,47,30-40,Terraref_2,Filling,435,24,0.4389905035495758,0.8296167850494385,0.724373459815979,0.275626540184021,0.0,35
434,47,30-40,Terraref_2,Filling,435,25,0.46816688776016235,0.8182927370071411,0.0,1.0,0.0,35
434,47,30-40,Terraref_2,Filling,435,26,0.5021785497665405,0.8050919771194458,0.5400002002716064,0.45999979972839355,0.0,35
434,47,30-40,Terraref_2,Filling,435,27,0.4836980104446411,0.8122646808624268,0.0,1.0,0.0,35
434,47,30-40,Terraref_2,Filling,435,28,0.4527358412742615,0.8242819309234619,0.7429355978965759,0.2570644021034241,0.0,35
434,47,30-40,Terraref_2,Filling,435,29,0.4914493262767792,0.8092561960220337,0.7152535915374756,0.2847464084625244,0.0,35
434,47,30-40,Terraref_2,Filling,435,30,0.4109114110469818,0.8405150175094604,0.7908322215080261,0.20916777849197388,0.0,35
434,47,30-40,Terraref_2,Filling,435,31,0.43660375475883484,0.8305431604385376,0.4142093360424042,0.5857906639575958,0.0,35
434,47,30-40,Terraref_2,Filling,435,32,0.4374682307243347,0.8302076458930969,0.020916379988193512,0.9790836200118065,0.0,35
259,80,50-60,UQ_10,Filling-Ripening,260,0,0.42994093894958496,0.8331291675567627,0.36757513880729675,0.6324248611927032,0.0,36
259,80,50-60,UQ_10,Filling-Ripening,260,1,0.344012051820755,0.8664803504943848,0.8611462116241455,0.1388537883758545,0.033625729382038116,36
259,80,50-60,UQ_10,Filling-Ripening,260,2,0.39733368158340454,0.8457848429679871,0.6096910834312439,0.3903089165687561,0.19718310236930847,36
259,80,50-60,UQ_10,Filling-Ripening,260,3,0.3931626081466675,0.8474037647247314,0.7026576399803162,0.29734236001968384,0.06102246046066284,36
259,80,50-60,UQ_10,Filling-Ripening,260,4,0.4678668677806854,0.8184091448783875,0.4729095697402954,0.5270904302597046,0.12941177189350128,36
259,80,50-60,UQ_10,Filling-Ripening,260,5,0.4681335985660553,0.8183056712150574,0.8139851093292236,0.18601489067077637,0.0,36
259,80,50-60,UQ_10,Filling-Ripening,260,6,0.4017413854598999,0.8440741300582886,0.7313997149467468,0.2686002850532532,0.0,36
259,80,50-60,UQ_10,Filling-Ripening,260,7,0.48475760221481323,0.8118534684181213,0.32054129242897034,0.6794587075710297,0.0,36
259,80,50-60,UQ_10,Filling-Ripening,260,8,0.4910273849964142,0.8094199895858765,0.7007178664207458,0.29928213357925415,0.0,36
259,80,50-60,UQ_10,Filling-Ripening,260,9,0.31552761793136597,0.8775358200073242,0.10693659633398056,0.8930634036660194,0.0,36
259,80,50-60,UQ_10,Filling-Ripening,260,10,0.4562286138534546,0.8229262828826904,0.46591800451278687,0.5340819954872131,0.0,36
259,80,50-60,UQ_10,Filling-Ripening,260,11,0.39162322878837585,0.84800124168396,0.9323486089706421,0.06765139102935791,0.0,36
259,80,50-60,UQ_10,Filling-Ripening,260,12,0.44389063119888306,0.8277149200439453,0.34012025594711304,0.659879744052887,0.0,36
259,80,50-60,UQ_10,Filling-Ripening,260,13,0.3719576299190521,0.8556339144706726,0.7497556805610657,0.2502443194389343,0.0,36
259,80,50-60,UQ_10,Filling-Ripening,260,14,0.39531809091567993,0.8465671539306641,0.8630458116531372,0.1369541883468628,0.0,36
259,80,50-60,UQ_10,Filling-Ripening,260,15,0.3629230260848999,0.8591405153274536,0.8208974003791809,0.1791025996208191,0.0,36
259,80,50-60,UQ_10,Filling-Ripening,260,16,0.43476319313049316,0.8312575221061707,0.6708771586418152,0.3291228413581848,0.0,36
259,80,50-60,UQ_10,Filling-Ripening,260,17,0.35918331146240234,0.8605920076370239,0.7303658127784729,0.2696341872215271,0.0,36
259,80,50-60,UQ_10,Filling-Ripening,260,18,0.3741879463195801,0.8547682762145996,0.8164705038070679,0.18352949619293213,0.0,36
259,80,50-60,UQ_10,Filling-Ripening,260,19,0.4208507537841797,0.8366572856903076,0.42098644375801086,0.5790135562419891,0.0,36
259,80,50-60,UQ_10,Filling-Ripening,260,20,0.549545168876648,0.7867077589035034,0.13986879587173462,0.8601312041282654,0.12793603539466858,36
259,80,50-60,UQ_10,Filling-Ripening,260,21,0.4578128755092621,0.8223114013671875,0.3854449391365051,0.6145550608634949,0.0,36
259,80,50-60,UQ_10,Filling-Ripening,260,22,0.42046919465065,0.8368054032325745,0.6823422312736511,0.3176577687263489,0.0,36
259,80,50-60,UQ_10,Filling-Ripening,260,23,0.4419853985309601,0.8284544348716736,0.7986838817596436,0.20131611824035645,0.25,36
259,80,50-60,UQ_10,Filling-Ripening,260,24,0.4260452389717102,0.8346412181854248,0.6994949579238892,0.30050504207611084,0.0,36
259,80,50-60,UQ_10,Filling-Ripening,260,25,0.4669896960258484,0.8187496066093445,0.4810854494571686,0.5189145505428314,0.0,36
259,80,50-60,UQ_10,Filling-Ripening,260,26,0.4180864095687866,0.8377302289009094,0.7730401754379272,0.22695982456207275,0.0,36
259,80,50-60,UQ_10,Filling-Ripening,260,27,0.37115761637687683,0.8559444546699524,0.8684842586517334,0.1315157413482666,0.0,36
259,80,50-60,UQ_10,Filling-Ripening,260,28,0.3793838620185852,0.852751612663269,0.5079709887504578,0.49202901124954224,0.0139860138297081,36
259,80,50-60,UQ_10,Filling-Ripening,260,29,0.38484641909599304,0.8506314754486084,0.925426185131073,0.074573814868927,0.0,36
259,80,50-60,UQ_10,Filling-Ripening,260,30,0.38467514514923096,0.8506979942321777,0.5016052722930908,0.4983947277069092,0.0,36
259,80,50-60,UQ_10,Filling-Ripening,260,31,0.42049339413642883,0.8367960453033447,0.20467044413089752,0.7953295558691025,0.0,36
259,80,50-60,UQ_10,Filling-Ripening,260,32,0.3815818727016449,0.8518985509872437,0.7227210402488708,0.27727895975112915,0.0,36
259,80,50-60,UQ_10,Filling-Ripening,260,33,0.4489098787307739,0.8257668614387512,0.2827654182910919,0.7172345817089081,0.0,36
259,80,50-60,UQ_10,Filling-Ripening,260,34,0.4389916658401489,0.829616367816925,0.5698996186256409,0.43010038137435913,0.0,36
259,80,50-60,UQ_10,Filling-Ripening,260,35,0.5028694868087769,0.8048237562179565,0.7888351678848267,0.21116483211517334,0.0,36
259,80,50-60,UQ_10,Filling-Ripening,260,36,0.4653642773628235,0.819380521774292,0.3592539131641388,0.6407460868358612,0.0,36
259,80,50-60,UQ_10,Filling-Ripening,260,37,0.4329005479812622,0.8319804668426514,0.7618167996406555,0.23818320035934448,0.0,36
259,80,50-60,UQ_10,Filling-Ripening,260,38,0.451416552066803,0.8247939348220825,0.6741111874580383,0.32588881254196167,0.0,36
259,80,50-60,UQ_10,Filling-Ripening,260,39,0.44043704867362976,0.8290553689002991,0.5746080875396729,0.42539191246032715,0.0,36
259,80,50-60,UQ_10,Filling-Ripening,260,40,0.4488004744052887,0.8258093595504761,0.41870027780532837,0.5812997221946716,0.0,36
259,80,50-60,UQ_10,Filling-Ripening,260,41,0.37466639280319214,0.8545826077461243,0.7109562754631042,0.28904372453689575,0.0,36
259,80,50-60,UQ_10,Filling-Ripening,260,42,0.38950884342193604,0.8488218784332275,0.30740830302238464,0.6925916969776154,0.0,36
259,80,50-60,UQ_10,Filling-Ripening,260,43,0.41499990224838257,0.8389281630516052,0.20944787561893463,0.7905521243810654,0.0,36
259,80,50-60,UQ_10,Filling-Ripening,260,44,0.47783711552619934,0.8145394921302795,0.6055364012718201,0.39446359872817993,0.0,36
259,80,50-60,UQ_10,Filling-Ripening,260,45,0.5374233722686768,0.7914125323295593,0.48332905769348145,0.5166709423065186,0.4124999940395355,36
259,80,50-60,UQ_10,Filling-Ripening,260,46,0.42008036375045776,0.8369563221931458,0.8391158580780029,0.16088414192199707,0.2750000059604645,36
259,80,50-60,UQ_10,Filling-Ripening,260,47,0.4298807382583618,0.8331525325775146,0.6399515271186829,0.36004847288131714,0.11827956885099411,36
259,80,50-60,UQ_10,Filling-Ripening,260,48,0.42514345049858093,0.8349912166595459,0.0,1.0,0.0,36
259,80,50-60,UQ_10,Filling-Ripening,260,49,0.4601763188838959,0.8213940858840942,0.863013505935669,0.13698649406433105,0.027100270614027977,36
989,88,10-20,Terraref_2,Filling,990,0,0.45073530077934265,0.8250583410263062,0.46576571464538574,0.5342342853546143,0.00699300691485405,37
989,88,10-20,Terraref_2,Filling,990,1,0.3155963122844696,0.8775091767311096,0.5659222602844238,0.43407773971557617,0.0,37
989,88,10-20,Terraref_2,Filling,990,2,0.4284212589263916,0.83371901512146,0.7950271368026733,0.20497286319732666,0.03506208956241608,37
989,88,10-20,Terraref_2,Filling,990,3,0.39017876982688904,0.8485618829727173,0.47887349128723145,0.5211265087127686,0.04554079845547676,37
989,88,10-20,Terraref_2,Filling,990,4,0.38435688614845276,0.8508214950561523,0.0,1.0,0.0,37
989,88,10-20,Terraref_2,Filling,990,5,0.5061803460121155,0.8035387396812439,0.38561710715293884,0.6143828928470612,0.0,37
989,88,10-20,Terraref_2,Filling,990,6,0.44272446632385254,0.8281675577163696,0.6793882250785828,0.32061177492141724,0.29032257199287415,37
989,88,10-20,Terraref_2,Filling,990,7,0.3585214614868164,0.8608488440513611,0.1104530617594719,0.8895469382405281,0.11224489659070969,37
989,88,10-20,Terraref_2,Filling,990,8,0.4635692834854126,0.8200771808624268,0.5996326208114624,0.4003673791885376,0.0,37
989,88,10-20,Terraref_2,Filling,990,9,0.33371782302856445,0.8704757690429688,0.0012667375849559903,0.998733262415044,0.0,37
989,88,10-20,Terraref_2,Filling,990,10,0.561526358127594,0.7820575833320618,0.14788579940795898,0.852114200592041,0.0,37
989,88,10-20,Terraref_2,Filling,990,11,0.43045535683631897,0.8329294919967651,0.37348127365112305,0.626518726348877,0.009230769239366055,37
989,88,10-20,Terraref_2,Filling,990,12,0.3907642960548401,0.8483346104621887,0.019044101238250732,0.9809558987617493,0.011342154815793037,37
989,88,10-20,Terraref_2,Filling,990,13,0.3650192618370056,0.8583269119262695,0.7968291640281677,0.20317083597183228,0.0,37
989,88,10-20,Terraref_2,Filling,990,14,0.3983747363090515,0.8453807830810547,0.0,1.0,0.0,37
989,88,10-20,Terraref_2,Filling,990,15,0.5033335089683533,0.8046436905860901,0.7051565647125244,0.2948434352874756,0.00756302522495389,37
989,88,10-20,Terraref_2,Filling,990,16,0.3806923031806946,0.8522437810897827,0.0,1.0,0.0,37
989,88,10-20,Terraref_2,Filling,990,17,0.4356826841831207,0.8309006690979004,0.0,1.0,0.0,37
808,22,60-70,KSU_1,Post-Flowering,809,0,0.33583009243011475,0.869655966758728,0.9080291390419006,0.09197086095809937,0.0,38
808,22,60-70,KSU_1,Post-Flowering,809,1,0.4037390947341919,0.8432987928390503,0.595589816570282,0.404410183429718,0.0,38
808,22,60-70,KSU_1,Post-Flowering,809,2,0.37556928396224976,0.8542321920394897,0.4346753656864166,0.5653246343135834,0.0,38
808,22,60-70,KSU_1,Post-Flowering,809,3,0.39566677808761597,0.8464318513870239,0.8947849869728088,0.10521501302719116,0.0,38
808,22,60-70,KSU_1,Post-Flowering,809,4,0.4174799919128418,0.8379656076431274,0.5293276309967041,0.4706723690032959,0.14423076808452606,38
808,22,60-70,KSU_1,Post-Flowering,809,5,0.43203312158584595,0.8323171138763428,0.6550431847572327,0.34495681524276733,0.0,38
808,22,60-70,KSU_1,Post-Flowering,809,6,0.4636402130126953,0.8200496435165405,0.43751049041748047,0.5624895095825195,0.4107142984867096,38
808,22,60-70,KSU_1,Post-Flowering,809,7,0.40349823236465454,0.8433922529220581,0.71830815076828,0.28169184923171997,0.7931034564971924,38
808,22,60-70,KSU_1,Post-Flowering,809,8,0.47584831714630127,0.8153113722801208,0.8607629537582397,0.13923704624176025,0.0,38
808,22,60-70,KSU_1,Post-Flowering,809,9,0.3729827105998993,0.8552360534667969,0.7625826597213745,0.2374173402786255,0.0,38
808,22,60-70,KSU_1,Post-Flowering,809,10,0.33586814999580383,0.8696411848068237,0.6411536335945129,0.35884636640548706,0.0,38
808,22,60-70,KSU_1,Post-Flowering,809,11,0.3828239142894745,0.8514164686203003,0.3855707049369812,0.6144292950630188,0.0,38
808,22,60-70,KSU_1,Post-Flowering,809,12,0.3493238091468811,0.8644186854362488,0.8059222102165222,0.19407778978347778,0.0,38
808,22,60-70,KSU_1,Post-Flowering,809,13,0.41086506843566895,0.8405330181121826,0.5976340770721436,0.40236592292785645,0.12115384638309479,38
808,22,60-70,KSU_1,Post-Flowering,809,14,0.3680782914161682,0.8571395874023438,0.8363149166107178,0.16368508338928223,0.0,38
808,22,60-70,KSU_1,Post-Flowering,809,15,0.3773062229156494,0.8535580039024353,0.7351939678192139,0.26480603218078613,0.0,38
808,22,60-70,KSU_1,Post-Flowering,809,16,0.48370203375816345,0.8122631311416626,0.7022148370742798,0.2977851629257202,0.0,38
808,22,60-70,KSU_1,Post-Flowering,809,17,0.3896849751472473,0.8487535119056702,0.7098867893218994,0.2901132106781006,0.08664898574352264,38
808,22,60-70,KSU_1,Post-Flowering,809,18,0.42402026057243347,0.8354271054267883,0.718292236328125,0.281707763671875,0.2107526808977127,38
808,22,60-70,KSU_1,Post-Flowering,809,19,0.40468767285346985,0.8429306149482727,0.7260347008705139,0.2739652991294861,0.1616915464401245,38
808,22,60-70,KSU_1,Post-Flowering,809,20,0.34761977195739746,0.8650801181793213,0.8657532930374146,0.13424670696258545,0.21146853268146515,38
808,22,60-70,KSU_1,Post-Flowering,809,21,0.35787174105644226,0.8611010313034058,0.6725449562072754,0.3274550437927246,0.6817293167114258,38
808,22,60-70,KSU_1,Post-Flowering,809,22,0.34807583689689636,0.8649030923843384,0.552476704120636,0.447523295879364,0.9097608923912048,38
808,22,60-70,KSU_1,Post-Flowering,809,23,0.35789066553115845,0.8610936999320984,0.7406003475189209,0.2593996524810791,0.39162448048591614,38
808,22,60-70,KSU_1,Post-Flowering,809,24,0.3807246685028076,0.8522312641143799,0.7999049425125122,0.2000950574874878,0.11042945086956024,38
808,22,60-70,KSU_1,Post-Flowering,809,25,0.3597556948661804,0.8603698015213013,0.3448234498500824,0.6551765501499176,0.3252755105495453,38
808,22,60-70,KSU_1,Post-Flowering,809,26,0.3557131290435791,0.8619388341903687,0.7437666654586792,0.2562333345413208,0.5865384340286255,38
808,22,60-70,KSU_1,Post-Flowering,809,27,0.33145755529403687,0.871353030204773,0.9060994982719421,0.09390050172805786,0.4242606461048126,38
808,22,60-70,KSU_1,Post-Flowering,809,28,0.32626160979270935,0.8733696937561035,0.8461446166038513,0.15385538339614868,0.0,38
808,22,60-70,KSU_1,Post-Flowering,809,29,0.33582860231399536,0.8696565628051758,0.90603107213974,0.09396892786026001,0.0,38
808,22,60-70,KSU_1,Post-Flowering,809,30,0.45362192392349243,0.8239380121231079,0.20933817327022552,0.7906618267297745,0.44505494832992554,38
808,22,60-70,KSU_1,Post-Flowering,809,31,0.3827436566352844,0.851447582244873,0.811677873134613,0.18832212686538696,0.5431764721870422,38
808,22,60-70,KSU_1,Post-Flowering,809,32,0.40737828612327576,0.8418862819671631,0.8289733529090881,0.17102664709091187,0.7798165082931519,38
808,22,60-70,KSU_1,Post-Flowering,809,33,0.4152701497077942,0.8388232588768005,0.7585398554801941,0.2414601445198059,0.3270162343978882,38
808,22,60-70,KSU_1,Post-Flowering,809,34,0.2698245048522949,0.8952744007110596,0.7715595364570618,0.22844046354293823,0.0,38
808,22,60-70,KSU_1,Post-Flowering,809,35,0.3175979256629944,0.8767322897911072,0.48550161719322205,0.514498382806778,0.13700686395168304,38
808,22,60-70,KSU_1,Post-Flowering,809,36,0.3685867488384247,0.8569422364234924,0.833077609539032,0.16692239046096802,0.23076923191547394,38
808,22,60-70,KSU_1,Post-Flowering,809,37,0.39559561014175415,0.8464594483375549,0.7602628469467163,0.2397371530532837,0.1690140813589096,38
808,22,60-70,KSU_1,Post-Flowering,809,38,0.35235878825187683,0.8632407188415527,0.8041286468505859,0.19587135314941406,0.1428571492433548,38
808,22,60-70,KSU_1,Post-Flowering,809,39,0.408474862575531,0.8414607048034668,0.56022047996521,0.43977952003479004,0.3478260934352875,38
808,22,60-70,KSU_1,Post-Flowering,809,40,0.41438013315200806,0.8391687273979187,0.6611883044242859,0.3388116955757141,0.15037593245506287,38
808,22,60-70,KSU_1,Post-Flowering,809,41,0.47773978114128113,0.8145772218704224,0.5198344588279724,0.4801655411720276,0.0,38
808,22,60-70,KSU_1,Post-Flowering,809,42,0.45227479934692383,0.8244608640670776,0.7453526854515076,0.25464731454849243,0.16683684289455414,38
808,22,60-70,KSU_1,Post-Flowering,809,43,0.3491183817386627,0.8644984364509583,0.8250799179077148,0.17492008209228516,0.0,38
808,22,60-70,KSU_1,Post-Flowering,809,44,0.3451797366142273,0.8660271167755127,0.8660215735435486,0.13397842645645142,0.0,38
808,22,60-70,KSU_1,Post-Flowering,809,45,0.37671375274658203,0.8537879586219788,0.840973973274231,0.15902602672576904,0.06168831139802933,38
808,22,60-70,KSU_1,Post-Flowering,809,46,0.3575301766395569,0.8612335920333862,0.7464901208877563,0.25350987911224365,0.043628014624118805,38
808,22,60-70,KSU_1,Post-Flowering,809,47,0.3736402988433838,0.8549808263778687,0.7615323662757874,0.23846763372421265,0.0,38
808,22,60-70,KSU_1,Post-Flowering,809,48,0.3851308822631836,0.8505210876464844,0.0,1.0,0.0,38
808,22,60-70,KSU_1,Post-Flowering,809,49,0.36822640895843506,0.8570821285247803,0.7882354855537415,0.21176451444625854,0.20347490906715393,38
808,22,60-70,KSU_1,Post-Flowering,809,50,0.3088250756263733,0.8801372647285461,0.725334882736206,0.27466511726379395,0.018708880990743637,38
808,22,60-70,KSU_1,Post-Flowering,809,51,0.3997803032398224,0.8448352813720703,0.8549049496650696,0.14509505033493042,0.13247863948345184,38
808,22,60-70,KSU_1,Post-Flowering,809,52,0.3630857467651367,0.8590773344039917,0.703141987323761,0.296858012676239,0.272866427898407,38
808,22,60-70,KSU_1,Post-Flowering,809,53,0.30819466710090637,0.8803819417953491,0.7812163829803467,0.21878361701965332,0.025673940777778625,38
808,22,60-70,KSU_1,Post-Flowering,809,54,0.4218944311141968,0.8362522125244141,0.0,1.0,0.14615385234355927,38
808,22,60-70,KSU_1,Post-Flowering,809,55,0.4398922324180603,0.8292668461799622,0.0,1.0,0.11346153914928436,38
808,22,60-70,KSU_1,Post-Flowering,809,56,0.33007919788360596,0.8718880414962769,0.637090265750885,0.362909734249115,0.05000000074505806,38
808,22,60-70,KSU_1,Post-Flowering,809,57,0.3345915675163269,0.8701366186141968,0.850332498550415,0.14966750144958496,0.15123076736927032,38
808,22,60-70,KSU_1,Post-Flowering,809,58,0.3892994225025177,0.8489031791687012,0.7832421064376831,0.2167578935623169,0.0,38
808,22,60-70,KSU_1,Post-Flowering,809,59,0.42054080963134766,0.8367775678634644,0.7169806361198425,0.28301936388015747,0.0,38
808,22,60-70,KSU_1,Post-Flowering,809,60,0.45748671889305115,0.8224379420280457,0.5743274688720703,0.4256725311279297,0.11320754885673523,38
808,22,60-70,KSU_1,Post-Flowering,809,61,0.3825799822807312,0.8515111207962036,0.7366493940353394,0.26335060596466064,0.13411395251750946,38
808,22,60-70,KSU_1,Post-Flowering,809,62,0.4855284094810486,0.8115543127059937,0.7584598660469055,0.24154013395309448,0.4750402569770813,38
808,22,60-70,KSU_1,Post-Flowering,809,63,0.3356623649597168,0.8697210550308228,0.778351902961731,0.22164809703826904,0.3314606845378876,38
872,56,50-60,Terraref_1,Ripening,873,0,0.4572822153568268,0.8225173354148865,0.6846046447753906,0.3153953552246094,0.0,39
872,56,50-60,Terraref_1,Ripening,873,1,0.5520590543746948,0.785732090473175,0.0,1.0,0.0,39
872,56,50-60,Terraref_1,Ripening,873,2,0.4191386103630066,0.8373218178749084,0.4832094609737396,0.5167905390262604,0.0,39
872,56,50-60,Terraref_1,Ripening,873,3,0.4240453243255615,0.8354173898696899,0.3210122287273407,0.6789877712726593,0.0,39
872,56,50-60,Terraref_1,Ripening,873,4,0.4331872761249542,0.8318691849708557,0.45687851309776306,0.5431214869022369,0.0,39
872,56,50-60,Terraref_1,Ripening,873,5,0.41500324010849,0.8389268517494202,0.5655750036239624,0.4344249963760376,0.0,39
872,56,50-60,Terraref_1,Ripening,873,6,0.3701182007789612,0.8563478589057922,0.581328272819519,0.41867172718048096,0.0,39
872,56,50-60,Terraref_1,Ripening,873,7,0.3350257873535156,0.8699681162834167,0.4835985004901886,0.5164014995098114,0.0,39
872,56,50-60,Terraref_1,Ripening,873,8,0.37942397594451904,0.8527360558509827,0.6836419701576233,0.3163580298423767,0.0,39
872,56,50-60,Terraref_1,Ripening,873,9,0.4638049006462097,0.8199857473373413,0.5573762059211731,0.4426237940788269,0.0,39
872,56,50-60,Terraref_1,Ripening,873,10,0.42151975631713867,0.836397647857666,0.6012811660766602,0.39871883392333984,0.0,39
872,56,50-60,Terraref_1,Ripening,873,11,0.36400270462036133,0.8587214350700378,0.5399476885795593,0.4600523114204407,0.0,39
872,56,50-60,Terraref_1,Ripening,873,12,0.40364986658096313,0.84333336353302,0.7552006840705872,0.24479931592941284,0.0,39
872,56,50-60,Terraref_1,Ripening,873,13,0.38038045167922974,0.8523648381233215,0.7451654672622681,0.25483453273773193,0.057416267693042755,39
872,56,50-60,Terraref_1,Ripening,873,14,0.31782618165016174,0.876643717288971,0.0,1.0,0.0,39
872,56,50-60,Terraref_1,Ripening,873,15,0.4627304971218109,0.8204027414321899,0.3008398115634918,0.6991601884365082,0.0,39
872,56,50-60,Terraref_1,Ripening,873,16,0.44932693243026733,0.8256049752235413,0.0,1.0,0.0,39
872,56,50-60,Terraref_1,Ripening,873,17,0.5383071899414062,0.791069507598877,0.6481217741966248,0.35187822580337524,0.0,39
872,56,50-60,Terraref_1,Ripening,873,18,0.397426962852478,0.8457486629486084,0.37327679991722107,0.6267232000827789,0.0,39
872,56,50-60,Terraref_1,Ripening,873,19,0.30370283126831055,0.8821253776550293,0.13625268638134003,0.86374731361866,0.0,39
872,56,50-60,Terraref_1,Ripening,873,20,0.4279543459415436,0.8339002132415771,0.606209933757782,0.393790066242218,0.0,39
872,56,50-60,Terraref_1,Ripening,873,21,0.3928464353084564,0.8475264310836792,0.6653719544410706,0.33462804555892944,0.0,39
872,56,50-60,Terraref_1,Ripening,873,22,0.40702736377716064,0.8420225381851196,0.5788282155990601,0.42117178440093994,0.0,39
872,56,50-60,Terraref_1,Ripening,873,23,0.4217187166213989,0.8363204002380371,0.10253354161977768,0.8974664583802223,0.3235294222831726,39
872,56,50-60,Terraref_1,Ripening,873,24,0.4254467487335205,0.8348734974861145,0.5494152307510376,0.4505847692489624,0.0,39
872,56,50-60,Terraref_1,Ripening,873,25,0.487972617149353,0.8106056451797485,0.3560043275356293,0.6439956724643707,0.24159663915634155,39
872,56,50-60,Terraref_1,Ripening,873,26,0.5372622609138489,0.7914750576019287,0.0,1.0,0.16583748161792755,39
872,56,50-60,Terraref_1,Ripening,873,27,0.3661482632160187,0.8578886985778809,0.42995160818099976,0.5700483918190002,0.29655173420906067,39
872,56,50-60,Terraref_1,Ripening,873,28,0.37945473194122314,0.8527241349220276,0.06421542167663574,0.9357845783233643,0.31804734468460083,39
872,56,50-60,Terraref_1,Ripening,873,29,0.387144535779953,0.8497395515441895,0.5239355564117432,0.47606444358825684,0.0,39
872,56,50-60,Terraref_1,Ripening,873,30,0.5316382050514221,0.7936578989028931,0.0,1.0,0.0,39
872,56,50-60,Terraref_1,Ripening,873,31,0.3762069046497345,0.8539847135543823,0.6627170443534851,0.3372829556465149,0.0,39
872,56,50-60,Terraref_1,Ripening,873,32,0.3581784963607788,0.8609819412231445,0.67437744140625,0.32562255859375,0.0,39
872,56,50-60,Terraref_1,Ripening,873,33,0.4138231873512268,0.8393848538398743,0.0,1.0,0.0,39
872,56,50-60,Terraref_1,Ripening,873,34,0.46756529808044434,0.8185262084007263,0.019063998013734818,0.9809360019862652,0.0,39
872,56,50-60,Terraref_1,Ripening,873,35,0.48540812730789185,0.8116009831428528,0.38816797733306885,0.6118320226669312,0.2068965584039688,39
872,56,50-60,Terraref_1,Ripening,873,36,0.39552614092826843,0.8464863896369934,0.38038769364356995,0.61961230635643,0.12192118167877197,39
872,56,50-60,Terraref_1,Ripening,873,37,0.46145910024642944,0.8208961486816406,0.22415629029273987,0.7758437097072601,0.0,39
872,56,50-60,Terraref_1,Ripening,873,38,0.35239291191101074,0.8632274866104126,0.0,1.0,0.21301774680614471,39
872,56,50-60,Terraref_1,Ripening,873,39,0.3336890637874603,0.8704869151115417,0.326554536819458,0.673445463180542,0.0,39
872,56,50-60,Terraref_1,Ripening,873,40,0.34249237179756165,0.867070198059082,0.10171440988779068,0.8982855901122093,0.0,39
872,56,50-60,Terraref_1,Ripening,873,41,0.4837617874145508,0.812239944934845,0.0,1.0,0.0,39
872,56,50-60,Terraref_1,Ripening,873,42,0.5053898096084595,0.8038455843925476,0.02221616357564926,0.9777838364243507,0.0833333358168602,39
872,56,50-60,Terraref_1,Ripening,873,43,0.49957752227783203,0.8061014413833618,0.5357943773269653,0.46420562267303467,0.4910714328289032,39
872,56,50-60,Terraref_1,Ripening,873,44,0.5072230696678162,0.803134024143219,0.3620389997959137,0.6379610002040863,0.0,39
872,56,50-60,Terraref_1,Ripening,873,45,0.4135822057723999,0.8394783735275269,0.35773223638534546,0.6422677636146545,0.23404255509376526,39
872,56,50-60,Terraref_1,Ripening,873,46,0.5156647562980652,0.7998576164245605,0.4963490962982178,0.5036509037017822,0.0,39
872,56,50-60,Terraref_1,Ripening,873,47,0.45972320437431335,0.8215699195861816,0.5988467931747437,0.40115320682525635,0.4207407534122467,39
872,56,50-60,Terraref_1,Ripening,873,48,0.4061655104160309,0.8423570394515991,0.695723295211792,0.304276704788208,0.3941769301891327,39
872,56,50-60,Terraref_1,Ripening,873,49,0.39082008600234985,0.8483129739761353,0.0744495540857315,0.9255504459142685,0.0,39
872,56,50-60,Terraref_1,Ripening,873,50,0.4651457667350769,0.8194652795791626,0.05840625613927841,0.9415937438607216,0.0,39
694,94,10-20,NAU_2,Post-Flowering,695,0,0.41488730907440186,0.8389718532562256,0.8211115002632141,0.1788884997367859,0.0,40
694,94,10-20,NAU_2,Post-Flowering,695,1,0.3681693375110626,0.8571043014526367,0.8395382761955261,0.16046172380447388,0.0,40
694,94,10-20,NAU_2,Post-Flowering,695,2,0.34143686294555664,0.8674798011779785,0.7846397757530212,0.21536022424697876,0.0,40
694,94,10-20,NAU_2,Post-Flowering,695,3,0.416670024394989,0.8382799625396729,0.6722288131713867,0.3277711868286133,0.0,40
694,94,10-20,NAU_2,Post-Flowering,695,4,0.382476806640625,0.8515511751174927,0.7122416496276855,0.28775835037231445,0.0,40
694,94,10-20,NAU_2,Post-Flowering,695,5,0.3842831254005432,0.8508501052856445,0.7597666382789612,0.24023336172103882,0.0,40
694,94,10-20,NAU_2,Post-Flowering,695,6,0.4098363518714905,0.8409322500228882,0.7813385128974915,0.21866148710250854,0.0,40
694,94,10-20,NAU_2,Post-Flowering,695,7,0.3814743459224701,0.8519402742385864,0.8818318843841553,0.11816811561584473,0.0,40
694,94,10-20,NAU_2,Post-Flowering,695,8,0.380871444940567,0.8521742820739746,0.7239740490913391,0.2760259509086609,0.0,40
694,94,10-20,NAU_2,Post-Flowering,695,9,0.4285086989402771,0.833685040473938,0.16266849637031555,0.8373315036296844,0.0,40
694,94,10-20,NAU_2,Post-Flowering,695,10,0.3840123116970062,0.8509551882743835,0.7949076890945435,0.20509231090545654,0.0,40
694,94,10-20,NAU_2,Post-Flowering,695,11,0.38488271832466125,0.8506174087524414,0.8383970856666565,0.1616029143333435,0.1967320293188095,40
694,94,10-20,NAU_2,Post-Flowering,695,12,0.36607626080513,0.8579166531562805,0.7349787354469299,0.26502126455307007,0.0,40
694,94,10-20,NAU_2,Post-Flowering,695,13,0.45771360397338867,0.8223499059677124,0.6428087949752808,0.35719120502471924,0.4000000059604645,40
694,94,10-20,NAU_2,Post-Flowering,695,14,0.35648638010025024,0.8616387248039246,0.8604702353477478,0.1395297646522522,0.024703556671738625,40
694,94,10-20,NAU_2,Post-Flowering,695,15,0.3479781746864319,0.8649410009384155,0.942126452922821,0.057873547077178955,0.0,40
694,94,10-20,NAU_2,Post-Flowering,695,16,0.3392332196235657,0.8683351278305054,0.8355580568313599,0.16444194316864014,0.0,40
694,94,10-20,NAU_2,Post-Flowering,695,17,0.35147151350975037,0.8635851144790649,0.944431483745575,0.05556851625442505,0.0,40
185,30,40-50,Terraref_1,Ripening,186,0,0.4600830078125,0.8214302659034729,0.6063888669013977,0.3936111330986023,0.0,41
185,30,40-50,Terraref_1,Ripening,186,1,0.4494079351425171,0.8255735635757446,0.744608998298645,0.255391001701355,0.023105589672923088,41
185,30,40-50,Terraref_1,Ripening,186,2,0.38928934931755066,0.8489070534706116,0.8553264737129211,0.14467352628707886,0.02850574627518654,41
185,30,40-50,Terraref_1,Ripening,186,3,0.3725033104419708,0.8554221391677856,0.725242555141449,0.274757444858551,0.0,41
185,30,40-50,Terraref_1,Ripening,186,4,0.37366634607315063,0.8549707531929016,0.8337619304656982,0.16623806953430176,0.0,41
185,30,40-50,Terraref_1,Ripening,186,5,0.422958105802536,0.8358393907546997,0.7028365731239319,0.2971634268760681,0.0,41
185,30,40-50,Terraref_1,Ripening,186,6,0.4701828956604004,0.8175102472305298,0.5592716336250305,0.4407283663749695,0.0,41
185,30,40-50,Terraref_1,Ripening,186,7,0.429736852645874,0.8332083821296692,0.6898471713066101,0.3101528286933899,0.0,41
185,30,40-50,Terraref_1,Ripening,186,8,0.40337491035461426,0.8434401154518127,0.8139784932136536,0.18602150678634644,0.0,41
185,30,40-50,Terraref_1,Ripening,186,9,0.4851488471031189,0.8117015957832336,0.04372231662273407,0.9562776833772659,0.0,41
185,30,40-50,Terraref_1,Ripening,186,10,0.43914467096328735,0.829556941986084,0.8945541381835938,0.10544586181640625,0.0,41
185,30,40-50,Terraref_1,Ripening,186,11,0.4405401945114136,0.82901531457901,0.6157363057136536,0.38426369428634644,0.0,41
185,30,40-50,Terraref_1,Ripening,186,12,0.38634806871414185,0.8500486612319946,0.8579509854316711,0.14204901456832886,0.0,41
185,30,40-50,Terraref_1,Ripening,186,13,0.41790175437927246,0.8378018736839294,0.5790420174598694,0.4209579825401306,0.0,41
185,30,40-50,Terraref_1,Ripening,186,14,0.43986159563064575,0.8292787075042725,0.6613805294036865,0.3386194705963135,0.049808427691459656,41
185,30,40-50,Terraref_1,Ripening,186,15,0.4894716739654541,0.8100237846374512,0.41074344515800476,0.5892565548419952,0.0,41
185,30,40-50,Terraref_1,Ripening,186,16,0.4028099775314331,0.8436594009399414,0.07834257185459137,0.9216574281454086,0.0,41
185,30,40-50,Terraref_1,Ripening,186,17,0.39585962891578674,0.846356987953186,0.7859606742858887,0.21403932571411133,0.09307359158992767,41
185,30,40-50,Terraref_1,Ripening,186,18,0.342907190322876,0.8669091463088989,0.7896818518638611,0.21031814813613892,0.0,41
185,30,40-50,Terraref_1,Ripening,186,19,0.5112699270248413,0.8015633821487427,0.3674451410770416,0.6325548589229584,0.5289968848228455,41
185,30,40-50,Terraref_1,Ripening,186,20,0.3534129858016968,0.8628315925598145,0.873421311378479,0.126578688621521,0.381571501493454,41
185,30,40-50,Terraref_1,Ripening,186,21,0.35897359251976013,0.8606733679771423,0.8670398592948914,0.13296014070510864,0.0,41
185,30,40-50,Terraref_1,Ripening,186,22,0.48154789209365845,0.813099205493927,0.3251095116138458,0.6748904883861542,0.0,41
185,30,40-50,Terraref_1,Ripening,186,23,0.4155583679676056,0.8387114405632019,0.567855954170227,0.43214404582977295,0.20955882966518402,41
185,30,40-50,Terraref_1,Ripening,186,24,0.42059841752052307,0.8367552757263184,0.5506465435028076,0.4493534564971924,0.0,41
185,30,40-50,Terraref_1,Ripening,186,25,0.3634875416755676,0.8589214086532593,0.8435944318771362,0.15640556812286377,0.0,41
185,30,40-50,Terraref_1,Ripening,186,26,0.4350978136062622,0.8311276435852051,0.5025154948234558,0.4974845051765442,0.09218329191207886,41
185,30,40-50,Terraref_1,Ripening,186,27,0.4606192111968994,0.821222186088562,0.1485435962677002,0.8514564037322998,0.0,41
185,30,40-50,Terraref_1,Ripening,186,28,0.4526982307434082,0.8242964744567871,0.6500828266143799,0.3499171733856201,0.0,41
185,30,40-50,Terraref_1,Ripening,186,29,0.39495986700057983,0.846706211566925,0.6329536437988281,0.3670463562011719,0.0,41
185,30,40-50,Terraref_1,Ripening,186,30,0.41215914487838745,0.8400307297706604,0.7528710961341858,0.2471289038658142,0.0,41
185,30,40-50,Terraref_1,Ripening,186,31,0.32841718196868896,0.8725330829620361,0.0,1.0,0.0,41
185,30,40-50,Terraref_1,Ripening,186,32,0.3833845257759094,0.8511989116668701,0.663585901260376,0.336414098739624,0.0,41
185,30,40-50,Terraref_1,Ripening,186,33,0.4825296998023987,0.8127181529998779,0.44583114981651306,0.5541688501834869,0.0,41
185,30,40-50,Terraref_1,Ripening,186,34,0.45404624938964844,0.8237732648849487,0.40974974632263184,0.5902502536773682,0.0,41
185,30,40-50,Terraref_1,Ripening,186,35,0.4407154321670532,0.8289473056793213,0.27086251974105835,0.7291374802589417,0.0,41
185,30,40-50,Terraref_1,Ripening,186,36,0.5058424472808838,0.8036699295043945,0.7174505591392517,0.2825494408607483,0.10674487054347992,41
185,30,40-50,Terraref_1,Ripening,186,37,0.4096614718437195,0.8410001397132874,0.0,1.0,0.24248120188713074,41
185,30,40-50,Terraref_1,Ripening,186,38,0.45481419563293457,0.8234752416610718,0.22815752029418945,0.7718424797058105,0.0,41
185,30,40-50,Terraref_1,Ripening,186,39,0.4758759140968323,0.8153006434440613,0.44304516911506653,0.5569548308849335,0.0,41
185,30,40-50,Terraref_1,Ripening,186,40,0.4563942551612854,0.8228619694709778,0.2745470404624939,0.7254529595375061,0.0,41
263,63,30-40,KSU_3,Filling,264,0,0.42686301469802856,0.8343237638473511,0.6598013639450073,0.3401986360549927,0.0,42
263,63,30-40,KSU_3,Filling,264,1,0.44187262654304504,0.8284981846809387,0.5958225131034851,0.4041774868965149,0.0,42
263,63,30-40,KSU_3,Filling,264,2,0.36138010025024414,0.859739363193512,0.6710404753684998,0.32895952463150024,0.0,42
263,63,30-40,KSU_3,Filling,264,3,0.4060189127922058,0.8424139022827148,0.6124835014343262,0.38751649856567383,0.0,42
263,63,30-40,KSU_3,Filling,264,4,0.3907979130744934,0.8483215570449829,0.5649418830871582,0.4350581169128418,0.0,42
263,63,30-40,KSU_3,Filling,264,5,0.3980937600135803,0.8454898595809937,0.22725632786750793,0.7727436721324921,0.0,42
263,63,30-40,KSU_3,Filling,264,6,0.3849228024482727,0.850601851940155,0.8328027725219727,0.16719722747802734,0.0,42
263,63,30-40,KSU_3,Filling,264,7,0.3786284327507019,0.853044867515564,0.6733444929122925,0.3266555070877075,0.0,42
263,63,30-40,KSU_3,Filling,264,8,0.38048744201660156,0.8523232936859131,0.3908289968967438,0.6091710031032562,0.0,42
263,63,30-40,KSU_3,Filling,264,9,0.4438835680484772,0.8277177214622498,0.8789583444595337,0.12104165554046631,0.012506513856351376,42
263,63,30-40,KSU_3,Filling,264,10,0.43691056966781616,0.8304240703582764,0.484619677066803,0.515380322933197,0.06451612710952759,42
263,63,30-40,KSU_3,Filling,264,11,0.37437888979911804,0.8546941876411438,0.7362895011901855,0.26371049880981445,0.0,42
263,63,30-40,KSU_3,Filling,264,12,0.4394305944442749,0.829446017742157,0.6207665801048279,0.3792334198951721,0.0,42
263,63,30-40,KSU_3,Filling,264,13,0.33906134963035583,0.8684017658233643,0.6783276796340942,0.32167232036590576,0.0,42
263,63,30-40,KSU_3,Filling,264,14,0.3352607488632202,0.8698769211769104,0.6698237061500549,0.33017629384994507,0.0,42
263,63,30-40,KSU_3,Filling,264,15,0.33578842878341675,0.8696721196174622,0.7105958461761475,0.28940415382385254,0.0,42
263,63,30-40,KSU_3,Filling,264,16,0.3151165843009949,0.8776953816413879,0.74378502368927,0.25621497631073,0.0,42
263,63,30-40,KSU_3,Filling,264,17,0.455674409866333,0.82314133644104,0.6627126336097717,0.33728736639022827,0.0,42
263,63,30-40,KSU_3,Filling,264,18,0.37655889987945557,0.8538480997085571,0.6451437473297119,0.3548562526702881,0.007756232749670744,42
263,63,30-40,KSU_3,Filling,264,19,0.42274945974349976,0.8359203338623047,0.3552119731903076,0.6447880268096924,0.004480000119656324,42
263,63,30-40,KSU_3,Filling,264,20,0.4132730960845947,0.8395983576774597,0.5233644843101501,0.47663551568984985,0.0,42
263,63,30-40,KSU_3,Filling,264,21,0.34725069999694824,0.8652232885360718,0.7831214070320129,0.21687859296798706,0.0,42
263,63,30-40,KSU_3,Filling,264,22,0.3280644118785858,0.8726699948310852,0.7565819025039673,0.24341809749603271,0.0,42
263,63,30-40,KSU_3,Filling,264,23,0.4282117486000061,0.8338003158569336,0.35911890864372253,0.6408810913562775,0.0,42
263,63,30-40,KSU_3,Filling,264,24,0.44808459281921387,0.8260871767997742,0.5216842889785767,0.47831571102142334,0.0,42
263,63,30-40,KSU_3,Filling,264,25,0.4007605016231537,0.844454824924469,0.5726420283317566,0.4273579716682434,0.0,42
263,63,30-40,KSU_3,Filling,264,26,0.46809837222099304,0.8183193206787109,0.8201748132705688,0.17982518672943115,0.0,42
263,63,30-40,KSU_3,Filling,264,27,0.4852699041366577,0.8116546273231506,0.23494790494441986,0.7650520950555801,0.0,42
263,63,30-40,KSU_3,Filling,264,28,0.3555256426334381,0.8620116114616394,0.6777119636535645,0.32228803634643555,0.0,42
263,63,30-40,KSU_3,Filling,264,29,0.4110741913318634,0.8404518365859985,0.8874452710151672,0.11255472898483276,0.0,42
1093,35,40-50,UQ_10,Filling-Ripening,1094,0,0.36401963233947754,0.8587148785591125,0.8834582567214966,0.11654174327850342,0.0,43
1093,35,40-50,UQ_10,Filling-Ripening,1094,1,0.4081754684448242,0.841576874256134,0.5067465901374817,0.4932534098625183,0.0,43
1093,35,40-50,UQ_10,Filling-Ripening,1094,2,0.4091339409351349,0.8412048816680908,0.7405403256416321,0.2594596743583679,0.0,43
1093,35,40-50,UQ_10,Filling-Ripening,1094,3,0.3294556140899658,0.8721300363540649,0.8250932097434998,0.17490679025650024,0.0,43
1093,35,40-50,UQ_10,Filling-Ripening,1094,4,0.4333299398422241,0.8318138122558594,0.7677964568138123,0.23220354318618774,0.0,43
1093,35,40-50,UQ_10,Filling-Ripening,1094,5,0.30262303352355957,0.8825443983078003,0.8748307824134827,0.12516921758651733,0.0,43
1093,35,40-50,UQ_10,Filling-Ripening,1094,6,0.3853546977043152,0.8504341840744019,0.7147454619407654,0.2852545380592346,0.0,43
1093,35,40-50,UQ_10,Filling-Ripening,1094,7,0.3655345141887665,0.8581268787384033,0.6515693664550781,0.3484306335449219,0.02983362041413784,43
1093,35,40-50,UQ_10,Filling-Ripening,1094,8,0.3849342465400696,0.8505973815917969,0.6822192072868347,0.3177807927131653,0.0,43
1093,35,40-50,UQ_10,Filling-Ripening,1094,9,0.4025218188762665,0.84377121925354,0.7907477021217346,0.20925229787826538,0.0,43
1093,35,40-50,UQ_10,Filling-Ripening,1094,10,0.40608733892440796,0.842387318611145,0.7207303047180176,0.2792696952819824,0.2026578038930893,43
1093,35,40-50,UQ_10,Filling-Ripening,1094,11,0.35420167446136475,0.862525463104248,0.43300655484199524,0.5669934451580048,0.1842397302389145,43
1093,35,40-50,UQ_10,Filling-Ripening,1094,12,0.3190261125564575,0.8761780261993408,0.7028566002845764,0.2971433997154236,0.06054351478815079,43
1093,35,40-50,UQ_10,Filling-Ripening,1094,13,0.37652260065078735,0.8538621664047241,0.7916968464851379,0.20830315351486206,0.0,43
1093,35,40-50,UQ_10,Filling-Ripening,1094,14,0.408917635679245,0.8412888050079346,0.7458850145339966,0.2541149854660034,0.0,43
1093,35,40-50,UQ_10,Filling-Ripening,1094,15,0.38835471868515015,0.8492698073387146,0.6314786672592163,0.3685213327407837,0.0,43
1093,35,40-50,UQ_10,Filling-Ripening,1094,16,0.4370225667953491,0.8303806185722351,0.32289981842041016,0.6771001815795898,0.0,43
1093,35,40-50,UQ_10,Filling-Ripening,1094,17,0.35553133487701416,0.8620094060897827,0.6963641047477722,0.3036358952522278,0.03201970458030701,43
1093,35,40-50,UQ_10,Filling-Ripening,1094,18,0.3939858376979828,0.8470842242240906,0.6311966180801392,0.36880338191986084,0.0,43
1093,35,40-50,UQ_10,Filling-Ripening,1094,19,0.42925769090652466,0.8333943486213684,0.3616730868816376,0.6383269131183624,0.0,43
1093,35,40-50,UQ_10,Filling-Ripening,1094,20,0.39238548278808594,0.8477053642272949,0.6095117926597595,0.3904882073402405,0.0,43
1093,35,40-50,UQ_10,Filling-Ripening,1094,21,0.42328375577926636,0.8357129693031311,0.7700663208961487,0.22993367910385132,0.0,43
1093,35,40-50,UQ_10,Filling-Ripening,1094,22,0.38835734128952026,0.8492687940597534,0.5382896661758423,0.4617103338241577,0.0,43
1093,35,40-50,UQ_10,Filling-Ripening,1094,23,0.42600733041763306,0.8346558809280396,0.7799509167671204,0.22004908323287964,0.0,43
1093,35,40-50,UQ_10,Filling-Ripening,1094,24,0.4449130892753601,0.8273180723190308,0.7575088143348694,0.24249118566513062,0.4143066108226776,43
1093,35,40-50,UQ_10,Filling-Ripening,1094,25,0.438444048166275,0.8298289179801941,0.7904669046401978,0.20953309535980225,0.5363166928291321,43
1093,35,40-50,UQ_10,Filling-Ripening,1094,26,0.4052141010761261,0.8427262902259827,0.6773348450660706,0.32266515493392944,0.0,43
1093,35,40-50,UQ_10,Filling-Ripening,1094,27,0.3234069049358368,0.8744776844978333,0.7811354398727417,0.2188645601272583,0.0,43
1093,35,40-50,UQ_10,Filling-Ripening,1094,28,0.48563289642333984,0.8115137219429016,0.632204532623291,0.367795467376709,0.0,43
1093,35,40-50,UQ_10,Filling-Ripening,1094,29,0.39855289459228516,0.8453116416931152,0.8632222414016724,0.13677775859832764,0.0,43
1093,35,40-50,UQ_10,Filling-Ripening,1094,30,0.4371068477630615,0.8303478956222534,0.7359210848808289,0.26407891511917114,0.28125,43
1093,35,40-50,UQ_10,Filling-Ripening,1094,31,0.43352797627449036,0.8317369818687439,0.455509752035141,0.544490247964859,0.27460169792175293,43
1093,35,40-50,UQ_10,Filling-Ripening,1094,32,0.3855864405632019,0.8503442406654358,0.7796729803085327,0.22032701969146729,0.0,43
1093,35,40-50,UQ_10,Filling-Ripening,1094,33,0.4207814633846283,0.8366841673851013,0.6427889466285706,0.35721105337142944,0.0,43
1093,35,40-50,UQ_10,Filling-Ripening,1094,34,0.4449617266654968,0.8272992372512817,0.3913674056529999,0.6086325943470001,0.0,43
1093,35,40-50,UQ_10,Filling-Ripening,1094,35,0.4107271432876587,0.8405865430831909,0.7803170680999756,0.21968293190002441,0.0,43
1093,35,40-50,UQ_10,Filling-Ripening,1094,36,0.4330536127090454,0.8319211006164551,0.4401329457759857,0.5598670542240143,0.0,43
1093,35,40-50,UQ_10,Filling-Ripening,1094,37,0.41699501872062683,0.8381537795066833,0.6400617957115173,0.35993820428848267,0.0,43
1093,35,40-50,UQ_10,Filling-Ripening,1094,38,0.3432464301586151,0.8667774796485901,0.9060700535774231,0.0939299464225769,0.11681818217039108,43
1093,35,40-50,UQ_10,Filling-Ripening,1094,39,0.4570496678352356,0.8226075768470764,0.3362262547016144,0.6637737452983856,0.0,43
1093,35,40-50,UQ_10,Filling-Ripening,1094,40,0.35672175884246826,0.8615473508834839,0.1730623096227646,0.8269376903772354,0.0,43
1093,35,40-50,UQ_10,Filling-Ripening,1094,41,0.5237752199172974,0.7967097759246826,0.5969824194908142,0.4030175805091858,0.0,43
1093,35,40-50,UQ_10,Filling-Ripening,1094,42,0.4677266776561737,0.8184635639190674,0.35468119382858276,0.6453188061714172,0.0,43
1093,35,40-50,UQ_10,Filling-Ripening,1094,43,0.41208842396736145,0.8400582075119019,0.809583842754364,0.190416157245636,0.12949039041996002,43
782,27,80-100,UQ_9,Filling-Ripening,783,0,0.598989725112915,0.76751708984375,0.6255527138710022,0.3744472861289978,0.21976570785045624,44
782,27,80-100,UQ_9,Filling-Ripening,783,1,0.46407920122146606,0.8198792934417725,0.6304253935813904,0.3695746064186096,0.0,44
782,27,80-100,UQ_9,Filling-Ripening,783,2,0.29874610900878906,0.8840491771697998,0.914592444896698,0.085407555103302,0.0,44
782,27,80-100,UQ_9,Filling-Ripening,783,3,0.3466925024986267,0.8654400110244751,0.8010022640228271,0.19899773597717285,0.0,44
782,27,80-100,UQ_9,Filling-Ripening,783,4,0.3786822557449341,0.8530239462852478,0.5877112150192261,0.4122887849807739,0.5882353186607361,44
782,27,80-100,UQ_9,Filling-Ripening,783,5,0.382375031709671,0.8515906929969788,0.6182346343994141,0.38176536560058594,0.5262885093688965,44
782,27,80-100,UQ_9,Filling-Ripening,783,6,0.34494680166244507,0.8661174774169922,0.7398445010185242,0.26015549898147583,0.1887626200914383,44
782,27,80-100,UQ_9,Filling-Ripening,783,7,0.4002939462661743,0.8446359038352966,0.46915045380592346,0.5308495461940765,0.17919999361038208,44
782,27,80-100,UQ_9,Filling-Ripening,783,8,0.551277756690979,0.7860352993011475,0.5484659075737,0.45153409242630005,0.9279392957687378,44
782,27,80-100,UQ_9,Filling-Ripening,783,9,0.2828761339187622,0.8902087211608887,0.8374083638191223,0.16259163618087769,0.37175610661506653,44
782,27,80-100,UQ_9,Filling-Ripening,783,10,0.3356448709964752,0.8697278499603271,0.8158448338508606,0.1841551661491394,0.2995094060897827,44
782,27,80-100,UQ_9,Filling-Ripening,783,11,0.35334521532058716,0.8628578782081604,0.8264250159263611,0.17357498407363892,0.011279892176389694,44
782,27,80-100,UQ_9,Filling-Ripening,783,12,0.28786543011665344,0.8882722854614258,0.6750003099441528,0.32499969005584717,0.19379845261573792,44
782,27,80-100,UQ_9,Filling-Ripening,783,13,0.48456934094429016,0.811926543712616,0.48489999771118164,0.5151000022888184,0.8928571343421936,44
782,27,80-100,UQ_9,Filling-Ripening,783,14,0.3520571291446686,0.8633578419685364,0.7224233746528625,0.27757662534713745,0.36274510622024536,44
782,27,80-100,UQ_9,Filling-Ripening,783,15,0.3907811641693115,0.8483280539512634,0.4554586708545685,0.5445413291454315,0.0,44
782,27,80-100,UQ_9,Filling-Ripening,783,16,0.3019154667854309,0.8828190565109253,0.9024953246116638,0.09750467538833618,0.0,44
782,27,80-100,UQ_9,Filling-Ripening,783,17,0.29852095246315,0.8841365575790405,0.8484148979187012,0.15158510208129883,0.0,44
782,27,80-100,UQ_9,Filling-Ripening,783,18,0.38151630759239197,0.851923942565918,0.6801980137825012,0.3198019862174988,0.0782608687877655,44
782,27,80-100,UQ_9,Filling-Ripening,783,19,0.403578519821167,0.8433610796928406,0.42085957527160645,0.5791404247283936,0.4425102174282074,44
782,27,80-100,UQ_9,Filling-Ripening,783,20,0.48941653966903687,0.8100451827049255,0.5317407846450806,0.46825921535491943,0.9106172919273376,44
782,27,80-100,UQ_9,Filling-Ripening,783,21,0.523849606513977,0.7966808676719666,0.0,1.0,0.0,44
782,27,80-100,UQ_9,Filling-Ripening,783,22,0.27417758107185364,0.8935848474502563,0.8527960777282715,0.14720392227172852,0.1386309564113617,44
782,27,80-100,UQ_9,Filling-Ripening,783,23,0.3560223877429962,0.861818790435791,0.6781267523765564,0.3218732476234436,0.20620155334472656,44
782,27,80-100,UQ_9,Filling-Ripening,783,24,0.46537530422210693,0.8193762302398682,0.0,1.0,0.0,44
782,27,80-100,UQ_9,Filling-Ripening,783,25,0.292202353477478,0.8865889310836792,0.9439906477928162,0.05600935220718384,0.14932703971862793,44
782,27,80-100,UQ_9,Filling-Ripening,783,26,0.3398180603981018,0.8681081533432007,0.6754464507102966,0.32455354928970337,0.3140496015548706,44
782,27,80-100,UQ_9,Filling-Ripening,783,27,0.3349228501319885,0.870008111000061,0.5288018584251404,0.4711981415748596,0.025238599628210068,44
782,27,80-100,UQ_9,Filling-Ripening,783,28,0.4514833986759186,0.8247680068016052,0.5198712944984436,0.4801287055015564,0.015178345143795013,44
782,27,80-100,UQ_9,Filling-Ripening,783,29,0.37267035245895386,0.85535728931427,0.7121796011924744,0.28782039880752563,0.0,44
782,27,80-100,UQ_9,Filling-Ripening,783,30,0.39779919385910034,0.8456041812896729,0.47859418392181396,0.521405816078186,0.0,44
782,27,80-100,UQ_9,Filling-Ripening,783,31,0.42771846055984497,0.8339917659759521,0.7977672219276428,0.20223277807235718,0.007075471803545952,44
782,27,80-100,UQ_9,Filling-Ripening,783,32,0.4370218515396118,0.830380916595459,0.0,1.0,0.19298245012760162,44
782,27,80-100,UQ_9,Filling-Ripening,783,33,0.46175098419189453,0.8207828998565674,0.6577928066253662,0.3422071933746338,0.09324324131011963,44
782,27,80-100,UQ_9,Filling-Ripening,783,34,0.3712478578090668,0.8559094071388245,0.0,1.0,0.1270201951265335,44
782,27,80-100,UQ_9,Filling-Ripening,783,35,0.4251735210418701,0.8349795341491699,0.32730579376220703,0.672694206237793,0.37037035822868347,44
782,27,80-100,UQ_9,Filling-Ripening,783,36,0.4874628186225891,0.8108034729957581,0.6488863229751587,0.3511136770248413,0.0,44
782,27,80-100,UQ_9,Filling-Ripening,783,37,0.31273773312568665,0.8786187171936035,0.0,1.0,0.0,44
782,27,80-100,UQ_9,Filling-Ripening,783,38,0.34767842292785645,0.8650573492050171,0.8864315152168274,0.11356848478317261,0.0,44
782,27,80-100,UQ_9,Filling-Ripening,783,39,0.3961276412010193,0.846252977848053,0.8757117986679077,0.12428820133209229,0.1809280514717102,44
782,27,80-100,UQ_9,Filling-Ripening,783,40,0.4235723614692688,0.8356009721755981,0.7476691007614136,0.2523308992385864,1.524999976158142,44
782,27,80-100,UQ_9,Filling-Ripening,783,41,0.4528513550758362,0.824237048625946,0.5449925661087036,0.4550074338912964,0.4571428596973419,44
782,27,80-100,UQ_9,Filling-Ripening,783,42,0.3734077215194702,0.8550711274147034,0.6105233430862427,0.3894766569137573,0.47479674220085144,44
782,27,80-100,UQ_9,Filling-Ripening,783,43,0.29183393716812134,0.8867319822311401,0.7415080666542053,0.2584919333457947,0.19376929104328156,44
782,27,80-100,UQ_9,Filling-Ripening,783,44,0.4798696041107178,0.8137506246566772,0.8612530827522278,0.13874691724777222,0.7132922410964966,44
782,27,80-100,UQ_9,Filling-Ripening,783,45,0.4007916748523712,0.8444427251815796,0.7114753127098083,0.28852468729019165,0.1818181872367859,44
782,27,80-100,UQ_9,Filling-Ripening,783,46,0.4342843294143677,0.8314434289932251,0.4959584176540375,0.5040415823459625,0.0,44
782,27,80-100,UQ_9,Filling-Ripening,783,47,0.3718456029891968,0.8556774258613586,0.9728099703788757,0.027190029621124268,0.11117688566446304,44
782,27,80-100,UQ_9,Filling-Ripening,783,48,0.48313161730766296,0.8124845027923584,0.2387995570898056,0.7612004429101944,0.20471464097499847,44
782,27,80-100,UQ_9,Filling-Ripening,783,49,0.5772465467453003,0.7759561538696289,0.7224664092063904,0.2775335907936096,0.8006349205970764,44
782,27,80-100,UQ_9,Filling-Ripening,783,50,0.5742777585983276,0.7771084308624268,0.5522674918174744,0.44773250818252563,0.4883928596973419,44
782,27,80-100,UQ_9,Filling-Ripening,783,51,0.3573368191719055,0.8613086342811584,0.679546058177948,0.320453941822052,0.09090909361839294,44
782,27,80-100,UQ_9,Filling-Ripening,783,52,0.5177268385887146,0.7990572452545166,0.5435692667961121,0.45643073320388794,0.13685151934623718,44
782,27,80-100,UQ_9,Filling-Ripening,783,53,0.4304170310497284,0.832944393157959,0.2984040081501007,0.7015959918498993,0.7658730149269104,44
782,27,80-100,UQ_9,Filling-Ripening,783,54,0.34882843494415283,0.8646109700202942,0.5087931156158447,0.4912068843841553,0.23092885315418243,44
782,27,80-100,UQ_9,Filling-Ripening,783,55,0.48707959055900574,0.8109521865844727,0.23054340481758118,0.7694565951824188,1.0,44
782,27,80-100,UQ_9,Filling-Ripening,783,56,0.5066759586334229,0.8033463954925537,0.5231909155845642,0.4768090844154358,0.2666666805744171,44
782,27,80-100,UQ_9,Filling-Ripening,783,57,0.5186787843704224,0.7986878156661987,0.0,1.0,0.051428571343421936,44
782,27,80-100,UQ_9,Filling-Ripening,783,58,0.3863861560821533,0.8500338792800903,0.6274779438972473,0.3725220561027527,0.11839323490858078,44
782,27,80-100,UQ_9,Filling-Ripening,783,59,0.49089550971984863,0.8094711899757385,0.02542959153652191,0.9745704084634781,0.0,44
782,27,80-100,UQ_9,Filling-Ripening,783,60,0.4127504825592041,0.8398011922836304,0.8747104406356812,0.12528955936431885,0.4508625566959381,44
782,27,80-100,UQ_9,Filling-Ripening,783,61,0.35688114166259766,0.861485481262207,0.6653411388397217,0.3346588611602783,0.7173988223075867,44
782,27,80-100,UQ_9,Filling-Ripening,783,62,0.6032102108001709,0.7658790349960327,0.7071791887283325,0.2928208112716675,0.5315355062484741,44
782,27,80-100,UQ_9,Filling-Ripening,783,63,0.3452001214027405,0.8660191893577576,0.7626367807388306,0.23736321926116943,0.03838709741830826,44
782,27,80-100,UQ_9,Filling-Ripening,783,64,0.42000895738601685,0.8369840383529663,0.025980854406952858,0.9740191455930471,0.0,44
782,27,80-100,UQ_9,Filling-Ripening,783,65,0.2930479049682617,0.8862607479095459,0.8500840067863464,0.14991599321365356,0.08951809257268906,44
782,27,80-100,UQ_9,Filling-Ripening,783,66,0.43067115545272827,0.8328457474708557,0.43608933687210083,0.5639106631278992,0.9069767594337463,44
782,27,80-100,UQ_9,Filling-Ripening,783,67,0.40343305468559265,0.8434175252914429,0.4875037670135498,0.5124962329864502,0.2631579041481018,44
782,27,80-100,UQ_9,Filling-Ripening,783,68,0.5150461196899414,0.8000977039337158,0.387795627117157,0.612204372882843,0.3454023003578186,44
782,27,80-100,UQ_9,Filling-Ripening,783,69,0.5468867421150208,0.7877395749092102,0.49050045013427734,0.5094995498657227,0.17096774280071259,44
782,27,80-100,UQ_9,Filling-Ripening,783,70,0.4144359827041626,0.8391470313072205,0.711033284664154,0.28896671533584595,0.03235747292637825,44
782,27,80-100,UQ_9,Filling-Ripening,783,71,0.47621288895606995,0.8151698708534241,0.46776384115219116,0.5322361588478088,0.1666666716337204,44
782,27,80-100,UQ_9,Filling-Ripening,783,72,0.45421847701072693,0.8237064480781555,0.37484198808670044,0.6251580119132996,0.016447369009256363,44
782,27,80-100,UQ_9,Filling-Ripening,783,73,0.4973863363265991,0.8069519400596619,0.6722986102104187,0.3277013897895813,0.0,44
782,27,80-100,UQ_9,Filling-Ripening,783,74,0.2894679307937622,0.8876502513885498,0.44061240553855896,0.559387594461441,0.0,44
782,27,80-100,UQ_9,Filling-Ripening,783,75,0.3774982988834381,0.8534834980964661,0.7489593029022217,0.2510406970977783,0.0,44
782,27,80-100,UQ_9,Filling-Ripening,783,76,0.5680050849914551,0.7795430421829224,0.6309514045715332,0.3690485954284668,0.0,44
782,27,80-100,UQ_9,Filling-Ripening,783,77,0.44444748759269714,0.8274987936019897,0.8166489601135254,0.1833510398864746,0.0,44
782,27,80-100,UQ_9,Filling-Ripening,783,78,0.2564659118652344,0.9004591703414917,0.8930459022521973,0.10695409774780273,0.0,44
782,27,80-100,UQ_9,Filling-Ripening,783,79,0.46055909991264343,0.8212454915046692,0.6456581950187683,0.3543418049812317,0.0,44
782,27,80-100,UQ_9,Filling-Ripening,783,80,0.38331183791160583,0.8512270450592041,0.7309084534645081,0.26909154653549194,0.0,44
782,27,80-100,UQ_9,Filling-Ripening,783,81,0.42778703570365906,0.8339651226997375,0.0,1.0,0.0,44
782,27,80-100,UQ_9,Filling-Ripening,783,82,0.4480630159378052,0.8260955214500427,0.5854137539863586,0.41458624601364136,0.31016042828559875,44
782,27,80-100,UQ_9,Filling-Ripening,783,83,0.3878627121448517,0.849460780620575,0.0,1.0,0.0,44
782,27,80-100,UQ_9,Filling-Ripening,783,84,0.5049586296081543,0.8040128946304321,0.284374475479126,0.715625524520874,1.5079364776611328,44
782,27,80-100,UQ_9,Filling-Ripening,783,85,0.4499106705188751,0.82537841796875,0.45554280281066895,0.544457197189331,0.15256410837173462,44
782,27,80-100,UQ_9,Filling-Ripening,783,86,0.4778204560279846,0.8145459294319153,0.0,1.0,1.0,44
782,27,80-100,UQ_9,Filling-Ripening,783,87,0.48450738191604614,0.8119505643844604,0.8208759427070618,0.17912405729293823,0.5826839804649353,44
782,27,80-100,UQ_9,Filling-Ripening,783,88,0.3933049142360687,0.8473485112190247,0.2407306581735611,0.7592693418264389,0.4545454680919647,44
782,27,80-100,UQ_9,Filling-Ripening,783,89,0.43701356649398804,0.8303841352462769,0.7170218825340271,0.2829781174659729,0.9567251205444336,44
782,27,80-100,UQ_9,Filling-Ripening,783,90,0.6188703775405884,0.759800910949707,0.7889328002929688,0.21106719970703125,0.2648938298225403,44
782,27,80-100,UQ_9,Filling-Ripening,783,91,0.47716325521469116,0.8148009777069092,0.0,1.0,0.5948121547698975,44
782,27,80-100,UQ_9,Filling-Ripening,783,92,0.4677048623561859,0.8184720277786255,0.29531553387641907,0.7046844661235809,0.24291497468948364,44
782,27,80-100,UQ_9,Filling-Ripening,783,93,0.5035633444786072,0.8045544624328613,0.5402313470840454,0.4597686529159546,0.1818181872367859,44
782,27,80-100,UQ_9,Filling-Ripening,783,94,0.42711496353149414,0.8342260122299194,0.0,1.0,0.19354838132858276,44
782,27,80-100,UQ_9,Filling-Ripening,783,95,0.44146043062210083,0.8286581635475159,0.5020639896392822,0.4979360103607178,0.301075279712677,44
1268,95,50-60,KSU_2,Post-Flowering,1269,0,0.3704645037651062,0.8562134504318237,0.6623438596725464,0.3376561403274536,0.0,45
1268,95,50-60,KSU_2,Post-Flowering,1269,1,0.3752214312553406,0.854367196559906,0.46266886591911316,0.5373311340808868,0.0,45
1268,95,50-60,KSU_2,Post-Flowering,1269,2,0.3209434747695923,0.8754338026046753,0.8508864641189575,0.14911353588104248,0.0,45
1268,95,50-60,KSU_2,Post-Flowering,1269,3,0.3438670039176941,0.8665366172790527,0.7318360805511475,0.26816391944885254,0.0,45
1268,95,50-60,KSU_2,Post-Flowering,1269,4,0.22359681129455566,0.9132164716720581,0.905001163482666,0.09499883651733398,0.0,45
1268,95,50-60,KSU_2,Post-Flowering,1269,5,0.3818807005882263,0.8517825603485107,0.832006573677063,0.167993426322937,0.23999999463558197,45
1268,95,50-60,KSU_2,Post-Flowering,1269,6,0.31616514921188354,0.8772884011268616,0.8459051847457886,0.15409481525421143,0.2843237817287445,45
1268,95,50-60,KSU_2,Post-Flowering,1269,7,0.4870505928993225,0.81096351146698,0.7916688323020935,0.2083311676979065,0.939393937587738,45
1268,95,50-60,KSU_2,Post-Flowering,1269,8,0.42365479469299316,0.8355689644813538,0.4796900451183319,0.5203099548816681,1.0,45
1268,95,50-60,KSU_2,Post-Flowering,1269,9,0.3829501271247864,0.8513674736022949,0.5790287256240845,0.4209712743759155,1.0,45
1268,95,50-60,KSU_2,Post-Flowering,1269,10,0.3206508755683899,0.8755474090576172,0.9523959755897522,0.0476040244102478,0.0,45
1268,95,50-60,KSU_2,Post-Flowering,1269,11,0.35992705821990967,0.8603032827377319,0.8005594611167908,0.19944053888320923,0.0,45
1268,95,50-60,KSU_2,Post-Flowering,1269,12,0.29296326637268066,0.8862936496734619,0.8519840240478516,0.14801597595214844,0.0,45
1268,95,50-60,KSU_2,Post-Flowering,1269,13,0.36367642879486084,0.8588480949401855,0.6538863778114319,0.3461136221885681,0.0,45
1268,95,50-60,KSU_2,Post-Flowering,1269,14,0.3358879089355469,0.8696334958076477,0.7343327403068542,0.26566725969314575,0.0,45
1268,95,50-60,KSU_2,Post-Flowering,1269,15,0.33529120683670044,0.8698650598526001,0.8508564829826355,0.1491435170173645,0.0,45
1268,95,50-60,KSU_2,Post-Flowering,1269,16,0.3710002303123474,0.8560055494308472,0.44218721985816956,0.5578127801418304,0.0,45
1268,95,50-60,KSU_2,Post-Flowering,1269,17,0.37480098009109497,0.8545303344726562,0.7383115887641907,0.2616884112358093,0.0,45
1268,95,50-60,KSU_2,Post-Flowering,1269,18,0.3610299229621887,0.8598752617835999,0.6884070634841919,0.3115929365158081,0.0,45
1268,95,50-60,KSU_2,Post-Flowering,1269,19,0.3361275792121887,0.8695404529571533,0.2695542871952057,0.7304457128047943,0.0,45
1268,95,50-60,KSU_2,Post-Flowering,1269,20,0.2763136923313141,0.8927557468414307,0.5601832270622253,0.43981677293777466,0.0,45
1268,95,50-60,KSU_2,Post-Flowering,1269,21,0.32503998279571533,0.8738438487052917,0.731094479560852,0.26890552043914795,0.22650770843029022,45
1268,95,50-60,KSU_2,Post-Flowering,1269,22,0.3375043570995331,0.8690060973167419,0.8393668532371521,0.1606331467628479,0.09569425135850906,45
1268,95,50-60,KSU_2,Post-Flowering,1269,23,0.38902562856674194,0.8490093946456909,0.46800732612609863,0.5319926738739014,0.604651153087616,45
1268,95,50-60,KSU_2,Post-Flowering,1269,24,0.4819333851337433,0.8129495978355408,0.7456144094467163,0.2543855905532837,0.6060606241226196,45
1268,95,50-60,KSU_2,Post-Flowering,1269,25,0.35192424058914185,0.8634093999862671,0.7773362994194031,0.22266370058059692,0.3333333432674408,45
1268,95,50-60,KSU_2,Post-Flowering,1269,26,0.3691174387931824,0.8567363023757935,0.8365344405174255,0.16346555948257446,0.07029914855957031,45
1268,95,50-60,KSU_2,Post-Flowering,1269,27,0.39849287271499634,0.8453349471092224,0.9062247276306152,0.09377527236938477,0.09169453382492065,45
1268,95,50-60,KSU_2,Post-Flowering,1269,28,0.2861141562461853,0.8889519572257996,0.9451375603675842,0.05486243963241577,0.0,45
1268,95,50-60,KSU_2,Post-Flowering,1269,29,0.34660106897354126,0.8654754161834717,0.7312184572219849,0.26878154277801514,0.0,45
1268,95,50-60,KSU_2,Post-Flowering,1269,30,0.32996317744255066,0.8719330430030823,0.7553924918174744,0.24460750818252563,0.0,45
1268,95,50-60,KSU_2,Post-Flowering,1269,31,0.33564630150794983,0.8697272539138794,0.8877829909324646,0.1122170090675354,0.0,45
1268,95,50-60,KSU_2,Post-Flowering,1269,32,0.34007376432418823,0.8680088520050049,0.7368286848068237,0.26317131519317627,0.0,45
1268,95,50-60,KSU_2,Post-Flowering,1269,33,0.4426240921020508,0.8282065391540527,0.836280345916748,0.16371965408325195,0.0,45
1268,95,50-60,KSU_2,Post-Flowering,1269,34,0.3228111267089844,0.874708890914917,0.9232556819915771,0.07674431800842285,0.0,45
1268,95,50-60,KSU_2,Post-Flowering,1269,35,0.3194146454334259,0.8760272264480591,0.7787054777145386,0.22129452228546143,0.24168066680431366,45
1268,95,50-60,KSU_2,Post-Flowering,1269,36,0.2819937467575073,0.8905512094497681,0.9012622833251953,0.09873771667480469,0.16130536794662476,45
1268,95,50-60,KSU_2,Post-Flowering,1269,37,0.38555508852005005,0.8503564596176147,0.8364206552505493,0.16357934474945068,0.5298686027526855,45
1268,95,50-60,KSU_2,Post-Flowering,1269,38,0.3508901596069336,0.8638107776641846,0.3006947636604309,0.6993052363395691,1.0,45
1268,95,50-60,KSU_2,Post-Flowering,1269,39,0.4237876236438751,0.835517406463623,0.6638094782829285,0.33619052171707153,0.0,45
1268,95,50-60,KSU_2,Post-Flowering,1269,40,0.3235206604003906,0.8744335174560547,0.8544177412986755,0.14558225870132446,0.0,45
1268,95,50-60,KSU_2,Post-Flowering,1269,41,0.2848479449748993,0.8894433975219727,0.9089266061782837,0.09107339382171631,0.0,45
1268,95,50-60,KSU_2,Post-Flowering,1269,42,0.327735960483551,0.8727974891662598,0.8515336513519287,0.1484663486480713,0.1895161271095276,45
1268,95,50-60,KSU_2,Post-Flowering,1269,43,0.3337867259979248,0.8704490661621094,0.7395796179771423,0.26042038202285767,0.0,45
1268,95,50-60,KSU_2,Post-Flowering,1269,44,0.5122548341751099,0.8011810779571533,0.8677392601966858,0.1322607398033142,0.14000000059604645,45
1268,95,50-60,KSU_2,Post-Flowering,1269,45,0.3184254765510559,0.8764110803604126,0.8806670904159546,0.11933290958404541,0.0,45
1268,95,50-60,KSU_2,Post-Flowering,1269,46,0.39094141125679016,0.8482658863067627,0.8125094175338745,0.1874905824661255,0.0,45
1268,95,50-60,KSU_2,Post-Flowering,1269,47,0.300927996635437,0.883202314376831,0.8760164380073547,0.12398356199264526,0.0,45
1268,95,50-60,KSU_2,Post-Flowering,1269,48,0.3406422734260559,0.8677881956100464,0.79520183801651,0.20479816198349,0.0,45
1268,95,50-60,KSU_2,Post-Flowering,1269,49,0.4195024371147156,0.8371806144714355,0.6159855723381042,0.38401442766189575,0.5499879121780396,45
1268,95,50-60,KSU_2,Post-Flowering,1269,50,0.39316385984420776,0.8474032878875732,0.6766143441200256,0.32338565587997437,0.0,45
1268,95,50-60,KSU_2,Post-Flowering,1269,51,0.5228016376495361,0.7970876097679138,0.6761125922203064,0.3238874077796936,0.0,45
1268,95,50-60,KSU_2,Post-Flowering,1269,52,0.36620867252349854,0.8578652739524841,0.7655635476112366,0.23443645238876343,0.0,45
1268,95,50-60,KSU_2,Post-Flowering,1269,53,0.3506869077682495,0.8638896346092224,0.8484480977058411,0.15155190229415894,0.0,45
150,87,50-60,NAU_2,Post-Flowering,151,0,0.38838210701942444,0.8492591977119446,0.6756092309951782,0.3243907690048218,0.0,46
150,87,50-60,NAU_2,Post-Flowering,151,1,0.3661869764328003,0.8578736782073975,0.6888652443885803,0.3111347556114197,0.07264640182256699,46
150,87,50-60,NAU_2,Post-Flowering,151,2,0.32967808842658997,0.8720437288284302,0.6759244799613953,0.32407552003860474,0.0,46
150,87,50-60,NAU_2,Post-Flowering,151,3,0.5235795378684998,0.7967857122421265,0.7088629603385925,0.29113703966140747,0.6621417999267578,46
150,87,50-60,NAU_2,Post-Flowering,151,4,0.3031529486179352,0.8823387622833252,0.8650784492492676,0.13492155075073242,0.0,46
150,87,50-60,NAU_2,Post-Flowering,151,5,0.33265259861946106,0.8708891868591309,0.7008661031723022,0.29913389682769775,0.0,46
150,87,50-60,NAU_2,Post-Flowering,151,6,0.27750468254089355,0.8922934532165527,0.9014707207679749,0.09852927923202515,0.0,46
150,87,50-60,NAU_2,Post-Flowering,151,7,0.30138981342315674,0.8830230832099915,0.8279605507850647,0.1720394492149353,0.0,46
150,87,50-60,NAU_2,Post-Flowering,151,8,0.3356569707393646,0.8697230815887451,0.7267137765884399,0.27328622341156006,0.0,46
150,87,50-60,NAU_2,Post-Flowering,151,9,0.35478675365448,0.8622983694076538,0.8112620711326599,0.1887379288673401,0.0,46
150,87,50-60,NAU_2,Post-Flowering,151,10,0.43354034423828125,0.8317321538925171,0.42269420623779297,0.577305793762207,0.0,46
150,87,50-60,NAU_2,Post-Flowering,151,11,0.32566237449645996,0.8736022710800171,0.5626876354217529,0.43731236457824707,0.0,46
150,87,50-60,NAU_2,Post-Flowering,151,12,0.33332425355911255,0.8706285357475281,0.8369223475456238,0.16307765245437622,0.0,46
150,87,50-60,NAU_2,Post-Flowering,151,13,0.28189390897750854,0.8905899524688721,0.9268382787704468,0.07316172122955322,0.0,46
150,87,50-60,NAU_2,Post-Flowering,151,14,0.4926304519176483,0.8087977766990662,0.2512390613555908,0.7487609386444092,0.0,46
150,87,50-60,NAU_2,Post-Flowering,151,15,0.34963154792785645,0.8642992973327637,0.8125383853912354,0.18746161460876465,0.0,46
150,87,50-60,NAU_2,Post-Flowering,151,16,0.4519273638725281,0.8245956897735596,0.4432131052017212,0.5567868947982788,0.0,46
150,87,50-60,NAU_2,Post-Flowering,151,17,0.35623598098754883,0.8617359399795532,0.7219959497451782,0.2780040502548218,0.0,46
150,87,50-60,NAU_2,Post-Flowering,151,18,0.34742701053619385,0.8651548624038696,0.6018959879875183,0.3981040120124817,0.0,46
150,87,50-60,NAU_2,Post-Flowering,151,19,0.322074294090271,0.8749948740005493,0.8586207032203674,0.14137929677963257,0.0,46
150,87,50-60,NAU_2,Post-Flowering,151,20,0.3541959822177887,0.8625277280807495,0.7879102826118469,0.21208971738815308,0.0,46
150,87,50-60,NAU_2,Post-Flowering,151,21,0.3717416524887085,0.8557177782058716,0.8701343536376953,0.1298656463623047,0.0,46
150,87,50-60,NAU_2,Post-Flowering,151,22,0.39616990089416504,0.8462365865707397,0.7574410438537598,0.24255895614624023,0.0,46
150,87,50-60,NAU_2,Post-Flowering,151,23,0.4152568280696869,0.838828444480896,0.6325433850288391,0.3674566149711609,0.0,46
150,87,50-60,NAU_2,Post-Flowering,151,24,0.3871711194515228,0.8497291803359985,0.6965292692184448,0.3034707307815552,0.0,46
150,87,50-60,NAU_2,Post-Flowering,151,25,0.3786735534667969,0.85302734375,0.885868489742279,0.11413151025772095,0.0,46
150,87,50-60,NAU_2,Post-Flowering,151,26,0.44524794816970825,0.8271881341934204,0.8620191216468811,0.1379808783531189,0.0,46
150,87,50-60,NAU_2,Post-Flowering,151,27,0.41058140993118286,0.8406431078910828,0.4558025300502777,0.5441974699497223,0.0,46
150,87,50-60,NAU_2,Post-Flowering,151,28,0.3589944839477539,0.8606652617454529,0.8816431760787964,0.11835682392120361,0.0,46
150,87,50-60,NAU_2,Post-Flowering,151,29,0.4170936942100525,0.8381155133247375,0.6406949758529663,0.3593050241470337,0.0,46
150,87,50-60,NAU_2,Post-Flowering,151,30,0.33142417669296265,0.871366024017334,0.8276899456977844,0.17231005430221558,0.0,46
150,87,50-60,NAU_2,Post-Flowering,151,31,0.37650108337402344,0.8538705110549927,0.7983093857765198,0.20169061422348022,0.0,46
150,87,50-60,NAU_2,Post-Flowering,151,32,0.3394820988178253,0.8682385087013245,0.7732943892478943,0.2267056107521057,0.0,46
150,87,50-60,NAU_2,Post-Flowering,151,33,0.3602615296840668,0.8601734638214111,0.8457754850387573,0.15422451496124268,0.0,46
150,87,50-60,NAU_2,Post-Flowering,151,34,0.3183269798755646,0.8764493465423584,0.7678152322769165,0.2321847677230835,0.009146341122686863,46
150,87,50-60,NAU_2,Post-Flowering,151,35,0.3994303345680237,0.8449711203575134,0.660340428352356,0.33965957164764404,0.0,46
150,87,50-60,NAU_2,Post-Flowering,151,36,0.3406211733818054,0.8677964210510254,0.8801847100257874,0.11981528997421265,0.1963636428117752,46
150,87,50-60,NAU_2,Post-Flowering,151,37,0.3329068422317505,0.8707905411720276,0.8221791386604309,0.1778208613395691,0.03212646767497063,46
150,87,50-60,NAU_2,Post-Flowering,151,38,0.3055025339126587,0.8814268112182617,0.9601992964744568,0.03980070352554321,0.2449369877576828,46
150,87,50-60,NAU_2,Post-Flowering,151,39,0.3121134042739868,0.8788609504699707,0.7513940334320068,0.24860596656799316,0.28333333134651184,46
150,87,50-60,NAU_2,Post-Flowering,151,40,0.3263830542564392,0.873322606086731,0.8008423447608948,0.19915765523910522,0.0,46
150,87,50-60,NAU_2,Post-Flowering,151,41,0.3818492889404297,0.8517947196960449,0.7689049243927002,0.2310950756072998,0.06925133615732193,46
150,87,50-60,NAU_2,Post-Flowering,151,42,0.40914905071258545,0.8411990404129028,0.767866849899292,0.232133150100708,0.1419803649187088,46
150,87,50-60,NAU_2,Post-Flowering,151,43,0.40041741728782654,0.8445879817008972,0.4925459921360016,0.5074540078639984,0.13736264407634735,46
150,87,50-60,NAU_2,Post-Flowering,151,44,0.36291807889938354,0.8591424226760864,0.5987963080406189,0.4012036919593811,0.0,46
150,87,50-60,NAU_2,Post-Flowering,151,45,0.35541969537734985,0.8620527386665344,0.8623810410499573,0.13761895895004272,0.14814814925193787,46
150,87,50-60,NAU_2,Post-Flowering,151,46,0.2792353332042694,0.8916217684745789,0.8572546243667603,0.14274537563323975,0.13935483992099762,46
150,87,50-60,NAU_2,Post-Flowering,151,47,0.48068559169769287,0.8134338855743408,0.766170859336853,0.23382914066314697,0.057692307978868484,46
150,87,50-60,NAU_2,Post-Flowering,151,48,0.3955962061882019,0.8464592099189758,0.629055380821228,0.370944619178772,0.0,46
150,87,50-60,NAU_2,Post-Flowering,151,49,0.45529401302337646,0.8232890367507935,0.4506867527961731,0.5493132472038269,0.23744292557239532,46
150,87,50-60,NAU_2,Post-Flowering,151,50,0.3879922926425934,0.8494105339050293,0.6086028218269348,0.3913971781730652,0.0,46
150,87,50-60,NAU_2,Post-Flowering,151,51,0.37027794122695923,0.8562858700752258,0.5313953161239624,0.4686046838760376,0.7607547044754028,46
150,87,50-60,NAU_2,Post-Flowering,151,52,0.4458933472633362,0.8269376754760742,0.47477781772613525,0.5252221822738647,0.4285714328289032,46
150,87,50-60,NAU_2,Post-Flowering,151,53,0.42426761984825134,0.8353310823440552,0.0,1.0,0.0,46
342,6,0-10,Terraref_2,Filling,343,0,0.3275013864040375,0.8728885054588318,0.6674888730049133,0.33251112699508667,0.0,47
342,6,0-10,Terraref_2,Filling,343,1,0.3837973475456238,0.8510386347770691,0.7728424072265625,0.2271575927734375,0.0,47
342,6,0-10,Terraref_2,Filling,343,2,0.4154997169971466,0.8387341499328613,0.7877052426338196,0.21229475736618042,0.0,47
342,6,0-10,Terraref_2,Filling,343,3,0.4065980315208435,0.8421891331672668,0.6548331379890442,0.3451668620109558,0.0,47
342,6,0-10,Terraref_2,Filling,343,4,0.43773138523101807,0.8301054835319519,0.531567394733429,0.46843260526657104,0.0,47
342,6,0-10,Terraref_2,Filling,343,5,0.3747718930244446,0.8545416593551636,0.16930857300758362,0.8306914269924164,0.0,47
342,6,0-10,Terraref_2,Filling,343,6,0.3564213514328003,0.8616639375686646,0.07854229211807251,0.9214577078819275,0.0,47
342,6,0-10,Terraref_2,Filling,343,7,0.37132611870765686,0.8558790683746338,0.19576570391654968,0.8042342960834503,0.0,47
342,6,0-10,Terraref_2,Filling,343,8,0.5051273107528687,0.8039474487304688,0.1312379240989685,0.8687620759010315,0.0,47
649,17,>100,UQ_9,Filling-Ripening,650,0,0.39588087797164917,0.846348762512207,0.8937678933143616,0.10623210668563843,0.7379619479179382,48
649,17,>100,UQ_9,Filling-Ripening,650,1,0.4641563594341278,0.8198493123054504,0.7152183651924133,0.28478163480758667,0.47999998927116394,48
649,17,>100,UQ_9,Filling-Ripening,650,2,0.37484249472618103,0.8545142412185669,0.7394732236862183,0.26052677631378174,0.8313252925872803,48
649,17,>100,UQ_9,Filling-Ripening,650,3,0.37967759370803833,0.8526376485824585,0.690578043460846,0.30942195653915405,0.4325094223022461,48
649,17,>100,UQ_9,Filling-Ripening,650,4,0.42214900255203247,0.8361533880233765,0.05563066154718399,0.944369338452816,0.3645276427268982,48
649,17,>100,UQ_9,Filling-Ripening,650,5,0.28916609287261963,0.8877674341201782,0.9365456700325012,0.06345432996749878,0.4018095135688782,48
649,17,>100,UQ_9,Filling-Ripening,650,6,0.3437202274799347,0.866593599319458,0.19137254357337952,0.8086274564266205,0.029411764815449715,48
649,17,>100,UQ_9,Filling-Ripening,650,7,0.48512858152389526,0.811709463596344,0.6379297971725464,0.3620702028274536,0.4523809552192688,48
649,17,>100,UQ_9,Filling-Ripening,650,8,0.4418845772743225,0.8284935355186462,0.6337538361549377,0.36624616384506226,0.36764705181121826,48
649,17,>100,UQ_9,Filling-Ripening,650,9,0.47037720680236816,0.8174348473548889,0.40920549631118774,0.5907945036888123,0.02447163499891758,48
649,17,>100,UQ_9,Filling-Ripening,650,10,0.35909003019332886,0.8606281876564026,0.765761137008667,0.234238862991333,0.2585185170173645,48
649,17,>100,UQ_9,Filling-Ripening,650,11,0.47564834356307983,0.8153889775276184,0.7140818238258362,0.2859181761741638,0.01923076994717121,48
649,17,>100,UQ_9,Filling-Ripening,650,12,0.41881927847862244,0.8374457359313965,0.30381685495376587,0.6961831450462341,0.8697487115859985,48
649,17,>100,UQ_9,Filling-Ripening,650,13,0.3591737747192383,0.860595703125,0.5863965749740601,0.41360342502593994,0.7485695481300354,48
649,17,>100,UQ_9,Filling-Ripening,650,14,0.3396754860877991,0.8681634664535522,0.7569422721862793,0.2430577278137207,0.5341344475746155,48
649,17,>100,UQ_9,Filling-Ripening,650,15,0.49849963188171387,0.8065198659896851,0.4121754467487335,0.5878245532512665,1.4112149477005005,48
649,17,>100,UQ_9,Filling-Ripening,650,16,0.4211113154888153,0.8365561366081238,0.6351608633995056,0.3648391366004944,0.0,48
649,17,>100,UQ_9,Filling-Ripening,650,17,0.3553040325641632,0.8620976209640503,0.7523996233940125,0.24760037660598755,0.49185043573379517,48
649,17,>100,UQ_9,Filling-Ripening,650,18,0.41198819875717163,0.8400970697402954,0.7803388833999634,0.21966111660003662,0.6034482717514038,48
649,17,>100,UQ_9,Filling-Ripening,650,19,0.5317338705062866,0.7936208248138428,0.647852897644043,0.35214710235595703,0.586850643157959,48
649,17,>100,UQ_9,Filling-Ripening,650,20,0.4277280271053314,0.8339880704879761,0.9174755215644836,0.08252447843551636,0.599736213684082,48
649,17,>100,UQ_9,Filling-Ripening,650,21,0.33468836545944214,0.8700990676879883,0.2617345452308655,0.7382654547691345,0.2585706412792206,48
649,17,>100,UQ_9,Filling-Ripening,650,22,0.5311468839645386,0.7938486337661743,0.5136285424232483,0.4863714575767517,0.8979591727256775,48
649,17,>100,UQ_9,Filling-Ripening,650,23,0.3972853422164917,0.8458036184310913,0.6775291562080383,0.32247084379196167,0.24285714328289032,48
649,17,>100,UQ_9,Filling-Ripening,650,24,0.41022613644599915,0.8407809734344482,0.7708129286766052,0.22918707132339478,0.19700995087623596,48
649,17,>100,UQ_9,Filling-Ripening,650,25,0.40403634309768677,0.8431833982467651,0.7115188241004944,0.2884811758995056,0.12487028539180756,48
649,17,>100,UQ_9,Filling-Ripening,650,26,0.28820371627807617,0.8881409168243408,0.7965850830078125,0.2034149169921875,0.23661193251609802,48
649,17,>100,UQ_9,Filling-Ripening,650,27,0.2891055643558502,0.8877909183502197,0.6727790832519531,0.3272209167480469,0.07586533576250076,48
649,17,>100,UQ_9,Filling-Ripening,650,28,0.38209909200668335,0.8516978025436401,0.46267926692962646,0.5373207330703735,0.4285714328289032,48
649,17,>100,UQ_9,Filling-Ripening,650,29,0.4843812584877014,0.8119995594024658,0.8473201990127563,0.15267980098724365,0.49319663643836975,48
649,17,>100,UQ_9,Filling-Ripening,650,30,0.3522883653640747,0.8632680773735046,0.3130984604358673,0.6869015395641327,0.3700690269470215,48
649,17,>100,UQ_9,Filling-Ripening,650,31,0.45878997445106506,0.8219321370124817,0.7318778038024902,0.26812219619750977,1.3114975690841675,48
649,17,>100,UQ_9,Filling-Ripening,650,32,0.34297946095466614,0.8668811321258545,0.5413284301757812,0.45867156982421875,0.6025846600532532,48
649,17,>100,UQ_9,Filling-Ripening,650,33,0.30901801586151123,0.8800623416900635,0.6836653351783752,0.31633466482162476,0.7551319599151611,48
649,17,>100,UQ_9,Filling-Ripening,650,34,0.389249324798584,0.848922610282898,0.7478852272033691,0.25211477279663086,0.7442307472229004,48
649,17,>100,UQ_9,Filling-Ripening,650,35,0.24643665552139282,0.9043517708778381,0.8160601258277893,0.1839398741722107,0.2929556965827942,48
649,17,>100,UQ_9,Filling-Ripening,650,36,0.34528329968452454,0.8659869432449341,0.9041879773139954,0.09581202268600464,0.9562169313430786,48
649,17,>100,UQ_9,Filling-Ripening,650,37,0.42110663652420044,0.8365579843521118,0.5617311000823975,0.43826889991760254,0.0,48
649,17,>100,UQ_9,Filling-Ripening,650,38,0.5112082362174988,0.8015872836112976,0.43371251225471497,0.566287487745285,0.49414002895355225,48
649,17,>100,UQ_9,Filling-Ripening,650,39,0.318157434463501,0.8765151500701904,0.7410502433776855,0.25894975662231445,0.8349514603614807,48
649,17,>100,UQ_9,Filling-Ripening,650,40,0.346606582403183,0.8654732704162598,0.8107655048370361,0.18923449516296387,0.020609702914953232,48
649,17,>100,UQ_9,Filling-Ripening,650,41,0.35079705715179443,0.8638468980789185,0.6280015110969543,0.37199848890304565,0.0,48
649,17,>100,UQ_9,Filling-Ripening,650,42,0.34414997696876526,0.8664268255233765,0.6763379573822021,0.32366204261779785,0.3478260934352875,48
649,17,>100,UQ_9,Filling-Ripening,650,43,0.25543373823165894,0.9008597731590271,0.914330244064331,0.08566975593566895,0.15990594029426575,48
649,17,>100,UQ_9,Filling-Ripening,650,44,0.2536156475543976,0.901565432548523,0.8524411916732788,0.1475588083267212,0.37536996603012085,48
649,17,>100,UQ_9,Filling-Ripening,650,45,0.3085501194000244,0.8802440166473389,0.8978537917137146,0.1021462082862854,0.8113457560539246,48
649,17,>100,UQ_9,Filling-Ripening,650,46,0.374026358127594,0.8548310399055481,0.6913378238677979,0.30866217613220215,0.7797619104385376,48
649,17,>100,UQ_9,Filling-Ripening,650,47,0.40746545791625977,0.8418524861335754,0.8073980808258057,0.19260191917419434,0.2466115653514862,48
649,17,>100,UQ_9,Filling-Ripening,650,48,0.44243818521499634,0.828278660774231,0.7591505646705627,0.24084943532943726,0.0,48
649,17,>100,UQ_9,Filling-Ripening,650,49,0.33209696412086487,0.8711048364639282,0.8886376619338989,0.11136233806610107,0.4459984600543976,48
649,17,>100,UQ_9,Filling-Ripening,650,50,0.3333737850189209,0.8706092834472656,0.8428424596786499,0.1571575403213501,0.6600505709648132,48
649,17,>100,UQ_9,Filling-Ripening,650,51,0.3957468867301941,0.8464007377624512,0.8333108425140381,0.16668915748596191,0.47472238540649414,48
649,17,>100,UQ_9,Filling-Ripening,650,52,0.33016830682754517,0.8718534111976624,0.6206907033920288,0.3793092966079712,0.10817166417837143,48
649,17,>100,UQ_9,Filling-Ripening,650,53,0.47743678092956543,0.814694881439209,0.22280056774616241,0.7771994322538376,0.9473684430122375,48
649,17,>100,UQ_9,Filling-Ripening,650,54,0.3778301477432251,0.8533546924591064,0.8214515447616577,0.17854845523834229,0.08201638609170914,48
649,17,>100,UQ_9,Filling-Ripening,650,55,0.45413386821746826,0.8237392902374268,0.6495040059089661,0.35049599409103394,0.28358209133148193,48
649,17,>100,UQ_9,Filling-Ripening,650,56,0.4564947783946991,0.8228229284286499,0.7671989798545837,0.23280102014541626,0.0,48
649,17,>100,UQ_9,Filling-Ripening,650,57,0.4078170657157898,0.8417159914970398,0.8041753172874451,0.19582468271255493,0.7379719018936157,48
649,17,>100,UQ_9,Filling-Ripening,650,58,0.3100430965423584,0.8796645402908325,0.6519923806190491,0.3480076193809509,0.13955342769622803,48
649,17,>100,UQ_9,Filling-Ripening,650,59,0.3488282859325409,0.864611029624939,0.7906908988952637,0.20930910110473633,0.0,48
649,17,>100,UQ_9,Filling-Ripening,650,60,0.2888118624687195,0.8879048824310303,0.9102836847305298,0.08971631526947021,0.6612720489501953,48
649,17,>100,UQ_9,Filling-Ripening,650,61,0.40929606556892395,0.841141939163208,0.6180923581123352,0.3819076418876648,0.0,48
649,17,>100,UQ_9,Filling-Ripening,650,62,0.42720794677734375,0.8341898918151855,0.34835562109947205,0.651644378900528,0.0,48
649,17,>100,UQ_9,Filling-Ripening,650,63,0.3825695216655731,0.8515151739120483,0.5415342450141907,0.4584657549858093,0.0,48
649,17,>100,UQ_9,Filling-Ripening,650,64,0.4837876260280609,0.8122299313545227,0.0,1.0,0.9756097793579102,48
649,17,>100,UQ_9,Filling-Ripening,650,65,0.32902681827545166,0.8722964525222778,0.7664404511451721,0.23355954885482788,0.1303780972957611,48
649,17,>100,UQ_9,Filling-Ripening,650,66,0.4713212847709656,0.8170684576034546,0.6499035954475403,0.3500964045524597,0.41043955087661743,48
649,17,>100,UQ_9,Filling-Ripening,650,67,0.4186566472053528,0.8375089168548584,0.7398439645767212,0.2601560354232788,0.28389057517051697,48
649,17,>100,UQ_9,Filling-Ripening,650,68,0.4749717712402344,0.8156515955924988,0.6320158243179321,0.36798417568206787,0.5095238089561462,48
649,17,>100,UQ_9,Filling-Ripening,650,69,0.4149976372718811,0.8389290571212769,0.30802491307258606,0.6919750869274139,0.38697442412376404,48
649,17,>100,UQ_9,Filling-Ripening,650,70,0.31057557463645935,0.8794578313827515,0.7632279992103577,0.23677200078964233,0.0,48
649,17,>100,UQ_9,Filling-Ripening,650,71,0.32660576701164246,0.8732361197471619,0.6078436970710754,0.39215630292892456,0.0,48
649,17,>100,UQ_9,Filling-Ripening,650,72,0.33751487731933594,0.8690020442008972,0.6436439752578735,0.35635602474212646,0.11916583776473999,48
649,17,>100,UQ_9,Filling-Ripening,650,73,0.3991829752922058,0.8450671434402466,0.8416169881820679,0.15838301181793213,0.12727272510528564,48
649,17,>100,UQ_9,Filling-Ripening,650,74,0.3327156901359558,0.870864748954773,0.6798292994499207,0.32017070055007935,0.23772819340229034,48
649,17,>100,UQ_9,Filling-Ripening,650,75,0.40672165155410767,0.8421411514282227,0.4428163170814514,0.5571836829185486,0.25969499349594116,48
649,17,>100,UQ_9,Filling-Ripening,650,76,0.5213242769241333,0.7976610064506531,0.8039306402206421,0.1960693597793579,0.4242849349975586,48
649,17,>100,UQ_9,Filling-Ripening,650,77,0.300356388092041,0.8834241628646851,0.33135056495666504,0.668649435043335,0.5546875,48
649,17,>100,UQ_9,Filling-Ripening,650,78,0.31852781772613525,0.8763713836669922,0.9201237559318542,0.07987624406814575,0.0719246044754982,48
649,17,>100,UQ_9,Filling-Ripening,650,79,0.3042948544025421,0.8818955421447754,0.7561489343643188,0.24385106563568115,0.07116533070802689,48
649,17,>100,UQ_9,Filling-Ripening,650,80,0.38834381103515625,0.8492740392684937,0.6849799752235413,0.31502002477645874,0.024387270212173462,48
649,17,>100,UQ_9,Filling-Ripening,650,81,0.4097750186920166,0.8409560918807983,0.39283058047294617,0.6071694195270538,0.0,48
649,17,>100,UQ_9,Filling-Ripening,650,82,0.3959198594093323,0.8463336229324341,0.49378859996795654,0.5062114000320435,0.3571428656578064,48
649,17,>100,UQ_9,Filling-Ripening,650,83,0.5283980965614319,0.794915497303009,0.46639811992645264,0.5336018800735474,0.046783626079559326,48
649,17,>100,UQ_9,Filling-Ripening,650,84,0.44768375158309937,0.8262427449226379,0.5051083564758301,0.4948916435241699,0.0,48
649,17,>100,UQ_9,Filling-Ripening,650,85,0.47708413004875183,0.8148317337036133,0.03419344499707222,0.9658065550029278,0.0,48
649,17,>100,UQ_9,Filling-Ripening,650,86,0.513128399848938,0.8008420467376709,0.13084052503108978,0.8691594749689102,1.0,48
649,17,>100,UQ_9,Filling-Ripening,650,87,0.4999004304409027,0.805976152420044,0.0,1.0,1.1071428060531616,48
649,17,>100,UQ_9,Filling-Ripening,650,88,0.41434961557388306,0.839180588722229,0.49970367550849915,0.5002963244915009,1.0,48
649,17,>100,UQ_9,Filling-Ripening,650,89,0.4972385764122009,0.8070092797279358,0.1547543853521347,0.8452456146478653,1.6055046319961548,48
649,17,>100,UQ_9,Filling-Ripening,650,90,0.32884493470191956,0.8723670840263367,0.028485048562288284,0.9715149514377117,0.17073170840740204,48
649,17,>100,UQ_9,Filling-Ripening,650,91,0.48381832242012024,0.8122180104255676,0.6860048770904541,0.3139951229095459,0.7973327040672302,48
649,17,>100,UQ_9,Filling-Ripening,650,92,0.4330372214317322,0.8319274187088013,0.6378722786903381,0.36212772130966187,0.190476194024086,48
649,17,>100,UQ_9,Filling-Ripening,650,93,0.577268660068512,0.7759475708007812,0.6739011406898499,0.32609885931015015,0.46739131212234497,48
649,17,>100,UQ_9,Filling-Ripening,650,94,0.4429362416267395,0.8280853629112244,0.6736119389533997,0.32638806104660034,0.0,48
649,17,>100,UQ_9,Filling-Ripening,650,95,0.48842930793762207,0.8104283809661865,0.6520543694496155,0.3479456305503845,1.0,48
649,17,>100,UQ_9,Filling-Ripening,650,96,0.4717662036418915,0.8168957233428955,0.7358380556106567,0.26416194438934326,0.7007407546043396,48
649,17,>100,UQ_9,Filling-Ripening,650,97,0.4455721974372864,0.8270623087882996,0.04715132713317871,0.9528486728668213,1.1764706373214722,48
649,17,>100,UQ_9,Filling-Ripening,650,98,0.4818233847618103,0.8129923343658447,0.2727873921394348,0.7272126078605652,0.051948051899671555,48
649,17,>100,UQ_9,Filling-Ripening,650,99,0.5241947770118713,0.7965469360351562,0.23223409056663513,0.7677659094333649,1.4030733108520508,48
626,14,60-70,KSU_3,Filling,627,0,0.2578064203262329,0.8999388813972473,0.8642668128013611,0.13573318719863892,0.04905335605144501,49
626,14,60-70,KSU_3,Filling,627,1,0.29536259174346924,0.8853623867034912,0.8610333800315857,0.1389666199684143,0.0,49
626,14,60-70,KSU_3,Filling,627,2,0.30495506525039673,0.881639301776886,0.8992226123809814,0.10077738761901855,0.2789578139781952,49
626,14,60-70,KSU_3,Filling,627,3,0.30138343572616577,0.8830255270004272,0.9106319546699524,0.08936804533004761,0.15801765024662018,49
626,14,60-70,KSU_3,Filling,627,4,0.34768611192703247,0.8650543689727783,0.7425065040588379,0.2574934959411621,0.0882352963089943,49
626,14,60-70,KSU_3,Filling,627,5,0.40005767345428467,0.844727635383606,0.845623254776001,0.15437674522399902,0.37527692317962646,49
626,14,60-70,KSU_3,Filling,627,6,0.37164828181266785,0.855754017829895,0.7601280212402344,0.23987197875976562,0.5610335469245911,49
626,14,60-70,KSU_3,Filling,627,7,0.32160884141921997,0.8751755952835083,0.8330745100975037,0.16692548990249634,0.4101041555404663,49
626,14,60-70,KSU_3,Filling,627,8,0.3228570222854614,0.8746911287307739,0.6892518401145935,0.3107481598854065,0.19717742502689362,49
626,14,60-70,KSU_3,Filling,627,9,0.3412759304046631,0.8675422668457031,0.6956255435943604,0.30437445640563965,0.24391892552375793,49
626,14,60-70,KSU_3,Filling,627,10,0.3043644428253174,0.8818685412406921,0.6809002757072449,0.3190997242927551,0.0,49
626,14,60-70,KSU_3,Filling,627,11,0.3043004870414734,0.8818933963775635,0.8568183779716492,0.14318162202835083,0.06517254561185837,49
626,14,60-70,KSU_3,Filling,627,12,0.31483620405197144,0.877804160118103,0.8837547898292542,0.11624521017074585,0.08135592937469482,49
626,14,60-70,KSU_3,Filling,627,13,0.41364139318466187,0.8394554257392883,0.4792300760746002,0.5207699239253998,0.229710653424263,49
626,14,60-70,KSU_3,Filling,627,14,0.3398204445838928,0.8681071996688843,0.8009886145591736,0.19901138544082642,0.0,49
626,14,60-70,KSU_3,Filling,627,15,0.3426348865032196,0.8670148253440857,0.6667220592498779,0.33327794075012207,1.2508474588394165,49
626,14,60-70,KSU_3,Filling,627,16,0.28757497668266296,0.8883849382400513,0.7874531745910645,0.21254682540893555,0.3461315929889679,49
626,14,60-70,KSU_3,Filling,627,17,0.3397774398326874,0.8681238889694214,0.7372892498970032,0.2627107501029968,0.7925125956535339,49
626,14,60-70,KSU_3,Filling,627,18,0.3264113664627075,0.8733115792274475,0.7315584421157837,0.2684415578842163,0.08705726265907288,49
626,14,60-70,KSU_3,Filling,627,19,0.44736671447753906,0.8263658285140991,0.4763667583465576,0.5236332416534424,0.024667931720614433,49
626,14,60-70,KSU_3,Filling,627,20,0.31137654185295105,0.879146933555603,0.8846315741539001,0.11536842584609985,0.0690726786851883,49
626,14,60-70,KSU_3,Filling,627,21,0.5576357245445251,0.7835676670074463,0.6412044763565063,0.35879552364349365,0.16011376678943634,49
626,14,60-70,KSU_3,Filling,627,22,0.4235333800315857,0.8356161117553711,0.551665723323822,0.448334276676178,0.11656441539525986,49
626,14,60-70,KSU_3,Filling,627,23,0.3001393973827362,0.8835083842277527,0.8742437958717346,0.12575620412826538,0.045608796179294586,49
626,14,60-70,KSU_3,Filling,627,24,0.39435315132141113,0.8469417095184326,0.5302125811576843,0.4697874188423157,0.5731456279754639,49
626,14,60-70,KSU_3,Filling,627,25,0.39012283086776733,0.8485835790634155,0.8848601579666138,0.11513984203338623,0.8857142925262451,49
626,14,60-70,KSU_3,Filling,627,26,0.3002232611179352,0.8834758996963501,0.7680342793464661,0.23196572065353394,0.04591836780309677,49
626,14,60-70,KSU_3,Filling,627,27,0.3557458221912384,0.8619261980056763,0.7718683481216431,0.22813165187835693,1.2000000476837158,49
626,14,60-70,KSU_3,Filling,627,28,0.3639998435974121,0.8587225675582886,0.6956786513328552,0.3043213486671448,0.007333333138376474,49
626,14,60-70,KSU_3,Filling,627,29,0.5728297829627991,0.7776704430580139,0.7516381144523621,0.24836188554763794,0.7171186208724976,49
626,14,60-70,KSU_3,Filling,627,30,0.489637553691864,0.8099594116210938,0.4734637439250946,0.5265362560749054,0.0,49
626,14,60-70,KSU_3,Filling,627,31,0.33777129650115967,0.8689025044441223,0.8582205772399902,0.14177942276000977,0.7983618974685669,49
626,14,60-70,KSU_3,Filling,627,32,0.42380303144454956,0.8355114459991455,0.5276546478271484,0.47234535217285156,1.1499422788619995,49
626,14,60-70,KSU_3,Filling,627,33,0.3370715379714966,0.8691741228103638,0.7654104232788086,0.2345895767211914,0.8051947951316833,49
626,14,60-70,KSU_3,Filling,627,34,0.2802742123603821,0.8912185430526733,0.8751006126403809,0.12489938735961914,0.046251218765974045,49
626,14,60-70,KSU_3,Filling,627,35,0.28047871589660645,0.8911392092704773,0.9701542258262634,0.029845774173736572,0.6012025475502014,49
626,14,60-70,KSU_3,Filling,627,36,0.35815274715423584,0.8609919548034668,0.8430687189102173,0.15693128108978271,0.7950043082237244,49
626,14,60-70,KSU_3,Filling,627,37,0.2761954665184021,0.8928016424179077,0.767439067363739,0.232560932636261,0.25641027092933655,49
626,14,60-70,KSU_3,Filling,627,38,0.28536397218704224,0.8892431259155273,0.9012507200241089,0.09874927997589111,0.46200746297836304,49
626,14,60-70,KSU_3,Filling,627,39,0.3260972797870636,0.8734334707260132,0.7970374822616577,0.20296251773834229,0.4576777219772339,49
626,14,60-70,KSU_3,Filling,627,40,0.34875059127807617,0.8646411895751953,0.7613345980644226,0.2386654019355774,0.0,49
626,14,60-70,KSU_3,Filling,627,41,0.2551151514053345,0.900983452796936,0.9058432579040527,0.09415674209594727,0.1982758641242981,49
626,14,60-70,KSU_3,Filling,627,42,0.2808738648891449,0.8909858465194702,0.9150543808937073,0.08494561910629272,0.24074074625968933,49
626,14,60-70,KSU_3,Filling,627,43,0.30412954092025757,0.8819596767425537,0.7061058878898621,0.29389411211013794,0.040816325694322586,49
626,14,60-70,KSU_3,Filling,627,44,0.38332682847976685,0.8512212634086609,0.7256497144699097,0.27435028553009033,0.06179775297641754,49
626,14,60-70,KSU_3,Filling,627,45,0.3577544391155243,0.8611465692520142,0.8226634860038757,0.17733651399612427,0.3437604606151581,49
626,14,60-70,KSU_3,Filling,627,46,0.2892829179763794,0.8877220749855042,0.957527220249176,0.042472779750823975,0.002242599381133914,49
626,14,60-70,KSU_3,Filling,627,47,0.3447922170162201,0.866177499294281,0.8459147810935974,0.1540852189064026,0.25514090061187744,49
626,14,60-70,KSU_3,Filling,627,48,0.3027295172214508,0.8825031518936157,0.6665394306182861,0.33346056938171387,0.5465448498725891,49
626,14,60-70,KSU_3,Filling,627,49,0.3110980987548828,0.8792550563812256,0.8832992315292358,0.11670076847076416,0.3373035788536072,49
626,14,60-70,KSU_3,Filling,627,50,0.3047032356262207,0.8817370533943176,0.867670476436615,0.132329523563385,0.2054794579744339,49
626,14,60-70,KSU_3,Filling,627,51,0.24545148015022278,0.9047341346740723,0.6943548321723938,0.3056451678276062,0.3256223201751709,49
626,14,60-70,KSU_3,Filling,627,52,0.28540515899658203,0.8892271518707275,0.9194482564926147,0.08055174350738525,0.4607720971107483,49
626,14,60-70,KSU_3,Filling,627,53,0.2856387495994568,0.8891364336013794,0.7759346961975098,0.22406530380249023,0.44155845046043396,49
626,14,60-70,KSU_3,Filling,627,54,0.3876412808895111,0.8495467305183411,0.5665203928947449,0.4334796071052551,0.7962076663970947,49
626,14,60-70,KSU_3,Filling,627,55,0.31568682193756104,0.8774740695953369,0.7637555003166199,0.23624449968338013,0.1390572339296341,49
626,14,60-70,KSU_3,Filling,627,56,0.3721489906311035,0.8555597066879272,0.7707218527793884,0.22927814722061157,0.0,49
626,14,60-70,KSU_3,Filling,627,57,0.3035108149051666,0.8821998834609985,0.4556787610054016,0.5443212389945984,0.2831050157546997,49
626,14,60-70,KSU_3,Filling,627,58,0.3130267858505249,0.8785064816474915,0.8008071184158325,0.19919288158416748,0.0,49
626,14,60-70,KSU_3,Filling,627,59,0.4380413293838501,0.8299852013587952,0.802461564540863,0.19753843545913696,0.9676223993301392,49
626,14,60-70,KSU_3,Filling,627,60,0.41335684061050415,0.8395658731460571,0.7048747539520264,0.29512524604797363,0.728715717792511,49
626,14,60-70,KSU_3,Filling,627,61,0.39554840326309204,0.846477746963501,0.7531329989433289,0.24686700105667114,0.0,49
626,14,60-70,KSU_3,Filling,627,62,0.4310365319252014,0.8327039480209351,0.658187747001648,0.34181225299835205,0.3464314341545105,49
626,14,60-70,KSU_3,Filling,627,63,0.33818161487579346,0.8687433004379272,0.7322741746902466,0.2677258253097534,0.1076856255531311,49
395,81,60-70,ARC_1,Filling,396,0,0.3292974531650543,0.8721914291381836,0.8974179029464722,0.10258209705352783,0.0,50
395,81,60-70,ARC_1,Filling,396,1,0.37592095136642456,0.8540956974029541,0.7841061949729919,0.21589380502700806,0.0,50
395,81,60-70,ARC_1,Filling,396,2,0.35580867528915405,0.8619017601013184,0.8261487483978271,0.17385125160217285,0.0,50
395,81,60-70,ARC_1,Filling,396,3,0.42587512731552124,0.8347072005271912,0.6920915842056274,0.30790841579437256,0.0,50
395,81,60-70,ARC_1,Filling,396,4,0.379424512386322,0.8527358770370483,0.8017450571060181,0.19825494289398193,0.0,50
395,81,60-70,ARC_1,Filling,396,5,0.36113160848617554,0.8598358035087585,0.6337035298347473,0.3662964701652527,0.1666666716337204,50
395,81,60-70,ARC_1,Filling,396,6,0.34341683983802795,0.8667113780975342,0.8866963982582092,0.11330360174179077,0.11839395761489868,50
395,81,60-70,ARC_1,Filling,396,7,0.36749476194381714,0.8573660850524902,0.7403690218925476,0.2596309781074524,0.0,50
395,81,60-70,ARC_1,Filling,396,8,0.36377382278442383,0.858810305595398,0.8332982063293457,0.1667017936706543,0.07891576737165451,50
395,81,60-70,ARC_1,Filling,396,9,0.3630152642726898,0.8591046929359436,0.7392361760139465,0.26076382398605347,0.0860547199845314,50
395,81,60-70,ARC_1,Filling,396,10,0.38929471373558044,0.8489049673080444,0.7730469107627869,0.22695308923721313,0.3252965807914734,50
395,81,60-70,ARC_1,Filling,396,11,0.330746591091156,0.871628999710083,0.8601998090744019,0.13980019092559814,0.03949843347072601,50
395,81,60-70,ARC_1,Filling,396,12,0.38412758708000183,0.850910484790802,0.7955037951469421,0.20449620485305786,0.0,50
395,81,60-70,ARC_1,Filling,396,13,0.37665462493896484,0.8538109064102173,0.7253851890563965,0.2746148109436035,0.0,50
395,81,60-70,ARC_1,Filling,396,14,0.37405040860176086,0.8548216819763184,0.8866356611251831,0.1133643388748169,0.0,50
395,81,60-70,ARC_1,Filling,396,15,0.3473746180534363,0.8651752471923828,0.785393476486206,0.21460652351379395,0.024038461968302727,50
395,81,60-70,ARC_1,Filling,396,16,0.3675106167793274,0.8573599457740784,0.6963701844215393,0.3036298155784607,0.2926896810531616,50
395,81,60-70,ARC_1,Filling,396,17,0.39112165570259094,0.8481959104537964,0.8562093377113342,0.14379066228866577,0.0,50
395,81,60-70,ARC_1,Filling,396,18,0.3678550720214844,0.8572262525558472,0.6540877223014832,0.34591227769851685,0.043103449046611786,50
395,81,60-70,ARC_1,Filling,396,19,0.3857787847518921,0.850269615650177,0.6566831469535828,0.34331685304641724,0.07988165318965912,50
395,81,60-70,ARC_1,Filling,396,20,0.37138620018959045,0.8558557629585266,0.7576683163642883,0.24233168363571167,0.13131839036941528,50
395,81,60-70,ARC_1,Filling,396,21,0.4241243600845337,0.8353867530822754,0.5009298920631409,0.49907010793685913,0.27775755524635315,50
395,81,60-70,ARC_1,Filling,396,22,0.38123852014541626,0.8520318269729614,0.6919993162155151,0.30800068378448486,0.0,50
395,81,60-70,ARC_1,Filling,396,23,0.3585762083530426,0.860827624797821,0.826088547706604,0.173911452293396,0.0,50
395,81,60-70,ARC_1,Filling,396,24,0.360286682844162,0.860163688659668,0.9133284687995911,0.08667153120040894,0.03138133883476257,50
395,81,60-70,ARC_1,Filling,396,25,0.40674638748168945,0.8421315550804138,0.6390074491500854,0.36099255084991455,0.22134646773338318,50
395,81,60-70,ARC_1,Filling,396,26,0.3835025429725647,0.8511530756950378,0.814215898513794,0.18578410148620605,0.3200259804725647,50
395,81,60-70,ARC_1,Filling,396,27,0.43784594535827637,0.8300610780715942,0.7247704863548279,0.2752295136451721,0.05079365149140358,50
395,81,60-70,ARC_1,Filling,396,28,0.42650359869003296,0.8344632983207703,0.587218165397644,0.41278183460235596,0.17101448774337769,50
395,81,60-70,ARC_1,Filling,396,29,0.3738536834716797,0.8548980355262756,0.7805183529853821,0.21948164701461792,0.18141289055347443,50
395,81,60-70,ARC_1,Filling,396,30,0.37932145595550537,0.8527758717536926,0.7090438008308411,0.29095619916915894,0.2509487569332123,50
395,81,60-70,ARC_1,Filling,396,31,0.3858102560043335,0.850257396697998,0.9074599146842957,0.09254008531570435,0.0,50
395,81,60-70,ARC_1,Filling,396,32,0.3506791889667511,0.863892674446106,0.8756939172744751,0.1243060827255249,0.0,50
395,81,60-70,ARC_1,Filling,396,33,0.37482118606567383,0.8545225262641907,0.7883569598197937,0.2116430401802063,0.0,50
395,81,60-70,ARC_1,Filling,396,34,0.4209960997104645,0.8366008996963501,0.701705276966095,0.29829472303390503,0.0,50
395,81,60-70,ARC_1,Filling,396,35,0.3955211043357849,0.846488356590271,0.8796092867851257,0.12039071321487427,0.10720363259315491,50
395,81,60-70,ARC_1,Filling,396,36,0.40135863423347473,0.8442226648330688,0.49896642565727234,0.5010335743427277,0.0,50
395,81,60-70,ARC_1,Filling,396,37,0.3995456099510193,0.8449263572692871,0.8037761449813843,0.19622385501861572,0.0,50
395,81,60-70,ARC_1,Filling,396,38,0.36831802129745483,0.8570466041564941,0.8457335233688354,0.15426647663116455,0.6195995807647705,50
395,81,60-70,ARC_1,Filling,396,39,0.39522022008895874,0.8466051816940308,0.9375608563423157,0.062439143657684326,0.0,50
395,81,60-70,ARC_1,Filling,396,40,0.33008235692977905,0.8718867897987366,0.8822609782218933,0.11773902177810669,0.0,50
395,81,60-70,ARC_1,Filling,396,41,0.3336871862411499,0.8704876899719238,0.6785690784454346,0.32143092155456543,0.6363636255264282,50
395,81,60-70,ARC_1,Filling,396,42,0.3264615535736084,0.873292088508606,0.9211101531982422,0.07888984680175781,0.3244454562664032,50
395,81,60-70,ARC_1,Filling,396,43,0.4206995666027069,0.8367159366607666,0.5817300081253052,0.4182699918746948,1.0,50
395,81,60-70,ARC_1,Filling,396,44,0.3482080399990082,0.864851713180542,0.7465422749519348,0.2534577250480652,0.0,50
395,81,60-70,ARC_1,Filling,396,45,0.36350226402282715,0.8589156866073608,0.7089205980300903,0.29107940196990967,0.42650601267814636,50
395,81,60-70,ARC_1,Filling,396,46,0.35553258657455444,0.8620089292526245,0.8548303842544556,0.14516961574554443,0.6633597612380981,50
395,81,60-70,ARC_1,Filling,396,47,0.38865864276885986,0.8491518497467041,0.7674013376235962,0.2325986623764038,0.15294453501701355,50
395,81,60-70,ARC_1,Filling,396,48,0.36729127168655396,0.8574450612068176,0.7965077757835388,0.20349222421646118,0.40449437499046326,50
395,81,60-70,ARC_1,Filling,396,49,0.3563464283943176,0.8616930246353149,0.43440213799476624,0.5655978620052338,0.13766233623027802,50
395,81,60-70,ARC_1,Filling,396,50,0.3720671236515045,0.8555914759635925,0.9171105027198792,0.08288949728012085,0.048862114548683167,50
395,81,60-70,ARC_1,Filling,396,51,0.3342742621898651,0.8702597618103027,0.7381788492202759,0.2618211507797241,0.0,50
395,81,60-70,ARC_1,Filling,396,52,0.4024926424026489,0.8437825441360474,0.6359140872955322,0.3640859127044678,0.0,50
395,81,60-70,ARC_1,Filling,396,53,0.4286055266857147,0.8336474895477295,0.2714170813560486,0.7285829186439514,0.0,50
395,81,60-70,ARC_1,Filling,396,54,0.38733649253845215,0.8496650457382202,0.5264330506324768,0.4735669493675232,0.0,50
395,81,60-70,ARC_1,Filling,396,55,0.40392470359802246,0.8432267308235168,0.792518675327301,0.20748132467269897,0.0,50
395,81,60-70,ARC_1,Filling,396,56,0.40571129322052,0.8425332903862,0.6170174479484558,0.3829825520515442,0.0,50
395,81,60-70,ARC_1,Filling,396,57,0.48340901732444763,0.812376856803894,0.23134885728359222,0.7686511427164078,0.2777777910232544,50
395,81,60-70,ARC_1,Filling,396,58,0.41733241081237793,0.8380228281021118,0.0,1.0,0.0,50
395,81,60-70,ARC_1,Filling,396,59,0.337267130613327,0.8690981864929199,0.8273688554763794,0.1726311445236206,0.17909730970859528,50
395,81,60-70,ARC_1,Filling,396,60,0.37001878023147583,0.8563864231109619,0.5217050909996033,0.47829490900039673,0.1785714328289032,50
395,81,60-70,ARC_1,Filling,396,61,0.426606148481369,0.8344234824180603,0.4393126964569092,0.5606873035430908,0.2713472545146942,50
377,38,40-50,UQ_11,Post-Flowering,378,0,0.3406842052936554,0.8677719831466675,0.7828498482704163,0.21715015172958374,0.0,51
377,38,40-50,UQ_11,Post-Flowering,378,1,0.2994846999645233,0.8837624788284302,0.8205613493919373,0.17943865060806274,0.0,51
377,38,40-50,UQ_11,Post-Flowering,378,2,0.3876919150352478,0.8495270609855652,0.6287201642990112,0.37127983570098877,0.0,51
377,38,40-50,UQ_11,Post-Flowering,378,3,0.4147885739803314,0.8390101790428162,0.43378946185112,0.56621053814888,0.0,51
377,38,40-50,UQ_11,Post-Flowering,378,4,0.4452574849128723,0.8271844387054443,0.47176337242126465,0.5282366275787354,0.0,51
377,38,40-50,UQ_11,Post-Flowering,378,5,0.3636706471443176,0.858850359916687,0.7684752345085144,0.2315247654914856,0.0,51
377,38,40-50,UQ_11,Post-Flowering,378,6,0.4223727285861969,0.8360666036605835,0.6217911243438721,0.37820887565612793,0.0,51
377,38,40-50,UQ_11,Post-Flowering,378,7,0.4088786244392395,0.8413040041923523,0.0,1.0,0.0,51
377,38,40-50,UQ_11,Post-Flowering,378,8,0.4135705828666687,0.8394829034805298,0.0,1.0,0.0,51
377,38,40-50,UQ_11,Post-Flowering,378,9,0.4285464882850647,0.8336703777313232,0.6456843614578247,0.3543156385421753,0.0,51
377,38,40-50,UQ_11,Post-Flowering,378,10,0.41305720806121826,0.8396821618080139,0.7972692251205444,0.20273077487945557,0.02952532283961773,51
377,38,40-50,UQ_11,Post-Flowering,378,11,0.30762428045272827,0.8806033134460449,0.76763916015625,0.23236083984375,0.0,51
377,38,40-50,UQ_11,Post-Flowering,378,12,0.40869125723838806,0.8413766622543335,0.4667331874370575,0.5332668125629425,0.0,51
377,38,40-50,UQ_11,Post-Flowering,378,13,0.4895922839641571,0.8099769949913025,0.7834165096282959,0.2165834903717041,0.11255411058664322,51
377,38,40-50,UQ_11,Post-Flowering,378,14,0.4460868239402771,0.8268625736236572,0.5403358936309814,0.45966410636901855,0.0,51
377,38,40-50,UQ_11,Post-Flowering,378,15,0.3667116165161133,0.8576700687408447,0.7634953260421753,0.2365046739578247,0.014705882407724857,51
377,38,40-50,UQ_11,Post-Flowering,378,16,0.32420584559440613,0.8741675615310669,0.6826691627502441,0.31733083724975586,0.009943181648850441,51
377,38,40-50,UQ_11,Post-Flowering,378,17,0.3638998568058014,0.8587613701820374,0.7334474325180054,0.26655256748199463,0.0019069412956014276,51
377,38,40-50,UQ_11,Post-Flowering,378,18,0.39949214458465576,0.844947099685669,0.7747533917427063,0.2252466082572937,0.0,51
377,38,40-50,UQ_11,Post-Flowering,378,19,0.5472623109817505,0.7875938415527344,0.5680308938026428,0.4319691061973572,0.4148148000240326,51
377,38,40-50,UQ_11,Post-Flowering,378,20,0.38633307814598083,0.8500544428825378,0.7316859364509583,0.26831406354904175,0.19321449100971222,51
377,38,40-50,UQ_11,Post-Flowering,378,21,0.49305567145347595,0.8086327314376831,0.5628189444541931,0.4371810555458069,0.5,51
377,38,40-50,UQ_11,Post-Flowering,378,22,0.37029093503952026,0.8562808036804199,0.5178040266036987,0.48219597339630127,0.0,51
377,38,40-50,UQ_11,Post-Flowering,378,23,0.4446832537651062,0.8274073004722595,0.4986458718776703,0.5013541281223297,0.0,51
377,38,40-50,UQ_11,Post-Flowering,378,24,0.38184982538223267,0.8517945408821106,0.42941057682037354,0.5705894231796265,0.0,51
377,38,40-50,UQ_11,Post-Flowering,378,25,0.4005792737007141,0.844525158405304,0.035936787724494934,0.9640632122755051,0.0,51
377,38,40-50,UQ_11,Post-Flowering,378,26,0.3856806755065918,0.8503077030181885,0.8134992122650146,0.18650078773498535,0.0357142873108387,51
377,38,40-50,UQ_11,Post-Flowering,378,27,0.3069227933883667,0.8808755874633789,0.6381396651268005,0.36186033487319946,0.0,51
377,38,40-50,UQ_11,Post-Flowering,378,28,0.46130263805389404,0.8209569454193115,0.5664084553718567,0.4335915446281433,1.0,51
377,38,40-50,UQ_11,Post-Flowering,378,29,0.37997788190841675,0.8525210618972778,0.7582759857177734,0.24172401428222656,0.42293763160705566,51
377,38,40-50,UQ_11,Post-Flowering,378,30,0.44674456119537354,0.8266072869300842,0.7420421838760376,0.2579578161239624,0.09441786259412766,51
377,38,40-50,UQ_11,Post-Flowering,378,31,0.40868258476257324,0.8413800597190857,0.622107982635498,0.37789201736450195,0.0,51
377,38,40-50,UQ_11,Post-Flowering,378,32,0.39089828729629517,0.8482825756072998,0.4193846583366394,0.5806153416633606,0.0,51
377,38,40-50,UQ_11,Post-Flowering,378,33,0.4017277956008911,0.8440793752670288,0.6107158064842224,0.3892841935157776,0.47058823704719543,51
377,38,40-50,UQ_11,Post-Flowering,378,34,0.39709824323654175,0.8458762168884277,0.8775312304496765,0.12246876955032349,0.3205445408821106,51
377,38,40-50,UQ_11,Post-Flowering,378,35,0.4624295234680176,0.8205195665359497,0.6430695056915283,0.3569304943084717,0.41826921701431274,51
377,38,40-50,UQ_11,Post-Flowering,378,36,0.42376047372817993,0.8355279564857483,0.7164472341537476,0.28355276584625244,0.5199999809265137,51
377,38,40-50,UQ_11,Post-Flowering,378,37,0.4410999119281769,0.8287981152534485,0.8066064119338989,0.19339358806610107,0.0,51
377,38,40-50,UQ_11,Post-Flowering,378,38,0.4307411015033722,0.8328186273574829,0.7324648499488831,0.26753515005111694,0.022286124527454376,51
377,38,40-50,UQ_11,Post-Flowering,378,39,0.3944658637046814,0.8468979597091675,0.6055120229721069,0.39448797702789307,0.2138836830854416,51
377,38,40-50,UQ_11,Post-Flowering,378,40,0.49799031019210815,0.8067175149917603,0.5906088352203369,0.4093911647796631,0.0027173913549631834,51
377,38,40-50,UQ_11,Post-Flowering,378,41,0.3784394860267639,0.8531181812286377,0.19162516295909882,0.8083748370409012,0.0,51
377,38,40-50,UQ_11,Post-Flowering,378,42,0.36637797951698303,0.8577995300292969,0.6899593472480774,0.3100406527519226,0.0,51
377,38,40-50,UQ_11,Post-Flowering,378,43,0.396329790353775,0.8461744785308838,0.0,1.0,0.0,51
377,38,40-50,UQ_11,Post-Flowering,378,44,0.4731074571609497,0.8163751363754272,0.2898041009902954,0.7101958990097046,0.0,51
261,96,>100,NAU_2,Post-Flowering,262,0,0.344749391078949,0.8661941289901733,0.853920042514801,0.14607995748519897,0.0,52
261,96,>100,NAU_2,Post-Flowering,262,1,0.28882700204849243,0.8878990411758423,0.8857011198997498,0.11429888010025024,0.0,52
261,96,>100,NAU_2,Post-Flowering,262,2,0.3704679012298584,0.8562121391296387,0.48911425471305847,0.5108857452869415,0.0,52
261,96,>100,NAU_2,Post-Flowering,262,3,0.3564583659172058,0.8616496324539185,0.7773407101631165,0.22265928983688354,0.0,52
261,96,>100,NAU_2,Post-Flowering,262,4,0.3919643759727478,0.847868800163269,0.7365397810935974,0.2634602189064026,0.009166666306555271,52
261,96,>100,NAU_2,Post-Flowering,262,5,0.44973471760749817,0.8254467248916626,0.5174558162689209,0.4825441837310791,0.01827242597937584,52
261,96,>100,NAU_2,Post-Flowering,262,6,0.33022308349609375,0.8718321323394775,0.7717506289482117,0.22824937105178833,0.017543859779834747,52
261,96,>100,NAU_2,Post-Flowering,262,7,0.31462371349334717,0.8778866529464722,0.8352067470550537,0.1647932529449463,0.0,52
261,96,>100,NAU_2,Post-Flowering,262,8,0.36741527915000916,0.8573969602584839,0.7499523758888245,0.25004762411117554,0.033068783581256866,52
261,96,>100,NAU_2,Post-Flowering,262,9,0.3403812050819397,0.8678895235061646,0.8336688876152039,0.16633111238479614,0.0623798705637455,52
261,96,>100,NAU_2,Post-Flowering,262,10,0.3432323932647705,0.8667829036712646,0.7488546371459961,0.2511453628540039,0.0,52
261,96,>100,NAU_2,Post-Flowering,262,11,0.32434844970703125,0.8741122484207153,0.6927981972694397,0.3072018027305603,0.036666665226221085,52
261,96,>100,NAU_2,Post-Flowering,262,12,0.26394063234329224,0.8975580334663391,0.8877951502799988,0.11220484972000122,0.0,52
261,96,>100,NAU_2,Post-Flowering,262,13,0.4043310582637787,0.8430690169334412,0.7989257574081421,0.2010742425918579,0.322159081697464,52
261,96,>100,NAU_2,Post-Flowering,262,14,0.34377676248550415,0.8665716648101807,0.8406646251678467,0.15933537483215332,0.1920415163040161,52
261,96,>100,NAU_2,Post-Flowering,262,15,0.3848862648010254,0.8506160378456116,0.806329607963562,0.193670392036438,0.0,52
261,96,>100,NAU_2,Post-Flowering,262,16,0.40025973320007324,0.8446491956710815,0.8268450498580933,0.17315495014190674,0.0,52
261,96,>100,NAU_2,Post-Flowering,262,17,0.32588112354278564,0.8735173940658569,0.8252716660499573,0.17472833395004272,0.0,52
261,96,>100,NAU_2,Post-Flowering,262,18,0.3290839195251465,0.8722742795944214,0.72947758436203,0.27052241563796997,0.2541176378726959,52
261,96,>100,NAU_2,Post-Flowering,262,19,0.3676813840866089,0.8572936654090881,0.7062655687332153,0.29373443126678467,0.3498985767364502,52
261,96,>100,NAU_2,Post-Flowering,262,20,0.4273950755596161,0.8341172933578491,0.5433605909347534,0.4566394090652466,0.07396449893712997,52
261,96,>100,NAU_2,Post-Flowering,262,21,0.3950127363204956,0.8466856479644775,0.775661051273346,0.22433894872665405,0.11833019554615021,52
261,96,>100,NAU_2,Post-Flowering,262,22,0.39927536249160767,0.8450312614440918,0.7318233251571655,0.2681766748428345,0.0,52
261,96,>100,NAU_2,Post-Flowering,262,23,0.3280714154243469,0.8726673126220703,0.8886951208114624,0.1113048791885376,0.0,52
261,96,>100,NAU_2,Post-Flowering,262,24,0.3578476309776306,0.8611103892326355,0.7944602966308594,0.20553970336914062,0.0,52
261,96,>100,NAU_2,Post-Flowering,262,25,0.3291401267051697,0.8722524642944336,0.8698025941848755,0.1301974058151245,0.0,52
261,96,>100,NAU_2,Post-Flowering,262,26,0.35030779242515564,0.8640367984771729,0.8324887752532959,0.1675112247467041,0.0,52
261,96,>100,NAU_2,Post-Flowering,262,27,0.4025755822658539,0.8437503576278687,0.6305674910545349,0.3694325089454651,0.0,52
261,96,>100,NAU_2,Post-Flowering,262,28,0.3773350119590759,0.8535468578338623,0.9496753215789795,0.05032467842102051,0.08034433424472809,52
261,96,>100,NAU_2,Post-Flowering,262,29,0.3545736074447632,0.862381100654602,0.7551785111427307,0.2448214888572693,0.0,52
261,96,>100,NAU_2,Post-Flowering,262,30,0.3651670515537262,0.8582695722579956,0.7434572577476501,0.25654274225234985,0.0,52
261,96,>100,NAU_2,Post-Flowering,262,31,0.39293062686920166,0.8474937677383423,0.7162175178527832,0.2837824821472168,0.0,52
261,96,>100,NAU_2,Post-Flowering,262,32,0.35881900787353516,0.8607333898544312,0.7116678953170776,0.28833210468292236,0.1656314730644226,52
261,96,>100,NAU_2,Post-Flowering,262,33,0.3851027488708496,0.8505319952964783,0.8838915228843689,0.1161084771156311,0.11594203114509583,52
261,96,>100,NAU_2,Post-Flowering,262,34,0.34176719188690186,0.8673516511917114,0.815555989742279,0.18444401025772095,0.0,52
261,96,>100,NAU_2,Post-Flowering,262,35,0.3050845265388489,0.8815890550613403,0.8312714695930481,0.1687285304069519,0.0,52
261,96,>100,NAU_2,Post-Flowering,262,36,0.37585869431495667,0.8541198372840881,0.8086482286453247,0.1913517713546753,0.0,52
261,96,>100,NAU_2,Post-Flowering,262,37,0.36189889907836914,0.8595379590988159,0.8237465620040894,0.17625343799591064,0.0,52
261,96,>100,NAU_2,Post-Flowering,262,38,0.31134921312332153,0.879157543182373,0.941486120223999,0.05851387977600098,0.0,52
261,96,>100,NAU_2,Post-Flowering,262,39,0.30849528312683105,0.8802652359008789,0.9053536057472229,0.0946463942527771,0.013920454308390617,52
261,96,>100,NAU_2,Post-Flowering,262,40,0.3455178737640381,0.8658958673477173,0.8347541093826294,0.1652458906173706,0.0,52
261,96,>100,NAU_2,Post-Flowering,262,41,0.3341825604438782,0.8702954053878784,0.8468480706214905,0.15315192937850952,0.0,52
261,96,>100,NAU_2,Post-Flowering,262,42,0.35417959094047546,0.8625340461730957,0.8729411363601685,0.12705886363983154,0.0,52
261,96,>100,NAU_2,Post-Flowering,262,43,0.3519318997859955,0.8634064197540283,0.8082302212715149,0.1917697787284851,0.0,52
261,96,>100,NAU_2,Post-Flowering,262,44,0.336413711309433,0.8694294095039368,0.818975031375885,0.181024968624115,0.0,52
261,96,>100,NAU_2,Post-Flowering,262,45,0.3336752951145172,0.8704922795295715,0.7680563926696777,0.23194360733032227,0.0,52
261,96,>100,NAU_2,Post-Flowering,262,46,0.2857847809791565,0.8890798091888428,0.7994233965873718,0.20057660341262817,0.06628787517547607,52
261,96,>100,NAU_2,Post-Flowering,262,47,0.30793923139572144,0.8804811239242554,0.9207978248596191,0.07920217514038086,0.0,52
261,96,>100,NAU_2,Post-Flowering,262,48,0.3917872905731201,0.8479375839233398,0.544438898563385,0.455561101436615,0.0,52
261,96,>100,NAU_2,Post-Flowering,262,49,0.37235739827156067,0.8554787635803223,0.5389847159385681,0.4610152840614319,0.1701388955116272,52
261,96,>100,NAU_2,Post-Flowering,262,50,0.3135558068752289,0.8783011436462402,0.4454197287559509,0.5545802712440491,0.0,52
261,96,>100,NAU_2,Post-Flowering,262,51,0.377922385931015,0.8533188700675964,0.947093665599823,0.052906334400177,0.0,52
261,96,>100,NAU_2,Post-Flowering,262,52,0.359326034784317,0.8605365753173828,0.8328292965888977,0.1671707034111023,0.0,52
261,96,>100,NAU_2,Post-Flowering,262,53,0.26546207070350647,0.8969675302505493,0.8455742597579956,0.1544257402420044,0.12778905034065247,52
261,96,>100,NAU_2,Post-Flowering,262,54,0.3706260323524475,0.85615074634552,0.7670590877532959,0.2329409122467041,0.0,52
261,96,>100,NAU_2,Post-Flowering,262,55,0.3768661618232727,0.8537288308143616,0.8334316611289978,0.1665683388710022,0.0,52
261,96,>100,NAU_2,Post-Flowering,262,56,0.2673260271549225,0.8962441086769104,0.8602103590965271,0.1397896409034729,0.0,52
261,96,>100,NAU_2,Post-Flowering,262,57,0.3594045341014862,0.8605061173439026,0.636539876461029,0.36346012353897095,0.0,52
261,96,>100,NAU_2,Post-Flowering,262,58,0.35491830110549927,0.8622473478317261,0.6129295229911804,0.3870704770088196,0.0,52
261,96,>100,NAU_2,Post-Flowering,262,59,0.4088735580444336,0.8413059711456299,0.6706851124763489,0.3293148875236511,0.0,52
261,96,>100,NAU_2,Post-Flowering,262,60,0.35592561960220337,0.8618563413619995,0.8350923657417297,0.16490763425827026,0.0,52
261,96,>100,NAU_2,Post-Flowering,262,61,0.31698521971702576,0.876970112323761,0.8999527096748352,0.1000472903251648,0.380811482667923,52
261,96,>100,NAU_2,Post-Flowering,262,62,0.3924531638622284,0.8476791381835938,0.412174791097641,0.587825208902359,0.46988266706466675,52
261,96,>100,NAU_2,Post-Flowering,262,63,0.30836546421051025,0.8803156614303589,0.8801205158233643,0.11987948417663574,0.0,52
261,96,>100,NAU_2,Post-Flowering,262,64,0.365196168422699,0.8582582473754883,0.6072782874107361,0.3927217125892639,0.0,52
261,96,>100,NAU_2,Post-Flowering,262,65,0.38312411308288574,0.8512999415397644,0.7725511193275452,0.22744888067245483,0.0,52
261,96,>100,NAU_2,Post-Flowering,262,66,0.4165676236152649,0.8383196592330933,0.7256550788879395,0.27434492111206055,0.12857143580913544,52
261,96,>100,NAU_2,Post-Flowering,262,67,0.4018077552318573,0.8440483808517456,0.933314859867096,0.06668514013290405,0.16578947007656097,52
261,96,>100,NAU_2,Post-Flowering,262,68,0.42183613777160645,0.8362748622894287,0.6428856253623962,0.35711437463760376,0.3316326439380646,52
261,96,>100,NAU_2,Post-Flowering,262,69,0.3609345555305481,0.8599122762680054,0.8242883086204529,0.17571169137954712,0.0,52
261,96,>100,NAU_2,Post-Flowering,262,70,0.29633086919784546,0.8849865794181824,0.6854634284973145,0.31453657150268555,0.12768816947937012,52
261,96,>100,NAU_2,Post-Flowering,262,71,0.32793304324150085,0.8727209568023682,0.8843543529510498,0.1156456470489502,0.0,52
261,96,>100,NAU_2,Post-Flowering,262,72,0.3331993818283081,0.8706769943237305,0.7729926109313965,0.22700738906860352,0.044897958636283875,52
261,96,>100,NAU_2,Post-Flowering,262,73,0.3623654842376709,0.8593568801879883,0.6082979440689087,0.3917020559310913,0.06818182021379471,52
261,96,>100,NAU_2,Post-Flowering,262,74,0.32434406876564026,0.8741139769554138,0.8228195905685425,0.17718040943145752,0.0,52
261,96,>100,NAU_2,Post-Flowering,262,75,0.34536176919937134,0.8659564256668091,0.894973874092102,0.10502612590789795,0.0,52
261,96,>100,NAU_2,Post-Flowering,262,76,0.3588370382785797,0.8607263565063477,0.6770713329315186,0.32292866706848145,0.0,52
261,96,>100,NAU_2,Post-Flowering,262,77,0.3399505615234375,0.8680566549301147,0.7981525659561157,0.20184743404388428,0.0,52
261,96,>100,NAU_2,Post-Flowering,262,78,0.3752846419811249,0.8543426394462585,0.7972137331962585,0.20278626680374146,0.0,52
261,96,>100,NAU_2,Post-Flowering,262,79,0.31711912155151367,0.8769181370735168,0.9122531414031982,0.08774685859680176,0.0,52
261,96,>100,NAU_2,Post-Flowering,262,80,0.3587993383407593,0.8607410192489624,0.3806281089782715,0.6193718910217285,0.0,52
261,96,>100,NAU_2,Post-Flowering,262,81,0.40293410420417786,0.8436112403869629,0.7054657936096191,0.29453420639038086,0.0,52
261,96,>100,NAU_2,Post-Flowering,262,82,0.36412712931632996,0.8586731553077698,0.6646422147750854,0.33535778522491455,0.0,52
261,96,>100,NAU_2,Post-Flowering,262,83,0.3591018319129944,0.8606235980987549,0.8155017495155334,0.18449825048446655,0.0,52
261,96,>100,NAU_2,Post-Flowering,262,84,0.3380701243877411,0.8687865138053894,0.7950031161308289,0.20499688386917114,0.0,52
261,96,>100,NAU_2,Post-Flowering,262,85,0.3543345630168915,0.8624738454818726,0.7483617663383484,0.2516382336616516,0.0,52
261,96,>100,NAU_2,Post-Flowering,262,86,0.35742896795272827,0.8612728714942932,0.8217664957046509,0.17823350429534912,0.07902735471725464,52
261,96,>100,NAU_2,Post-Flowering,262,87,0.35147127509117126,0.8635852336883545,0.820902943611145,0.17909705638885498,0.0,52
261,96,>100,NAU_2,Post-Flowering,262,88,0.351317822933197,0.8636447787284851,0.8390200734138489,0.16097992658615112,0.0,52
261,96,>100,NAU_2,Post-Flowering,262,89,0.3934778571128845,0.8472813963890076,0.7037421464920044,0.2962578535079956,0.03030303120613098,52
261,96,>100,NAU_2,Post-Flowering,262,90,0.38498446345329285,0.8505778908729553,0.5161034464836121,0.48389655351638794,0.03589743748307228,52
261,96,>100,NAU_2,Post-Flowering,262,91,0.33459973335266113,0.8701335191726685,0.8180410265922546,0.18195897340774536,0.0,52
261,96,>100,NAU_2,Post-Flowering,262,92,0.3383822739124298,0.8686653971672058,0.837171733379364,0.162828266620636,0.0,52
261,96,>100,NAU_2,Post-Flowering,262,93,0.3697759211063385,0.8564807176589966,0.9273763298988342,0.07262367010116577,0.0,52
261,96,>100,NAU_2,Post-Flowering,262,94,0.3541069030761719,0.8625622987747192,0.8784837126731873,0.12151628732681274,0.0,52
261,96,>100,NAU_2,Post-Flowering,262,95,0.41205474734306335,0.8400712609291077,0.0,1.0,0.0,52
261,96,>100,NAU_2,Post-Flowering,262,96,0.49589622020721436,0.8075302839279175,0.10127454251050949,0.8987254574894905,0.0,52
261,96,>100,NAU_2,Post-Flowering,262,97,0.3695381283760071,0.8565729856491089,0.48743411898612976,0.5125658810138702,0.0,52
261,96,>100,NAU_2,Post-Flowering,262,98,0.3797144889831543,0.8526233434677124,0.7606893181800842,0.23931068181991577,0.28928571939468384,52
261,96,>100,NAU_2,Post-Flowering,262,99,0.3521954417228699,0.8633041381835938,0.788210391998291,0.21178960800170898,0.6567567586898804,52
261,96,>100,NAU_2,Post-Flowering,262,100,0.46072918176651,0.8211795091629028,0.6738597750663757,0.32614022493362427,0.0,52
261,96,>100,NAU_2,Post-Flowering,262,101,0.36148518323898315,0.8596985340118408,0.7125886678695679,0.28741133213043213,0.0,52
261,96,>100,NAU_2,Post-Flowering,262,102,0.4253850281238556,0.8348974585533142,0.8741665482521057,0.1258334517478943,0.0,52
261,96,>100,NAU_2,Post-Flowering,262,103,0.3888251781463623,0.8490872383117676,0.7340521216392517,0.2659478783607483,0.2086499184370041,52
261,96,>100,NAU_2,Post-Flowering,262,104,0.43655306100845337,0.8305628299713135,0.7278459668159485,0.2721540331840515,0.36538460850715637,52
261,96,>100,NAU_2,Post-Flowering,262,105,0.446461021900177,0.8267173171043396,0.7610719799995422,0.23892802000045776,0.2857142984867096,52
261,96,>100,NAU_2,Post-Flowering,262,106,0.38580459356307983,0.8502596020698547,0.8096498250961304,0.19035017490386963,0.15615615248680115,52
261,96,>100,NAU_2,Post-Flowering,262,107,0.4371814727783203,0.8303189277648926,0.0,1.0,0.0,52
261,96,>100,NAU_2,Post-Flowering,262,108,0.3062469959259033,0.8811378479003906,0.06379155069589615,0.9362084493041039,0.0,52
222,91,40-50,NAU_2,Post-Flowering,223,0,0.27706554532051086,0.8924639225006104,0.8553411960601807,0.14465880393981934,0.0,53
222,91,40-50,NAU_2,Post-Flowering,223,1,0.28527799248695374,0.8892765045166016,0.8791934847831726,0.12080651521682739,0.0,53
222,91,40-50,NAU_2,Post-Flowering,223,2,0.27753573656082153,0.8922814130783081,0.8885942697525024,0.11140573024749756,0.0,53
222,91,40-50,NAU_2,Post-Flowering,223,3,0.269829660654068,0.8952723741531372,0.8939683437347412,0.10603165626525879,0.1513589471578598,53
222,91,40-50,NAU_2,Post-Flowering,223,4,0.39387089014053345,0.8471288681030273,0.8056584596633911,0.1943415403366089,0.0,53
222,91,40-50,NAU_2,Post-Flowering,223,5,0.31051313877105713,0.879482090473175,0.9056754112243652,0.09432458877563477,0.12237939238548279,53
222,91,40-50,NAU_2,Post-Flowering,223,6,0.3511563539505005,0.863707423210144,0.7685955166816711,0.23140448331832886,0.28680625557899475,53
222,91,40-50,NAU_2,Post-Flowering,223,7,0.36279192566871643,0.8591914176940918,0.9084576368331909,0.09154236316680908,0.34196603298187256,53
222,91,40-50,NAU_2,Post-Flowering,223,8,0.3218160569667816,0.8750951290130615,0.8079456686973572,0.19205433130264282,0.024793388321995735,53
222,91,40-50,NAU_2,Post-Flowering,223,9,0.30730628967285156,0.8807267546653748,0.8807398676872253,0.11926013231277466,0.17391304671764374,53
222,91,40-50,NAU_2,Post-Flowering,223,10,0.3610611855983734,0.8598631024360657,0.8222542405128479,0.1777457594871521,0.0,53
222,91,40-50,NAU_2,Post-Flowering,223,11,0.3338286876678467,0.8704327344894409,0.8866478800773621,0.11335211992263794,0.0,53
222,91,40-50,NAU_2,Post-Flowering,223,12,0.2811574935913086,0.8908757567405701,0.8803468346595764,0.11965316534042358,0.07792207598686218,53
222,91,40-50,NAU_2,Post-Flowering,223,13,0.3615838587284088,0.859660267829895,0.8602466583251953,0.1397533416748047,0.0,53
222,91,40-50,NAU_2,Post-Flowering,223,14,0.3003012537956238,0.8834455609321594,0.9055018424987793,0.0944981575012207,0.0,53
222,91,40-50,NAU_2,Post-Flowering,223,15,0.37169837951660156,0.8557345867156982,0.8190602660179138,0.18093973398208618,0.0,53
222,91,40-50,NAU_2,Post-Flowering,223,16,0.35824596881866455,0.8609557747840881,0.6252139210700989,0.3747860789299011,0.0,53
222,91,40-50,NAU_2,Post-Flowering,223,17,0.2959556579589844,0.8851321935653687,0.8688541650772095,0.13114583492279053,0.0,53
222,91,40-50,NAU_2,Post-Flowering,223,18,0.2786310911178589,0.89185631275177,0.9557480216026306,0.044251978397369385,0.0,53
222,91,40-50,NAU_2,Post-Flowering,223,19,0.3208326995372772,0.8754768371582031,0.8480721712112427,0.15192782878875732,0.0,53
222,91,40-50,NAU_2,Post-Flowering,223,20,0.3314615488052368,0.8713514804840088,0.9363821148872375,0.06361788511276245,0.0,53
222,91,40-50,NAU_2,Post-Flowering,223,21,0.3370209336280823,0.8691937923431396,0.9280262589454651,0.07197374105453491,0.0,53
222,91,40-50,NAU_2,Post-Flowering,223,22,0.3243972063064575,0.8740932941436768,0.7724226117134094,0.22757738828659058,0.0,53
222,91,40-50,NAU_2,Post-Flowering,223,23,0.325137734413147,0.8738058805465698,0.8678203225135803,0.13217967748641968,0.0,53
222,91,40-50,NAU_2,Post-Flowering,223,24,0.3146530091762543,0.8778753280639648,0.8877573609352112,0.11224263906478882,0.0,53
222,91,40-50,NAU_2,Post-Flowering,223,25,0.3200299143791199,0.8757883906364441,0.8651471138000488,0.13485288619995117,0.012765957042574883,53
222,91,40-50,NAU_2,Post-Flowering,223,26,0.33288291096687317,0.8707998394966125,0.8898516893386841,0.11014831066131592,0.0,53
222,91,40-50,NAU_2,Post-Flowering,223,27,0.3411022424697876,0.8676096796989441,0.8527206182479858,0.14727938175201416,0.01859504170715809,53
222,91,40-50,NAU_2,Post-Flowering,223,28,0.3507240414619446,0.8638752698898315,0.8372713923454285,0.16272860765457153,0.0,53
222,91,40-50,NAU_2,Post-Flowering,223,29,0.3673781454563141,0.8574113845825195,0.8988324999809265,0.10116750001907349,0.0,53
222,91,40-50,NAU_2,Post-Flowering,223,30,0.323628693819046,0.8743916153907776,0.9291712045669556,0.07082879543304443,0.0,53
222,91,40-50,NAU_2,Post-Flowering,223,31,0.3878038227558136,0.8494836688041687,0.8485386371612549,0.15146136283874512,0.1666666716337204,53
222,91,40-50,NAU_2,Post-Flowering,223,32,0.3536943793296814,0.8627223968505859,0.9081934094429016,0.09180659055709839,0.1525423675775528,53
222,91,40-50,NAU_2,Post-Flowering,223,33,0.3266921937465668,0.8732025623321533,0.8515897989273071,0.14841020107269287,0.11077481508255005,53
222,91,40-50,NAU_2,Post-Flowering,223,34,0.3465970754623413,0.8654769659042358,0.8970716595649719,0.10292834043502808,0.0,53
222,91,40-50,NAU_2,Post-Flowering,223,35,0.3613036274909973,0.8597690463066101,0.594438910484314,0.40556108951568604,0.0,53
222,91,40-50,NAU_2,Post-Flowering,223,36,0.3198222517967224,0.8758689761161804,0.8180187344551086,0.18198126554489136,0.052966102957725525,53
222,91,40-50,NAU_2,Post-Flowering,223,37,0.38095536828041077,0.8521417379379272,0.9325400590896606,0.06745994091033936,0.6633540391921997,53
222,91,40-50,NAU_2,Post-Flowering,223,38,0.32683610916137695,0.8731467723846436,0.9497318267822266,0.05026817321777344,0.24753867089748383,53
222,91,40-50,NAU_2,Post-Flowering,223,39,0.3249897360801697,0.8738633394241333,0.8655810356140137,0.13441896438598633,0.0,53
222,91,40-50,NAU_2,Post-Flowering,223,40,0.35423722863197327,0.8625116944313049,0.7627246975898743,0.23727530241012573,0.0,53
222,91,40-50,NAU_2,Post-Flowering,223,41,0.35629406571388245,0.8617134094238281,0.7746224403381348,0.22537755966186523,0.0,53
222,91,40-50,NAU_2,Post-Flowering,223,42,0.39102908968925476,0.8482317924499512,0.5171397924423218,0.4828602075576782,0.0,53
222,91,40-50,NAU_2,Post-Flowering,223,43,0.3851078152656555,0.8505300283432007,0.6007163524627686,0.39928364753723145,0.0,53
222,91,40-50,NAU_2,Post-Flowering,223,44,0.3507480025291443,0.8638659715652466,0.3425767421722412,0.6574232578277588,0.0,53
222,91,40-50,NAU_2,Post-Flowering,223,45,0.4304385185241699,0.8329360485076904,0.8554566502571106,0.1445433497428894,0.0,53
222,91,40-50,NAU_2,Post-Flowering,223,46,0.4705081880092621,0.8173840045928955,0.7976076006889343,0.20239239931106567,0.6122291088104248,53
222,91,40-50,NAU_2,Post-Flowering,223,47,0.3575292229652405,0.8612339496612549,0.5373102426528931,0.46268975734710693,0.07692307978868484,53
537,23,50-60,NAU_3,Filling,538,0,0.3465784788131714,0.8654842376708984,0.7477533221244812,0.2522466778755188,0.0,54
537,23,50-60,NAU_3,Filling,538,1,0.2689184546470642,0.8956260681152344,0.8773029446601868,0.12269705533981323,0.0,54
537,23,50-60,NAU_3,Filling,538,2,0.38622307777404785,0.8500971794128418,0.5875497460365295,0.41245025396347046,0.0,54
537,23,50-60,NAU_3,Filling,538,3,0.36040371656417847,0.8601182699203491,0.8330231308937073,0.16697686910629272,0.0,54
537,23,50-60,NAU_3,Filling,538,4,0.3927019238471985,0.8475825786590576,0.7280209064483643,0.27197909355163574,0.0,54
537,23,50-60,NAU_3,Filling,538,5,0.3607684373855591,0.8599767684936523,0.717585027217865,0.282414972782135,0.0,54
537,23,50-60,NAU_3,Filling,538,6,0.4347738027572632,0.8312534093856812,0.773350715637207,0.22664928436279297,0.000606060610152781,54
537,23,50-60,NAU_3,Filling,538,7,0.3203950822353363,0.8756466507911682,0.6722278594970703,0.3277721405029297,0.0007692307699471712,54
537,23,50-60,NAU_3,Filling,538,8,0.2688761353492737,0.8956424593925476,0.8995294570922852,0.10047054290771484,0.0,54
537,23,50-60,NAU_3,Filling,538,9,0.31284618377685547,0.8785765767097473,0.8358057141304016,0.1641942858695984,0.0,54
537,23,50-60,NAU_3,Filling,538,10,0.25457823276519775,0.9011918306350708,0.9530503749847412,0.04694962501525879,0.0,54
537,23,50-60,NAU_3,Filling,538,11,0.3700377345085144,0.8563790917396545,0.7362648844718933,0.2637351155281067,0.30000001192092896,54
537,23,50-60,NAU_3,Filling,538,12,0.3959035873413086,0.8463399410247803,0.6899246573448181,0.3100753426551819,0.800000011920929,54
537,23,50-60,NAU_3,Filling,538,13,0.3555617928504944,0.8619976043701172,0.7618732452392578,0.2381267547607422,0.0,54
537,23,50-60,NAU_3,Filling,538,14,0.2977522909641266,0.8844349384307861,0.845525324344635,0.154474675655365,0.0,54
537,23,50-60,NAU_3,Filling,538,15,0.2894796133041382,0.8876457214355469,0.6922910809516907,0.3077089190483093,0.19804878532886505,54
537,23,50-60,NAU_3,Filling,538,16,0.36683011054992676,0.8576240539550781,0.758252739906311,0.24174726009368896,0.4691833555698395,54
537,23,50-60,NAU_3,Filling,538,17,0.3049927055835724,0.881624698638916,0.8787847757339478,0.12121522426605225,0.0,54
537,23,50-60,NAU_3,Filling,538,18,0.363105833530426,0.8590695261955261,0.839710533618927,0.160289466381073,0.0,54
537,23,50-60,NAU_3,Filling,538,19,0.3495137691497803,0.8643449544906616,0.7618653178215027,0.23813468217849731,0.0,54
537,23,50-60,NAU_3,Filling,538,20,0.312249094247818,0.878808319568634,0.8324345350265503,0.1675654649734497,0.0,54
537,23,50-60,NAU_3,Filling,538,21,0.3728485703468323,0.8552881479263306,0.8456040024757385,0.15439599752426147,0.0,54
537,23,50-60,NAU_3,Filling,538,22,0.3228670358657837,0.8746871948242188,0.8690576553344727,0.13094234466552734,0.0,54
537,23,50-60,NAU_3,Filling,538,23,0.30037254095077515,0.8834179043769836,0.8567570447921753,0.1432429552078247,0.0,54
537,23,50-60,NAU_3,Filling,538,24,0.31604820489883423,0.8773337602615356,0.8923937678337097,0.10760623216629028,0.0,54
537,23,50-60,NAU_3,Filling,538,25,0.2941960096359253,0.8858151435852051,0.9493420720100403,0.05065792798995972,0.6802753806114197,54
537,23,50-60,NAU_3,Filling,538,26,0.32306572794914246,0.8746100664138794,0.594801664352417,0.405198335647583,0.4572426676750183,54
537,23,50-60,NAU_3,Filling,538,27,0.3805580139160156,0.8522959351539612,0.7128190994262695,0.28718090057373047,1.3753563165664673,54
537,23,50-60,NAU_3,Filling,538,28,0.36678239703178406,0.8576425909996033,0.7870573997497559,0.21294260025024414,0.26048025488853455,54
537,23,50-60,NAU_3,Filling,538,29,0.3196294903755188,0.8759437799453735,0.8829805850982666,0.1170194149017334,0.0731399729847908,54
537,23,50-60,NAU_3,Filling,538,30,0.2731136977672577,0.8939977288246155,0.9174473285675049,0.08255267143249512,0.0,54
537,23,50-60,NAU_3,Filling,538,31,0.31294429302215576,0.8785384893417358,0.7329884171485901,0.2670115828514099,0.0,54
537,23,50-60,NAU_3,Filling,538,32,0.36623531579971313,0.8578549027442932,0.7214282751083374,0.2785717248916626,0.0,54
537,23,50-60,NAU_3,Filling,538,33,0.28354907035827637,0.8899475336074829,0.9515393376350403,0.04846066236495972,0.0,54
537,23,50-60,NAU_3,Filling,538,34,0.23857952654361725,0.9074013233184814,0.950880229473114,0.049119770526885986,0.0,54
537,23,50-60,NAU_3,Filling,538,35,0.3479469120502472,0.8649531006813049,0.8842624425888062,0.11573755741119385,0.0,54
537,23,50-60,NAU_3,Filling,538,36,0.3102491796016693,0.879584550857544,0.9363884925842285,0.06361150741577148,0.02663622610270977,54
537,23,50-60,NAU_3,Filling,538,37,0.35053110122680664,0.8639501333236694,0.848098874092102,0.15190112590789795,0.040816325694322586,54
537,23,50-60,NAU_3,Filling,538,38,0.3067460060119629,0.8809441924095154,0.8781952857971191,0.12180471420288086,0.0,54
537,23,50-60,NAU_3,Filling,538,39,0.3115595579147339,0.8790759444236755,0.9059829115867615,0.09401708841323853,0.0,54
537,23,50-60,NAU_3,Filling,538,40,0.3558909296989441,0.8618698120117188,0.5237746238708496,0.4762253761291504,0.0,54
537,23,50-60,NAU_3,Filling,538,41,0.3128730058670044,0.8785661458969116,0.9342901706695557,0.06570982933044434,0.0024531667586416006,54
537,23,50-60,NAU_3,Filling,538,42,0.28965193033218384,0.8875788450241089,0.9381047487258911,0.06189525127410889,0.0,54
537,23,50-60,NAU_3,Filling,538,43,0.2822202742099762,0.8904632329940796,0.7978662252426147,0.20213377475738525,0.0026803119108080864,54
537,23,50-60,NAU_3,Filling,538,44,0.34361180663108826,0.8666356801986694,0.7704954743385315,0.2295045256614685,0.0,54
537,23,50-60,NAU_3,Filling,538,45,0.2826637029647827,0.890291154384613,0.8674523830413818,0.13254761695861816,0.0,54
537,23,50-60,NAU_3,Filling,538,46,0.321316659450531,0.8752889633178711,0.7524317502975464,0.2475682497024536,0.0,54
537,23,50-60,NAU_3,Filling,538,47,0.2924308776855469,0.8865002393722534,0.9058330059051514,0.09416699409484863,0.0,54
537,23,50-60,NAU_3,Filling,538,48,0.30216851830482483,0.8827208280563354,0.8693413734436035,0.13065862655639648,0.0,54
537,23,50-60,NAU_3,Filling,538,49,0.37993910908699036,0.852536141872406,0.8059965372085571,0.19400346279144287,0.0,54
651,90,10-20,KSU_4,Ripening,652,0,0.3756645917892456,0.8541951775550842,0.5569154024124146,0.44308459758758545,0.0,55
651,90,10-20,KSU_4,Ripening,652,1,0.4257778525352478,0.8347449898719788,0.5910711288452148,0.40892887115478516,0.0,55
651,90,10-20,KSU_4,Ripening,652,2,0.44192808866500854,0.8284766674041748,0.33058127760887146,0.6694187223911285,0.0,55
651,90,10-20,KSU_4,Ripening,652,3,0.415137380361557,0.8388748168945312,0.6963256001472473,0.3036743998527527,0.0,55
651,90,10-20,KSU_4,Ripening,652,4,0.4144571125507355,0.8391388654708862,0.5830699801445007,0.41693001985549927,0.0,55
651,90,10-20,KSU_4,Ripening,652,5,0.4630887508392334,0.820263683795929,0.39603757858276367,0.6039624214172363,0.0,55
651,90,10-20,KSU_4,Ripening,652,6,0.4122859835624695,0.8399814963340759,0.6101183891296387,0.38988161087036133,0.0,55
651,90,10-20,KSU_4,Ripening,652,7,0.5011672973632812,0.805484414100647,0.5402736663818359,0.45972633361816406,0.0,55
651,90,10-20,KSU_4,Ripening,652,8,0.35869312286376953,0.860782265663147,0.487843781709671,0.512156218290329,0.0,55
651,90,10-20,KSU_4,Ripening,652,9,0.4136238992214203,0.8394622206687927,0.40475261211395264,0.5952473878860474,0.0,55
651,90,10-20,KSU_4,Ripening,652,10,0.4020833969116211,0.8439413905143738,0.692665696144104,0.307334303855896,0.0,55
651,90,10-20,KSU_4,Ripening,652,11,0.4093592166900635,0.8411174416542053,0.5118201971054077,0.4881798028945923,0.0,55
651,90,10-20,KSU_4,Ripening,652,12,0.3762153685092926,0.8539814352989197,0.05347505211830139,0.9465249478816986,0.0,55
651,90,10-20,KSU_4,Ripening,652,13,0.34456363320350647,0.8662662506103516,0.20872890949249268,0.7912710905075073,0.0,55
651,90,10-20,KSU_4,Ripening,652,14,0.4057896137237549,0.8425028920173645,0.5779740214347839,0.42202597856521606,0.0,55
651,90,10-20,KSU_4,Ripening,652,15,0.39643263816833496,0.846134603023529,0.8672781586647034,0.13272184133529663,0.0,55
762,26,60-70,CIMMYT_1,Post-Flowering,763,0,0.4629596471786499,0.8203138113021851,0.7157805562019348,0.2842194437980652,0.0,56
762,26,60-70,CIMMYT_1,Post-Flowering,763,1,0.4325751066207886,0.8321067690849304,0.5900964736938477,0.40990352630615234,0.06542699784040451,56
762,26,60-70,CIMMYT_1,Post-Flowering,763,2,0.30851519107818604,0.8802575469017029,0.7992355823516846,0.20076441764831543,0.2588770091533661,56
762,26,60-70,CIMMYT_1,Post-Flowering,763,3,0.37949055433273315,0.8527102470397949,0.6981080770492554,0.30189192295074463,0.24809861183166504,56
762,26,60-70,CIMMYT_1,Post-Flowering,763,4,0.33902400732040405,0.8684163093566895,0.8425257205963135,0.15747427940368652,0.6694214940071106,56
762,26,60-70,CIMMYT_1,Post-Flowering,763,5,0.3213931918144226,0.875259280204773,0.5380172729492188,0.46198272705078125,0.19816622138023376,56
762,26,60-70,CIMMYT_1,Post-Flowering,763,6,0.33596116304397583,0.8696050643920898,0.8740413188934326,0.12595868110656738,0.4039011299610138,56
762,26,60-70,CIMMYT_1,Post-Flowering,763,7,0.3670004606246948,0.8575579524040222,0.789596676826477,0.21040332317352295,0.21271997690200806,56
762,26,60-70,CIMMYT_1,Post-Flowering,763,8,0.38197362422943115,0.8517464995384216,0.2957877814769745,0.7042122185230255,0.23805025219917297,56
762,26,60-70,CIMMYT_1,Post-Flowering,763,9,0.3293340802192688,0.872177243232727,0.7767082452774048,0.22329175472259521,0.16458278894424438,56
762,26,60-70,CIMMYT_1,Post-Flowering,763,10,0.3824322819709778,0.8515684604644775,0.6416093707084656,0.3583906292915344,0.3822815418243408,56
762,26,60-70,CIMMYT_1,Post-Flowering,763,11,0.46998369693756104,0.8175875544548035,0.5514175891876221,0.44858241081237793,0.004311774391680956,56
762,26,60-70,CIMMYT_1,Post-Flowering,763,12,0.4127548336982727,0.8397995233535767,0.8024181723594666,0.19758182764053345,0.1870608925819397,56
762,26,60-70,CIMMYT_1,Post-Flowering,763,13,0.4650409519672394,0.8195059895515442,0.4582003057003021,0.5417996942996979,0.08838383853435516,56
762,26,60-70,CIMMYT_1,Post-Flowering,763,14,0.4051678776741028,0.8427442312240601,0.0,1.0,0.4923076927661896,56
762,26,60-70,CIMMYT_1,Post-Flowering,763,15,0.4239177703857422,0.8354669213294983,0.4430491030216217,0.5569508969783783,0.7446808218955994,56
762,26,60-70,CIMMYT_1,Post-Flowering,763,16,0.4210510551929474,0.8365795612335205,0.2569541335105896,0.7430458664894104,0.18584656715393066,56
762,26,60-70,CIMMYT_1,Post-Flowering,763,17,0.4473375678062439,0.8263770937919617,0.7307317852973938,0.2692682147026062,0.47153618931770325,56
762,26,60-70,CIMMYT_1,Post-Flowering,763,18,0.4540024995803833,0.8237903118133545,0.4611815810203552,0.5388184189796448,0.1358024626970291,56
762,26,60-70,CIMMYT_1,Post-Flowering,763,19,0.3513942062854767,0.8636151552200317,0.8836001753807068,0.11639982461929321,0.693416178226471,56
762,26,60-70,CIMMYT_1,Post-Flowering,763,20,0.4331737160682678,0.831874430179596,0.4840429723262787,0.5159570276737213,0.35464799404144287,56
762,26,60-70,CIMMYT_1,Post-Flowering,763,21,0.3416450619697571,0.8673989772796631,0.6442075371742249,0.35579246282577515,0.055607475340366364,56
762,26,60-70,CIMMYT_1,Post-Flowering,763,22,0.3446049392223358,0.8662501573562622,0.6040534973144531,0.3959465026855469,0.0,56
762,26,60-70,CIMMYT_1,Post-Flowering,763,23,0.4300798773765564,0.833075225353241,0.8068938255310059,0.19310617446899414,0.028454691171646118,56
762,26,60-70,CIMMYT_1,Post-Flowering,763,24,0.38140588998794556,0.8519668579101562,0.8704193234443665,0.12958067655563354,0.0,56
762,26,60-70,CIMMYT_1,Post-Flowering,763,25,0.41202330589294434,0.8400834798812866,0.5795921087265015,0.42040789127349854,0.029126213863492012,56
762,26,60-70,CIMMYT_1,Post-Flowering,763,26,0.3732578754425049,0.8551293015480042,0.5897457003593445,0.4102542996406555,0.02678571455180645,56
762,26,60-70,CIMMYT_1,Post-Flowering,763,27,0.43506336212158203,0.8311409950256348,0.7524842023849487,0.24751579761505127,3.980416295235045e-05,56
762,26,60-70,CIMMYT_1,Post-Flowering,763,28,0.3663530945777893,0.8578091859817505,0.730639636516571,0.26936036348342896,0.0,56
762,26,60-70,CIMMYT_1,Post-Flowering,763,29,0.41220414638519287,0.8400132656097412,0.509618878364563,0.490381121635437,0.0,56
762,26,60-70,CIMMYT_1,Post-Flowering,763,30,0.41714948415756226,0.8380938768386841,0.5630475878715515,0.4369524121284485,0.0,56
762,26,60-70,CIMMYT_1,Post-Flowering,763,31,0.37700843811035156,0.8536735773086548,0.7403028011322021,0.25969719886779785,0.0,56
762,26,60-70,CIMMYT_1,Post-Flowering,763,32,0.4333396852016449,0.8318099975585938,0.7350487112998962,0.26495128870010376,0.12677966058254242,56
762,26,60-70,CIMMYT_1,Post-Flowering,763,33,0.3575100898742676,0.8612414002418518,0.7486888766288757,0.25131112337112427,0.0,56
762,26,60-70,CIMMYT_1,Post-Flowering,763,34,0.34367382526397705,0.8666115999221802,0.7747018337249756,0.22529816627502441,0.0,56
762,26,60-70,CIMMYT_1,Post-Flowering,763,35,0.3662835955619812,0.8578361868858337,0.6034020185470581,0.3965979814529419,0.0,56
762,26,60-70,CIMMYT_1,Post-Flowering,763,36,0.3717895448207855,0.8556991815567017,0.8594772219657898,0.1405227780342102,0.1938326060771942,56
762,26,60-70,CIMMYT_1,Post-Flowering,763,37,0.39660289883613586,0.8460685014724731,0.8503028154373169,0.1496971845626831,0.8439041972160339,56
762,26,60-70,CIMMYT_1,Post-Flowering,763,38,0.4780322015285492,0.81446373462677,0.6850287914276123,0.3149712085723877,0.8364512324333191,56
762,26,60-70,CIMMYT_1,Post-Flowering,763,39,0.3088937997817993,0.8801106214523315,0.9009445309638977,0.0990554690361023,0.06476190686225891,56
762,26,60-70,CIMMYT_1,Post-Flowering,763,40,0.3908710479736328,0.8482931852340698,0.5289724469184875,0.47102755308151245,0.0,56
762,26,60-70,CIMMYT_1,Post-Flowering,763,41,0.43841904401779175,0.8298386335372925,0.30240488052368164,0.6975951194763184,0.3274853825569153,56
762,26,60-70,CIMMYT_1,Post-Flowering,763,42,0.34458521008491516,0.866257905960083,0.3505300283432007,0.6494699716567993,0.10636277496814728,56
762,26,60-70,CIMMYT_1,Post-Flowering,763,43,0.4117339253425598,0.8401957750320435,0.5736308097839355,0.42636919021606445,0.024442845955491066,56
762,26,60-70,CIMMYT_1,Post-Flowering,763,44,0.4442114233970642,0.8275904655456543,0.385793536901474,0.614206463098526,0.0,56
762,26,60-70,CIMMYT_1,Post-Flowering,763,45,0.4437372386455536,0.8277744650840759,0.7031521201133728,0.2968478798866272,0.745090663433075,56
762,26,60-70,CIMMYT_1,Post-Flowering,763,46,0.4263218641281128,0.8345338106155396,0.052155714482069016,0.947844285517931,0.6810910701751709,56
762,26,60-70,CIMMYT_1,Post-Flowering,763,47,0.4047301411628723,0.8429141044616699,0.6082819700241089,0.3917180299758911,0.0,56
762,26,60-70,CIMMYT_1,Post-Flowering,763,48,0.4238364100456238,0.8354985117912292,0.367316871881485,0.632683128118515,0.01953125,56
762,26,60-70,CIMMYT_1,Post-Flowering,763,49,0.3697003126144409,0.8565100431442261,0.06353416293859482,0.9364658370614052,0.25,56
762,26,60-70,CIMMYT_1,Post-Flowering,763,50,0.45930424332618713,0.8217325210571289,0.018521035090088844,0.9814789649099112,0.16980287432670593,56
762,26,60-70,CIMMYT_1,Post-Flowering,763,51,0.43494948744773865,0.8311852216720581,0.7059492468833923,0.29405075311660767,0.5417948961257935,56
762,26,60-70,CIMMYT_1,Post-Flowering,763,52,0.4007025361061096,0.8444772958755493,0.7090148329734802,0.2909851670265198,0.2321428507566452,56
762,26,60-70,CIMMYT_1,Post-Flowering,763,53,0.4465622305870056,0.8266780376434326,0.746735692024231,0.25326430797576904,0.012592592276632786,56
762,26,60-70,CIMMYT_1,Post-Flowering,763,54,0.3562456965446472,0.8617321252822876,0.6456119418144226,0.3543880581855774,0.0,56
762,26,60-70,CIMMYT_1,Post-Flowering,763,55,0.47612690925598145,0.8152032494544983,0.380083829164505,0.619916170835495,0.0,56
762,26,60-70,CIMMYT_1,Post-Flowering,763,56,0.3753874599933624,0.8543027639389038,0.536419689655304,0.46358031034469604,0.8391608595848083,56
762,26,60-70,CIMMYT_1,Post-Flowering,763,57,0.4707198739051819,0.817301869392395,0.24409174919128418,0.7559082508087158,0.6285452246665955,56
762,26,60-70,CIMMYT_1,Post-Flowering,763,58,0.4518793523311615,0.8246142864227295,0.3993057310581207,0.6006942689418793,0.013655462302267551,56
762,26,60-70,CIMMYT_1,Post-Flowering,763,59,0.43940645456314087,0.8294553756713867,0.7453881502151489,0.2546118497848511,0.06666667014360428,56
762,26,60-70,CIMMYT_1,Post-Flowering,763,60,0.48651593923568726,0.8111709952354431,0.7951154708862305,0.20488452911376953,0.6326530575752258,56
762,26,60-70,CIMMYT_1,Post-Flowering,763,61,0.45690762996673584,0.8226627111434937,0.4189029335975647,0.5810970664024353,0.09859155118465424,56
762,26,60-70,CIMMYT_1,Post-Flowering,763,62,0.4746782183647156,0.8157655000686646,0.19052158296108246,0.8094784170389175,0.8085470199584961,56
762,26,60-70,CIMMYT_1,Post-Flowering,763,63,0.4139319956302643,0.8393426537513733,0.7447699308395386,0.2552300691604614,0.00042229730752296746,56
762,26,60-70,CIMMYT_1,Post-Flowering,763,64,0.4561558961868286,0.8229544758796692,0.11337468773126602,0.886625312268734,0.1860465109348297,56
762,26,60-70,CIMMYT_1,Post-Flowering,763,65,0.39220094680786133,0.8477770090103149,0.0478811077773571,0.9521188922226429,0.0,56
762,26,60-70,CIMMYT_1,Post-Flowering,763,66,0.4381566345691681,0.8299404382705688,0.44398263096809387,0.5560173690319061,0.0,56
1175,62,70-80,NAU_3,Filling,1176,0,0.27240651845932007,0.8942722082138062,0.9161010384559631,0.08389896154403687,0.0,57
1175,62,70-80,NAU_3,Filling,1176,1,0.36466553807258606,0.8584641814231873,0.7625458836555481,0.2374541163444519,0.07236842066049576,57
1175,62,70-80,NAU_3,Filling,1176,2,0.3100927174091339,0.8796452879905701,0.9010652899742126,0.09893471002578735,0.0334782600402832,57
1175,62,70-80,NAU_3,Filling,1176,3,0.35298264026641846,0.8629986047744751,0.8726921081542969,0.12730789184570312,0.0,57
1175,62,70-80,NAU_3,Filling,1176,4,0.3848646879196167,0.8506243824958801,0.7384424209594727,0.26155757904052734,0.05747126415371895,57
1175,62,70-80,NAU_3,Filling,1176,5,0.3640388548374176,0.8587074279785156,0.857762336730957,0.14223766326904297,0.030395137146115303,57
1175,62,70-80,NAU_3,Filling,1176,6,0.34183523058891296,0.8673251867294312,0.7946163415908813,0.20538365840911865,0.7284688949584961,57
1175,62,70-80,NAU_3,Filling,1176,7,0.2891441285610199,0.8877758979797363,0.9179028868675232,0.0820971131324768,0.223240464925766,57
1175,62,70-80,NAU_3,Filling,1176,8,0.3297465145587921,0.8720171451568604,0.8671053647994995,0.1328946352005005,0.28716060519218445,57
1175,62,70-80,NAU_3,Filling,1176,9,0.3374772369861603,0.8690166473388672,0.8147463202476501,0.18525367975234985,0.2063492089509964,57
1175,62,70-80,NAU_3,Filling,1176,10,0.30377301573753357,0.8820980787277222,0.9468184113502502,0.053181588649749756,0.12458287179470062,57
1175,62,70-80,NAU_3,Filling,1176,11,0.361285924911499,0.8597759008407593,0.6695346236228943,0.3304653763771057,0.06651885062456131,57
1175,62,70-80,NAU_3,Filling,1176,12,0.3668075203895569,0.8576328158378601,0.700163722038269,0.29983627796173096,0.33673468232154846,57
1175,62,70-80,NAU_3,Filling,1176,13,0.29697367548942566,0.8847370743751526,0.9480171799659729,0.0519828200340271,0.0,57
1175,62,70-80,NAU_3,Filling,1176,14,0.3235229253768921,0.8744326829910278,0.9186834096908569,0.08131659030914307,0.0,57
1175,62,70-80,NAU_3,Filling,1176,15,0.3294242024421692,0.8721421957015991,0.9343223571777344,0.06567764282226562,0.0,57
1175,62,70-80,NAU_3,Filling,1176,16,0.3314151167869568,0.871369481086731,0.8808146119117737,0.11918538808822632,0.13156552612781525,57
1175,62,70-80,NAU_3,Filling,1176,17,0.29948002099990845,0.8837643265724182,0.9078366756439209,0.0921633243560791,0.049425289034843445,57
1175,62,70-80,NAU_3,Filling,1176,18,0.28073248267173767,0.8910406827926636,0.9475858807563782,0.052414119243621826,0.0,57
1175,62,70-80,NAU_3,Filling,1176,19,0.3665473461151123,0.8577338457107544,0.7148929238319397,0.2851070761680603,0.029304029420018196,57
1175,62,70-80,NAU_3,Filling,1176,20,0.3587438762187958,0.8607625365257263,0.7859746813774109,0.2140253186225891,0.029767442494630814,57
1175,62,70-80,NAU_3,Filling,1176,21,0.34004488587379456,0.8680200576782227,0.8227461576461792,0.1772538423538208,0.0,57
1175,62,70-80,NAU_3,Filling,1176,22,0.2789763808250427,0.8917223215103149,0.9380150437355042,0.06198495626449585,0.0,57
1175,62,70-80,NAU_3,Filling,1176,23,0.33649566769599915,0.8693976402282715,0.893705427646637,0.10629457235336304,0.0,57
1175,62,70-80,NAU_3,Filling,1176,24,0.3264444172382355,0.8732987642288208,0.9124927520751953,0.08750724792480469,0.0036789297591894865,57
1175,62,70-80,NAU_3,Filling,1176,25,0.34141838550567627,0.8674869537353516,0.873497724533081,0.12650227546691895,0.004435483831912279,57
1175,62,70-80,NAU_3,Filling,1176,26,0.3111526370048523,0.8792338967323303,0.8619282841682434,0.1380717158317566,0.75,57
1175,62,70-80,NAU_3,Filling,1176,27,0.2676232159137726,0.89612877368927,0.9659752249717712,0.03402477502822876,0.14444445073604584,57
1175,62,70-80,NAU_3,Filling,1176,28,0.3053571283817291,0.8814833164215088,0.9261757731437683,0.07382422685623169,0.008345752954483032,57
1175,62,70-80,NAU_3,Filling,1176,29,0.32327547669410706,0.874528706073761,0.8712238669395447,0.12877613306045532,0.13228757679462433,57
1175,62,70-80,NAU_3,Filling,1176,30,0.33144819736480713,0.8713566660881042,0.8238326907157898,0.1761673092842102,0.3035714328289032,57
1175,62,70-80,NAU_3,Filling,1176,31,0.36571598052978516,0.8580564856529236,0.7784445881843567,0.2215554118156433,0.14263565838336945,57
1175,62,70-80,NAU_3,Filling,1176,32,0.3095545768737793,0.879854142665863,0.9142815470695496,0.08571845293045044,0.0,57
1175,62,70-80,NAU_3,Filling,1176,33,0.3047122061252594,0.8817335963249207,0.850723922252655,0.14927607774734497,0.10047847032546997,57
1175,62,70-80,NAU_3,Filling,1176,34,0.3413091003894806,0.8675293922424316,0.8294966816902161,0.17050331830978394,0.3333333432674408,57
1175,62,70-80,NAU_3,Filling,1176,35,0.34219199419021606,0.8671867251396179,0.6936361193656921,0.30636388063430786,0.0,57
1175,62,70-80,NAU_3,Filling,1176,36,0.3599068522453308,0.8603111505508423,0.6590794920921326,0.34092050790786743,0.0,57
1175,62,70-80,NAU_3,Filling,1176,37,0.33548736572265625,0.8697890043258667,0.796318531036377,0.20368146896362305,0.020351527258753777,57
1175,62,70-80,NAU_3,Filling,1176,38,0.29717564582824707,0.884658694267273,0.8705022931098938,0.1294977068901062,0.011178861372172832,57
1175,62,70-80,NAU_3,Filling,1176,39,0.36735019087791443,0.8574221730232239,0.6793861389160156,0.3206138610839844,0.0,57
1175,62,70-80,NAU_3,Filling,1176,40,0.3400067090988159,0.8680348992347717,0.7848569750785828,0.21514302492141724,0.0,57
1175,62,70-80,NAU_3,Filling,1176,41,0.3104402422904968,0.8795104026794434,0.8837000131607056,0.11629998683929443,0.07487237453460693,57
1175,62,70-80,NAU_3,Filling,1176,42,0.35305362939834595,0.8629710674285889,0.901084840297699,0.09891515970230103,0.0615384615957737,57
1175,62,70-80,NAU_3,Filling,1176,43,0.3041350841522217,0.8819575309753418,0.8605411648750305,0.13945883512496948,0.0,57
1175,62,70-80,NAU_3,Filling,1176,44,0.3344663977622986,0.8701852560043335,0.8093693852424622,0.19063061475753784,0.0,57
1175,62,70-80,NAU_3,Filling,1176,45,0.2756751775741577,0.8930035829544067,0.868172824382782,0.13182717561721802,0.0,57
1175,62,70-80,NAU_3,Filling,1176,46,0.3492221236228943,0.8644582033157349,0.8591389060020447,0.14086109399795532,0.30882352590560913,57
1175,62,70-80,NAU_3,Filling,1176,47,0.33638796210289,0.869439423084259,0.898834228515625,0.101165771484375,0.2843326926231384,57
1175,62,70-80,NAU_3,Filling,1176,48,0.3096594214439392,0.8798134326934814,0.915816605091095,0.08418339490890503,0.0,57
1175,62,70-80,NAU_3,Filling,1176,49,0.27522948384284973,0.8931765556335449,0.9380056858062744,0.061994314193725586,0.0,57
1175,62,70-80,NAU_3,Filling,1176,50,0.37012553215026855,0.8563450574874878,0.7648572325706482,0.2351427674293518,0.46467816829681396,57
1175,62,70-80,NAU_3,Filling,1176,51,0.3545425832271576,0.8623931407928467,0.8291246294975281,0.17087537050247192,0.0760028138756752,57
1175,62,70-80,NAU_3,Filling,1176,52,0.3126099705696106,0.8786682486534119,0.8607474565505981,0.13925254344940186,0.23991228640079498,57
1175,62,70-80,NAU_3,Filling,1176,53,0.3512953519821167,0.8636534810066223,0.8769697546958923,0.12303024530410767,0.15958333015441895,57
1175,62,70-80,NAU_3,Filling,1176,54,0.3008963465690613,0.8832145929336548,0.935244619846344,0.064755380153656,0.0,57
1175,62,70-80,NAU_3,Filling,1176,55,0.3360446095466614,0.8695726990699768,0.8755584955215454,0.12444150447845459,0.0,57
1175,62,70-80,NAU_3,Filling,1176,56,0.28875839710235596,0.8879256248474121,0.9267049431800842,0.07329505681991577,0.0016603415133431554,57
1175,62,70-80,NAU_3,Filling,1176,57,0.23667460680007935,0.9081406593322754,0.9337725639343262,0.06622743606567383,0.0009143155766651034,57
1175,62,70-80,NAU_3,Filling,1176,58,0.32649388909339905,0.8732795715332031,0.8443772196769714,0.15562278032302856,0.0,57
1175,62,70-80,NAU_3,Filling,1176,59,0.273612380027771,0.8938041925430298,0.8973759412765503,0.10262405872344971,0.0,57
1175,62,70-80,NAU_3,Filling,1176,60,0.3594406247138977,0.8604921102523804,0.7580812573432922,0.24191874265670776,0.0,57
1175,62,70-80,NAU_3,Filling,1176,61,0.3681567907333374,0.8571091294288635,0.5880974531173706,0.4119025468826294,0.07547169923782349,57
1175,62,70-80,NAU_3,Filling,1176,62,0.33356964588165283,0.870533287525177,0.8421221375465393,0.1578778624534607,0.0,57
1175,62,70-80,NAU_3,Filling,1176,63,0.28695473074913025,0.8886256814002991,0.8857781887054443,0.11422181129455566,0.09302325546741486,57
1175,62,70-80,NAU_3,Filling,1176,64,0.34693366289138794,0.865346372127533,0.705132007598877,0.29486799240112305,0.0,57
1175,62,70-80,NAU_3,Filling,1176,65,0.39858224987983704,0.8453002572059631,0.5831905007362366,0.4168094992637634,0.0,57
1175,62,70-80,NAU_3,Filling,1176,66,0.3335438072681427,0.870543360710144,0.7516376376152039,0.24836236238479614,0.0,57
1175,62,70-80,NAU_3,Filling,1176,67,0.30963703989982605,0.8798221349716187,0.8768772482872009,0.12312275171279907,0.0,57
1175,62,70-80,NAU_3,Filling,1176,68,0.3463491201400757,0.8655732870101929,0.0,1.0,0.0,57
1175,62,70-80,NAU_3,Filling,1176,69,0.38087648153305054,0.852172315120697,0.8779491186141968,0.12205088138580322,0.0,57
1175,62,70-80,NAU_3,Filling,1176,70,0.34149250388145447,0.8674582242965698,0.7237850427627563,0.27621495723724365,0.09401709586381912,57
1175,62,70-80,NAU_3,Filling,1176,71,0.4434472322463989,0.8278870582580566,0.8126324415206909,0.18736755847930908,0.054054055362939835,57
1175,62,70-80,NAU_3,Filling,1176,72,0.36836859583854675,0.8570269346237183,0.46870335936546326,0.5312966406345367,0.0,57
1175,62,70-80,NAU_3,Filling,1176,73,0.43962275981903076,0.829371452331543,0.4065893590450287,0.5934106409549713,0.0,57
1223,29,>100,UQ_10,Filling-Ripening,1224,0,0.4833429753780365,0.8124024868011475,0.0,1.0,0.0,58
1223,29,>100,UQ_10,Filling-Ripening,1224,1,0.3730761408805847,0.8551998138427734,0.6458959579467773,0.35410404205322266,0.0,58
1223,29,>100,UQ_10,Filling-Ripening,1224,2,0.35343679785728455,0.8628222942352295,0.5282362699508667,0.4717637300491333,0.0,58
1223,29,>100,UQ_10,Filling-Ripening,1224,3,0.4299611449241638,0.8331212997436523,0.4724973440170288,0.5275026559829712,0.0,58
1223,29,>100,UQ_10,Filling-Ripening,1224,4,0.47655171155929565,0.8150383830070496,0.4286290407180786,0.5713709592819214,0.0,58
1223,29,>100,UQ_10,Filling-Ripening,1224,5,0.3622599244117737,0.8593978881835938,0.7189196348190308,0.28108036518096924,0.05814676731824875,58
1223,29,>100,UQ_10,Filling-Ripening,1224,6,0.37207096815109253,0.8555899858474731,0.7076581716537476,0.29234182834625244,0.0,58
1223,29,>100,UQ_10,Filling-Ripening,1224,7,0.40483957529067993,0.8428716659545898,0.6517234444618225,0.3482765555381775,0.0,58
1223,29,>100,UQ_10,Filling-Ripening,1224,8,0.38512757420539856,0.8505223989486694,0.6955940127372742,0.30440598726272583,0.0,58
1223,29,>100,UQ_10,Filling-Ripening,1224,9,0.36493176221847534,0.8583608865737915,0.6786240339279175,0.3213759660720825,0.0,58
1223,29,>100,UQ_10,Filling-Ripening,1224,10,0.3600269556045532,0.8602645397186279,0.6457241773605347,0.35427582263946533,0.12643678486347198,58
1223,29,>100,UQ_10,Filling-Ripening,1224,11,0.36701035499572754,0.8575540781021118,0.5996918678283691,0.40030813217163086,0.23076923191547394,58
1223,29,>100,UQ_10,Filling-Ripening,1224,12,0.346529096364975,0.8655033707618713,0.7159289717674255,0.28407102823257446,0.06993308663368225,58
1223,29,>100,UQ_10,Filling-Ripening,1224,13,0.4810861349105835,0.8132784366607666,0.2208368182182312,0.7791631817817688,0.0,58
1223,29,>100,UQ_10,Filling-Ripening,1224,14,0.504683792591095,0.8041195869445801,0.047004181891679764,0.9529958181083202,0.0,58
1223,29,>100,UQ_10,Filling-Ripening,1224,15,0.42178162932395935,0.8362959623336792,0.7424044609069824,0.2575955390930176,0.3636738955974579,58
1223,29,>100,UQ_10,Filling-Ripening,1224,16,0.5924309492111206,0.7700627446174622,0.1356264352798462,0.8643735647201538,0.18518517911434174,58
1223,29,>100,UQ_10,Filling-Ripening,1224,17,0.3830947279930115,0.8513113260269165,0.6858481168746948,0.3141518831253052,0.49571603536605835,58
1223,29,>100,UQ_10,Filling-Ripening,1224,18,0.4009321331977844,0.8443882465362549,0.6672012209892273,0.3327987790107727,0.0,58
1223,29,>100,UQ_10,Filling-Ripening,1224,19,0.37008804082870483,0.856359601020813,0.6499507427215576,0.3500492572784424,0.3238636255264282,58
1223,29,>100,UQ_10,Filling-Ripening,1224,20,0.4448002576828003,0.8273618817329407,0.7167097330093384,0.2832902669906616,0.0,58
1223,29,>100,UQ_10,Filling-Ripening,1224,21,0.4089200496673584,0.8412879109382629,0.7177002429962158,0.2822997570037842,0.0,58
1223,29,>100,UQ_10,Filling-Ripening,1224,22,0.3273680806159973,0.8729403018951416,0.7173744440078735,0.28262555599212646,0.34375,58
1223,29,>100,UQ_10,Filling-Ripening,1224,23,0.3967594504356384,0.8460077047348022,0.6485792398452759,0.3514207601547241,0.0,58
1223,29,>100,UQ_10,Filling-Ripening,1224,24,0.3819248080253601,0.8517654538154602,0.7924560904502869,0.20754390954971313,0.0,58
1223,29,>100,UQ_10,Filling-Ripening,1224,25,0.42184239625930786,0.8362724184989929,0.7102094292640686,0.2897905707359314,0.4243420958518982,58
1223,29,>100,UQ_10,Filling-Ripening,1224,26,0.48566076159477234,0.8115029335021973,0.6443831920623779,0.35561680793762207,0.0,58
1223,29,>100,UQ_10,Filling-Ripening,1224,27,0.4354195296764374,0.8310027718544006,0.5778417587280273,0.42215824127197266,0.0,58
1223,29,>100,UQ_10,Filling-Ripening,1224,28,0.2794003486633301,0.8915577530860901,0.7942061424255371,0.2057938575744629,0.0,58
1223,29,>100,UQ_10,Filling-Ripening,1224,29,0.33455076813697815,0.870152473449707,0.839454174041748,0.16054582595825195,0.0,58
1223,29,>100,UQ_10,Filling-Ripening,1224,30,0.30524587631225586,0.8815264701843262,0.8061575889587402,0.19384241104125977,0.0,58
1223,29,>100,UQ_10,Filling-Ripening,1224,31,0.3201700747013092,0.8757339715957642,0.47739145159721375,0.5226085484027863,0.0,58
1223,29,>100,UQ_10,Filling-Ripening,1224,32,0.29135116934776306,0.8869193196296692,0.7154534459114075,0.28454655408859253,0.0,58
1223,29,>100,UQ_10,Filling-Ripening,1224,33,0.3370189666748047,0.869194507598877,0.8010671734809875,0.19893282651901245,0.0,58
1223,29,>100,UQ_10,Filling-Ripening,1224,34,0.3207879066467285,0.8754941821098328,0.637113630771637,0.36288636922836304,0.2382134050130844,58
1223,29,>100,UQ_10,Filling-Ripening,1224,35,0.2889655530452728,0.8878452181816101,0.8322872519493103,0.1677127480506897,0.0774068683385849,58
1223,29,>100,UQ_10,Filling-Ripening,1224,36,0.31891849637031555,0.8762197494506836,0.884926974773407,0.11507302522659302,0.04553734138607979,58
1223,29,>100,UQ_10,Filling-Ripening,1224,37,0.34805405139923096,0.8649115562438965,0.7306460738182068,0.2693539261817932,0.10958904027938843,58
1223,29,>100,UQ_10,Filling-Ripening,1224,38,0.3197287321090698,0.8759052753448486,0.850391685962677,0.149608314037323,0.09643606096506119,58
1223,29,>100,UQ_10,Filling-Ripening,1224,39,0.33168110251426697,0.87126624584198,0.8076438307762146,0.1923561692237854,0.0,58
1223,29,>100,UQ_10,Filling-Ripening,1224,40,0.375694215297699,0.8541836738586426,0.7118136882781982,0.28818631172180176,0.0,58
1223,29,>100,UQ_10,Filling-Ripening,1224,41,0.338652104139328,0.8685606718063354,0.8254185914993286,0.1745814085006714,0.0,58
1223,29,>100,UQ_10,Filling-Ripening,1224,42,0.36826568841934204,0.8570668697357178,0.7787073254585266,0.2212926745414734,0.023043477907776833,58
1223,29,>100,UQ_10,Filling-Ripening,1224,43,0.3518402576446533,0.8634420037269592,0.5212439894676208,0.47875601053237915,0.006180871743708849,58
1223,29,>100,UQ_10,Filling-Ripening,1224,44,0.29129964113235474,0.886939287185669,0.8281968832015991,0.17180311679840088,0.0,58
1223,29,>100,UQ_10,Filling-Ripening,1224,45,0.2637679874897003,0.8976250886917114,0.8198733329772949,0.18012666702270508,0.0,58
1223,29,>100,UQ_10,Filling-Ripening,1224,46,0.4196620583534241,0.8371186256408691,0.6290194392204285,0.37098056077957153,0.0,58
1223,29,>100,UQ_10,Filling-Ripening,1224,47,0.40201854705810547,0.843966543674469,0.5713956952095032,0.4286043047904968,0.06630630791187286,58
1223,29,>100,UQ_10,Filling-Ripening,1224,48,0.34927088022232056,0.8644392490386963,0.8463010191917419,0.15369898080825806,0.0,58
1223,29,>100,UQ_10,Filling-Ripening,1224,49,0.3876723647117615,0.8495346307754517,0.8211050629615784,0.17889493703842163,0.0,58
1223,29,>100,UQ_10,Filling-Ripening,1224,50,0.39579156041145325,0.8463833928108215,0.7901983261108398,0.20980167388916016,0.0,58
1223,29,>100,UQ_10,Filling-Ripening,1224,51,0.4428255259990692,0.8281283378601074,0.30828776955604553,0.6917122304439545,0.0,58
1223,29,>100,UQ_10,Filling-Ripening,1224,52,0.4406372308731079,0.8289777040481567,0.627822756767273,0.37217724323272705,0.0,58
1223,29,>100,UQ_10,Filling-Ripening,1224,53,0.44624394178390503,0.8268015384674072,0.4445388615131378,0.5554611384868622,0.0,58
1223,29,>100,UQ_10,Filling-Ripening,1224,54,0.45172733068466187,0.8246732950210571,0.8923720121383667,0.1076279878616333,1.3095238208770752,58
1223,29,>100,UQ_10,Filling-Ripening,1224,55,0.3836232125759125,0.8511062264442444,0.5051383972167969,0.4948616027832031,0.8716883063316345,58
1223,29,>100,UQ_10,Filling-Ripening,1224,56,0.3990796208381653,0.8451071977615356,0.6997531056404114,0.3002468943595886,0.4891146719455719,58
1223,29,>100,UQ_10,Filling-Ripening,1224,57,0.437791645526886,0.8300821185112,0.6321419477462769,0.36785805225372314,0.0545787550508976,58
1223,29,>100,UQ_10,Filling-Ripening,1224,58,0.4232034683227539,0.8357441425323486,0.5253579616546631,0.4746420383453369,0.0,58
1223,29,>100,UQ_10,Filling-Ripening,1224,59,0.3790469169616699,0.8528823852539062,0.7192658185958862,0.28073418140411377,0.0,58
1223,29,>100,UQ_10,Filling-Ripening,1224,60,0.43746262788772583,0.8302098512649536,0.4874582290649414,0.5125417709350586,0.5,58
1223,29,>100,UQ_10,Filling-Ripening,1224,61,0.41716235876083374,0.838088870048523,0.4097311198711395,0.5902688801288605,0.03265305981040001,58
1223,29,>100,UQ_10,Filling-Ripening,1224,62,0.3974502980709076,0.8457396030426025,0.46519574522972107,0.5348042547702789,0.1414574384689331,58
1223,29,>100,UQ_10,Filling-Ripening,1224,63,0.3914645314216614,0.8480628132820129,0.4814588725566864,0.5185411274433136,0.06722689419984818,58
1223,29,>100,UQ_10,Filling-Ripening,1224,64,0.3202779293060303,0.8756921291351318,0.8715369701385498,0.1284630298614502,0.0,58
1223,29,>100,UQ_10,Filling-Ripening,1224,65,0.4078872501850128,0.8416887521743774,0.8024762272834778,0.19752377271652222,0.0,58
1223,29,>100,UQ_10,Filling-Ripening,1224,66,0.42737865447998047,0.8341236710548401,0.08049993216991425,0.9195000678300858,0.8888888955116272,58
1223,29,>100,UQ_10,Filling-Ripening,1224,67,0.392822265625,0.8475358486175537,0.7652132511138916,0.2347867488861084,0.3612421452999115,58
1223,29,>100,UQ_10,Filling-Ripening,1224,68,0.3533710241317749,0.8628478646278381,0.740172803401947,0.259827196598053,0.01548821572214365,58
1223,29,>100,UQ_10,Filling-Ripening,1224,69,0.3095160722732544,0.8798691034317017,0.8551033139228821,0.14489668607711792,0.09754522144794464,58
1223,29,>100,UQ_10,Filling-Ripening,1224,70,0.3486096262931824,0.8646959066390991,0.7723907828330994,0.22760921716690063,0.0,58
1223,29,>100,UQ_10,Filling-Ripening,1224,71,0.35876426100730896,0.8607546091079712,0.4308999180793762,0.5691000819206238,0.0,58
1223,29,>100,UQ_10,Filling-Ripening,1224,72,0.4076179265975952,0.8417932987213135,0.7432499527931213,0.25675004720687866,0.22588522732257843,58
1223,29,>100,UQ_10,Filling-Ripening,1224,73,0.36794036626815796,0.857193112373352,0.8524866104125977,0.14751338958740234,0.11983009427785873,58
1223,29,>100,UQ_10,Filling-Ripening,1224,74,0.36699163913726807,0.8575613498687744,0.8282808065414429,0.17171919345855713,0.19671063125133514,58
1223,29,>100,UQ_10,Filling-Ripening,1224,75,0.38348498940467834,0.851159930229187,0.600673496723175,0.39932650327682495,0.21190230548381805,58
1223,29,>100,UQ_10,Filling-Ripening,1224,76,0.2979843020439148,0.8843448162078857,0.7137379050254822,0.2862620949745178,0.42048516869544983,58
1223,29,>100,UQ_10,Filling-Ripening,1224,77,0.38348156213760376,0.8511612415313721,0.8969529867172241,0.10304701328277588,0.36502164602279663,58
1223,29,>100,UQ_10,Filling-Ripening,1224,78,0.4508775770664215,0.8250031471252441,0.7255022525787354,0.27449774742126465,0.6958333253860474,58
1223,29,>100,UQ_10,Filling-Ripening,1224,79,0.42442750930786133,0.8352690935134888,0.6915493607521057,0.3084506392478943,0.09211822599172592,58
1223,29,>100,UQ_10,Filling-Ripening,1224,80,0.4006291627883911,0.844505786895752,0.14854024350643158,0.8514597564935684,1.023611068725586,58
1223,29,>100,UQ_10,Filling-Ripening,1224,81,0.3293021321296692,0.8721896409988403,0.6367184519767761,0.3632815480232239,0.2805280387401581,58
1223,29,>100,UQ_10,Filling-Ripening,1224,82,0.3525457978248596,0.8631681203842163,0.5737500786781311,0.4262499213218689,0.0,58
1223,29,>100,UQ_10,Filling-Ripening,1224,83,0.3523706793785095,0.863236129283905,0.5749744772911072,0.4250255227088928,0.0,58
1223,29,>100,UQ_10,Filling-Ripening,1224,84,0.31031665205955505,0.8795583248138428,0.7313365936279297,0.2686634063720703,0.0,58
1223,29,>100,UQ_10,Filling-Ripening,1224,85,0.36284318566322327,0.8591715097427368,0.5400650501251221,0.45993494987487793,0.0,58
1223,29,>100,UQ_10,Filling-Ripening,1224,86,0.47802865505218506,0.8144651055335999,0.7601749300956726,0.2398250699043274,0.6969696879386902,58
1223,29,>100,UQ_10,Filling-Ripening,1224,87,0.46803414821624756,0.818344235420227,0.5013046860694885,0.4986953139305115,0.3781074583530426,58
1223,29,>100,UQ_10,Filling-Ripening,1224,88,0.430241197347641,0.8330126404762268,0.5620843172073364,0.4379156827926636,0.5,58
1223,29,>100,UQ_10,Filling-Ripening,1224,89,0.4678383469581604,0.8184202313423157,0.3464692234992981,0.6535307765007019,0.1537828892469406,58
1223,29,>100,UQ_10,Filling-Ripening,1224,90,0.34746405482292175,0.8651404976844788,0.7250616550445557,0.27493834495544434,0.0,58
1223,29,>100,UQ_10,Filling-Ripening,1224,91,0.4089016318321228,0.841295063495636,0.8049405217170715,0.19505947828292847,0.0,58
1223,29,>100,UQ_10,Filling-Ripening,1224,92,0.4472127854824066,0.8264255523681641,0.6351050138473511,0.3648949861526489,0.14035087823867798,58
1223,29,>100,UQ_10,Filling-Ripening,1224,93,0.413191556930542,0.8396300077438354,0.6975324153900146,0.30246758460998535,0.0,58
1223,29,>100,UQ_10,Filling-Ripening,1224,94,0.3540842533111572,0.8625710606575012,0.4286121428012848,0.5713878571987152,0.0,58
1223,29,>100,UQ_10,Filling-Ripening,1224,95,0.30165934562683105,0.8829184770584106,0.8334662318229675,0.16653376817703247,0.0,58
1223,29,>100,UQ_10,Filling-Ripening,1224,96,0.3862898647785187,0.8500712513923645,0.9083994626998901,0.09160053730010986,0.0,58
1223,29,>100,UQ_10,Filling-Ripening,1224,97,0.470702588558197,0.8173085451126099,0.43195411562919617,0.5680458843708038,0.0,58
1223,29,>100,UQ_10,Filling-Ripening,1224,98,0.3626706898212433,0.8592384457588196,0.8307166695594788,0.16928333044052124,0.0,58
1223,29,>100,UQ_10,Filling-Ripening,1224,99,0.4328266978263855,0.8320091366767883,0.7396655082702637,0.26033449172973633,0.14356087148189545,58
1223,29,>100,UQ_10,Filling-Ripening,1224,100,0.4040674567222595,0.8431712985038757,0.6517565250396729,0.34824347496032715,0.20118343830108643,58
1223,29,>100,UQ_10,Filling-Ripening,1224,101,0.42452627420425415,0.8352307081222534,0.0,1.0,0.0,58
1223,29,>100,UQ_10,Filling-Ripening,1224,102,0.3655427098274231,0.8581237196922302,0.6481924057006836,0.3518075942993164,0.0,58
1223,29,>100,UQ_10,Filling-Ripening,1224,103,0.36606359481811523,0.8579216003417969,0.0,1.0,0.0,58
1223,29,>100,UQ_10,Filling-Ripening,1224,104,0.2865101993083954,0.8887982368469238,0.820184588432312,0.179815411567688,0.0,58
1223,29,>100,UQ_10,Filling-Ripening,1224,105,0.4595385491847992,0.8216415643692017,0.6476457118988037,0.3523542881011963,0.005409060046076775,58
1223,29,>100,UQ_10,Filling-Ripening,1224,106,0.39798682928085327,0.8455313444137573,0.6080445647239685,0.3919554352760315,0.004434589762240648,58
1223,29,>100,UQ_10,Filling-Ripening,1224,107,0.37515226006507874,0.8543940186500549,0.8025995492935181,0.19740045070648193,0.0,58
1223,29,>100,UQ_10,Filling-Ripening,1224,108,0.4287276268005371,0.8336001038551331,0.3391556739807129,0.6608443260192871,0.0,58
1223,29,>100,UQ_10,Filling-Ripening,1224,109,0.41785886883735657,0.8378185033798218,0.7349315881729126,0.2650684118270874,0.46098437905311584,58
1223,29,>100,UQ_10,Filling-Ripening,1224,110,0.36421769857406616,0.8586379885673523,0.7202066779136658,0.27979332208633423,0.0,58
1223,29,>100,UQ_10,Filling-Ripening,1224,111,0.3887630105018616,0.8491113185882568,0.6544866561889648,0.34551334381103516,0.0,58
1223,29,>100,UQ_10,Filling-Ripening,1224,112,0.47745639085769653,0.8146872520446777,0.0,1.0,0.0,58
1223,29,>100,UQ_10,Filling-Ripening,1224,113,0.2419120967388153,0.9061078429222107,0.8535726070404053,0.14642739295959473,0.0,58
1223,29,>100,UQ_10,Filling-Ripening,1224,114,0.3372841775417328,0.8690915703773499,0.38067543506622314,0.6193245649337769,0.009615384973585606,58
1223,29,>100,UQ_10,Filling-Ripening,1224,115,0.327724814414978,0.8728017807006836,0.727290689945221,0.27270931005477905,0.01587301678955555,58
1223,29,>100,UQ_10,Filling-Ripening,1224,116,0.4208217263221741,0.8366685509681702,0.6997950077056885,0.3002049922943115,0.0,58
589,51,40-50,CIMMYT_3,Post-Flowering,590,0,0.41238951683044434,0.8399413228034973,0.6990541219711304,0.30094587802886963,0.0,59
589,51,40-50,CIMMYT_3,Post-Flowering,590,1,0.3567732572555542,0.8615273833274841,0.8969864249229431,0.10301357507705688,0.12456446141004562,59
589,51,40-50,CIMMYT_3,Post-Flowering,590,2,0.35137277841567993,0.8636234402656555,0.8208335638046265,0.17916643619537354,0.08253204822540283,59
589,51,40-50,CIMMYT_3,Post-Flowering,590,3,0.37898191809654236,0.852907657623291,0.8749372363090515,0.1250627636909485,0.14652405679225922,59
589,51,40-50,CIMMYT_3,Post-Flowering,590,4,0.47922366857528687,0.8140013217926025,0.39201074838638306,0.6079892516136169,0.0,59
589,51,40-50,CIMMYT_3,Post-Flowering,590,5,0.3494734466075897,0.8643605709075928,0.5900088548660278,0.40999114513397217,0.027727346867322922,59
589,51,40-50,CIMMYT_3,Post-Flowering,590,6,0.3458138108253479,0.8657810091972351,0.8787955641746521,0.1212044358253479,0.11161889135837555,59
589,51,40-50,CIMMYT_3,Post-Flowering,590,7,0.41653746366500854,0.838331401348114,0.8313165307044983,0.1686834692955017,0.1472146064043045,59
589,51,40-50,CIMMYT_3,Post-Flowering,590,8,0.3774154484272003,0.853515625,0.7869386076927185,0.2130613923072815,0.0,59
589,51,40-50,CIMMYT_3,Post-Flowering,590,9,0.3896327018737793,0.8487738370895386,0.5002461671829224,0.49975383281707764,0.0,59
589,51,40-50,CIMMYT_3,Post-Flowering,590,10,0.40193527936935425,0.8439988493919373,0.377795934677124,0.622204065322876,0.0,59
589,51,40-50,CIMMYT_3,Post-Flowering,590,11,0.4241785705089569,0.8353656530380249,0.24592001736164093,0.7540799826383591,0.0,59
589,51,40-50,CIMMYT_3,Post-Flowering,590,12,0.36179840564727783,0.8595770001411438,0.7281432151794434,0.27185678482055664,0.0,59
589,51,40-50,CIMMYT_3,Post-Flowering,590,13,0.3585594594478607,0.8608341217041016,0.7591755390167236,0.24082446098327637,0.0,59
589,51,40-50,CIMMYT_3,Post-Flowering,590,14,0.3542966842651367,0.8624886274337769,0.7905242443084717,0.20947575569152832,0.0,59
589,51,40-50,CIMMYT_3,Post-Flowering,590,15,0.351428359746933,0.8636018633842468,0.7050483226776123,0.2949516773223877,0.0,59
589,51,40-50,CIMMYT_3,Post-Flowering,590,16,0.3341544270515442,0.8703063130378723,0.7112134099006653,0.2887865900993347,0.0,59
589,51,40-50,CIMMYT_3,Post-Flowering,590,17,0.3726433217525482,0.8553677797317505,0.5111933946609497,0.4888066053390503,0.0,59
589,51,40-50,CIMMYT_3,Post-Flowering,590,18,0.37936997413635254,0.8527570366859436,0.6105065941810608,0.3894934058189392,0.0,59
589,51,40-50,CIMMYT_3,Post-Flowering,590,19,0.3786272704601288,0.8530452847480774,0.8457237482070923,0.15427625179290771,0.0,59
589,51,40-50,CIMMYT_3,Post-Flowering,590,20,0.35367751121520996,0.8627289533615112,0.8464110493659973,0.15358895063400269,0.0,59
589,51,40-50,CIMMYT_3,Post-Flowering,590,21,0.42380353808403015,0.8355112075805664,0.005700912792235613,0.9942990872077644,0.4736842215061188,59
589,51,40-50,CIMMYT_3,Post-Flowering,590,22,0.39445561170578003,0.8469018936157227,0.0,1.0,0.3433895409107208,59
589,51,40-50,CIMMYT_3,Post-Flowering,590,23,0.3530432879924774,0.8629750609397888,0.5689390301704407,0.4310609698295593,0.0,59
589,51,40-50,CIMMYT_3,Post-Flowering,590,24,0.3346298933029175,0.8701217770576477,0.804011881351471,0.19598811864852905,0.05900367349386215,59
589,51,40-50,CIMMYT_3,Post-Flowering,590,25,0.35937315225601196,0.8605182766914368,0.7675131559371948,0.23248684406280518,0.0,59
589,51,40-50,CIMMYT_3,Post-Flowering,590,26,0.4556231200695038,0.823161244392395,0.26239433884620667,0.7376056611537933,0.5,59
589,51,40-50,CIMMYT_3,Post-Flowering,590,27,0.3667392134666443,0.8576593399047852,0.6462770104408264,0.3537229895591736,0.0,59
589,51,40-50,CIMMYT_3,Post-Flowering,590,28,0.315470427274704,0.8775579929351807,0.8565099835395813,0.1434900164604187,0.0,59
589,51,40-50,CIMMYT_3,Post-Flowering,590,29,0.3718230426311493,0.8556861877441406,0.6560037732124329,0.34399622678756714,0.0,59
589,51,40-50,CIMMYT_3,Post-Flowering,590,30,0.38150525093078613,0.8519282937049866,0.7756369709968567,0.2243630290031433,0.0,59
589,51,40-50,CIMMYT_3,Post-Flowering,590,31,0.3425745368003845,0.8670382499694824,0.8546362519264221,0.14536374807357788,0.0,59
589,51,40-50,CIMMYT_3,Post-Flowering,590,32,0.31303146481513977,0.8785046339035034,0.6925539374351501,0.30744606256484985,0.0,59
589,51,40-50,CIMMYT_3,Post-Flowering,590,33,0.38364630937576294,0.8510972857475281,0.840488076210022,0.15951192378997803,0.0,59
589,51,40-50,CIMMYT_3,Post-Flowering,590,34,0.4382191002368927,0.82991623878479,0.7509256601333618,0.24907433986663818,0.2503974437713623,59
589,51,40-50,CIMMYT_3,Post-Flowering,590,35,0.38767990469932556,0.8495317101478577,0.7923815250396729,0.20761847496032715,0.2068965584039688,59
589,51,40-50,CIMMYT_3,Post-Flowering,590,36,0.4535050392150879,0.823983371257782,0.7906450629234314,0.2093549370765686,0.0,59
589,51,40-50,CIMMYT_3,Post-Flowering,590,37,0.33956366777420044,0.8682068586349487,0.8343916535377502,0.16560834646224976,0.0,59
589,51,40-50,CIMMYT_3,Post-Flowering,590,38,0.3884143531322479,0.8492466807365417,0.7535144686698914,0.24648553133010864,0.0,59
589,51,40-50,CIMMYT_3,Post-Flowering,590,39,0.3887494206428528,0.8491166234016418,0.754596471786499,0.24540352821350098,0.0,59
1030,33,70-80,Ukyoto_1,Post-Flowering,1031,0,0.32226136326789856,0.8749222755432129,0.8005557656288147,0.1994442343711853,0.0,60
1030,33,70-80,Ukyoto_1,Post-Flowering,1031,1,0.30221855640411377,0.8827013969421387,0.8448207974433899,0.1551792025566101,0.0,60
1030,33,70-80,Ukyoto_1,Post-Flowering,1031,2,0.4287550449371338,0.8335894346237183,0.5209589004516602,0.47904109954833984,0.699999988079071,60
1030,33,70-80,Ukyoto_1,Post-Flowering,1031,3,0.3775717318058014,0.8534549474716187,0.5878844857215881,0.41211551427841187,0.6666666865348816,60
1030,33,70-80,Ukyoto_1,Post-Flowering,1031,4,0.4590533971786499,0.8218299150466919,0.5387316942214966,0.4612683057785034,0.0,60
1030,33,70-80,Ukyoto_1,Post-Flowering,1031,5,0.4457058310508728,0.8270103931427002,0.20452310144901276,0.7954768985509872,0.0,60
1030,33,70-80,Ukyoto_1,Post-Flowering,1031,6,0.33360037207603455,0.8705213069915771,0.7825974822044373,0.21740251779556274,0.0,60
1030,33,70-80,Ukyoto_1,Post-Flowering,1031,7,0.20952154695987701,0.9186794757843018,0.9063864350318909,0.09361356496810913,0.0,60
1030,33,70-80,Ukyoto_1,Post-Flowering,1031,8,0.30149635672569275,0.8829817175865173,0.7989571690559387,0.20104283094406128,0.0,60
1030,33,70-80,Ukyoto_1,Post-Flowering,1031,9,0.4095199704170227,0.8410550355911255,0.0,1.0,0.0,60
1030,33,70-80,Ukyoto_1,Post-Flowering,1031,10,0.29595714807510376,0.8851315975189209,0.7843018770217896,0.21569812297821045,0.18681319057941437,60
1030,33,70-80,Ukyoto_1,Post-Flowering,1031,11,0.3824231028556824,0.8515720367431641,0.8504183888435364,0.14958161115646362,1.0891304016113281,60
1030,33,70-80,Ukyoto_1,Post-Flowering,1031,12,0.2973271608352661,0.8845999240875244,0.790386974811554,0.20961302518844604,0.04232192412018776,60
1030,33,70-80,Ukyoto_1,Post-Flowering,1031,13,0.31815117597579956,0.8765175342559814,0.7477243542671204,0.25227564573287964,0.01766304299235344,60
1030,33,70-80,Ukyoto_1,Post-Flowering,1031,14,0.37757501006126404,0.8534536957740784,0.847935140132904,0.15206485986709595,0.0,60
1030,33,70-80,Ukyoto_1,Post-Flowering,1031,15,0.31371405720710754,0.8782397508621216,0.7605222463607788,0.2394777536392212,0.19571204483509064,60
1030,33,70-80,Ukyoto_1,Post-Flowering,1031,16,0.23862361907958984,0.9073842167854309,0.8728125691413879,0.12718743085861206,0.043417368084192276,60
1030,33,70-80,Ukyoto_1,Post-Flowering,1031,17,0.3710637390613556,0.8559808731079102,0.5225038528442383,0.4774961471557617,0.0,60
1030,33,70-80,Ukyoto_1,Post-Flowering,1031,18,0.31285524368286133,0.8785730600357056,0.6811355948448181,0.3188644051551819,0.621500551700592,60
1030,33,70-80,Ukyoto_1,Post-Flowering,1031,19,0.2743743658065796,0.8935084342956543,0.7832256555557251,0.2167743444442749,0.2201058268547058,60
1030,33,70-80,Ukyoto_1,Post-Flowering,1031,20,0.30278468132019043,0.8824816942214966,0.8069875240325928,0.19301247596740723,0.2222222238779068,60
1030,33,70-80,Ukyoto_1,Post-Flowering,1031,21,0.4109424948692322,0.8405029773712158,0.6507956981658936,0.34920430183410645,0.2478327453136444,60
1030,33,70-80,Ukyoto_1,Post-Flowering,1031,22,0.3954692482948303,0.8465085029602051,0.4446101188659668,0.5553898811340332,0.2471655309200287,60
1030,33,70-80,Ukyoto_1,Post-Flowering,1031,23,0.33235737681388855,0.8710037469863892,0.6566654443740845,0.3433345556259155,0.38763439655303955,60
1030,33,70-80,Ukyoto_1,Post-Flowering,1031,24,0.32320326566696167,0.8745567202568054,0.8218845725059509,0.17811542749404907,0.11363636702299118,60
1030,33,70-80,Ukyoto_1,Post-Flowering,1031,25,0.4120331406593323,0.840079665184021,0.0,1.0,0.0,60
1030,33,70-80,Ukyoto_1,Post-Flowering,1031,26,0.339819073677063,0.8681077361106873,0.7935206890106201,0.20647931098937988,0.5663716793060303,60
1030,33,70-80,Ukyoto_1,Post-Flowering,1031,27,0.3852046728134155,0.8504924178123474,0.45305344462394714,0.5469465553760529,0.6896421909332275,60
1030,33,70-80,Ukyoto_1,Post-Flowering,1031,28,0.3927164673805237,0.847576916217804,0.7880874872207642,0.21191251277923584,0.15714286267757416,60
1030,33,70-80,Ukyoto_1,Post-Flowering,1031,29,0.4389173090457916,0.8296452164649963,0.7187093496322632,0.2812906503677368,0.24314025044441223,60
1030,33,70-80,Ukyoto_1,Post-Flowering,1031,30,0.3909909725189209,0.8482466340065002,0.7468551993370056,0.2531448006629944,0.613152801990509,60
1030,33,70-80,Ukyoto_1,Post-Flowering,1031,31,0.3897484540939331,0.8487288951873779,0.476976603269577,0.523023396730423,0.7011553049087524,60
1030,33,70-80,Ukyoto_1,Post-Flowering,1031,32,0.39951539039611816,0.8449380993843079,0.453959196805954,0.546040803194046,0.7861635088920593,60
1030,33,70-80,Ukyoto_1,Post-Flowering,1031,33,0.49213021993637085,0.8089919686317444,0.7545584440231323,0.24544155597686768,0.1727917492389679,60
1030,33,70-80,Ukyoto_1,Post-Flowering,1031,34,0.42679402232170105,0.8343505859375,0.8565502762794495,0.14344972372055054,0.16931216418743134,60
1030,33,70-80,Ukyoto_1,Post-Flowering,1031,35,0.4536716341972351,0.8239187002182007,0.14582401514053345,0.8541759848594666,0.0,60
1030,33,70-80,Ukyoto_1,Post-Flowering,1031,36,0.4752756953239441,0.8155336380004883,0.6608275175094604,0.33917248249053955,0.8648648858070374,60
1030,33,70-80,Ukyoto_1,Post-Flowering,1031,37,0.4595032334327698,0.8216552734375,0.6108227968215942,0.38917720317840576,0.06348007172346115,60
1030,33,70-80,Ukyoto_1,Post-Flowering,1031,38,0.32006731629371643,0.8757739067077637,0.9601579308509827,0.039842069149017334,0.0,60
1030,33,70-80,Ukyoto_1,Post-Flowering,1031,39,0.5787625312805176,0.775367796421051,0.7876529693603516,0.21234703063964844,0.1736263781785965,60
1030,33,70-80,Ukyoto_1,Post-Flowering,1031,40,0.4779132008552551,0.814509928226471,0.04601811617612839,0.9539818838238716,0.9800000190734863,60
1030,33,70-80,Ukyoto_1,Post-Flowering,1031,41,0.431728333234787,0.8324354290962219,0.4798974394798279,0.5201025605201721,0.0749516412615776,60
1030,33,70-80,Ukyoto_1,Post-Flowering,1031,42,0.3070996403694153,0.8808069229125977,0.8318914175033569,0.16810858249664307,0.23080958425998688,60
1030,33,70-80,Ukyoto_1,Post-Flowering,1031,43,0.3828223943710327,0.851417064666748,0.0,1.0,0.9041095972061157,60
1030,33,70-80,Ukyoto_1,Post-Flowering,1031,44,0.471360445022583,0.8170531988143921,0.576421856880188,0.423578143119812,0.15047021210193634,60
1030,33,70-80,Ukyoto_1,Post-Flowering,1031,45,0.3943301737308502,0.8469505906105042,0.8682141900062561,0.1317858099937439,0.9481202960014343,60
1030,33,70-80,Ukyoto_1,Post-Flowering,1031,46,0.4293838441371918,0.8333454132080078,0.6532436013221741,0.3467563986778259,0.7651515007019043,60
1030,33,70-80,Ukyoto_1,Post-Flowering,1031,47,0.26512449979782104,0.8970985412597656,0.83146733045578,0.16853266954421997,0.22129186987876892,60
1030,33,70-80,Ukyoto_1,Post-Flowering,1031,48,0.3905494511127472,0.8484179973602295,0.765525758266449,0.23447424173355103,0.2659091055393219,60
1030,33,70-80,Ukyoto_1,Post-Flowering,1031,49,0.4459432065486908,0.8269182443618774,0.8562701940536499,0.1437298059463501,0.17741934955120087,60
1030,33,70-80,Ukyoto_1,Post-Flowering,1031,50,0.3711370825767517,0.8559523820877075,0.6459781527519226,0.3540218472480774,0.34328359365463257,60
1030,33,70-80,Ukyoto_1,Post-Flowering,1031,51,0.3460977375507355,0.8656708002090454,0.7629771828651428,0.23702281713485718,0.3406716287136078,60
1030,33,70-80,Ukyoto_1,Post-Flowering,1031,52,0.3275725841522217,0.8728609085083008,0.7960783839225769,0.2039216160774231,0.5790143013000488,60
1030,33,70-80,Ukyoto_1,Post-Flowering,1031,53,0.4009033441543579,0.8443993926048279,0.6604227423667908,0.33957725763320923,0.6158654093742371,60
1030,33,70-80,Ukyoto_1,Post-Flowering,1031,54,0.48960039019584656,0.8099738359451294,0.21265889704227448,0.7873411029577255,0.0,60
1030,33,70-80,Ukyoto_1,Post-Flowering,1031,55,0.4760637879371643,0.815227746963501,0.7218615412712097,0.2781384587287903,0.7889780402183533,60
1030,33,70-80,Ukyoto_1,Post-Flowering,1031,56,0.5397272706031799,0.7905183434486389,0.479499876499176,0.520500123500824,1.1339713335037231,60
1030,33,70-80,Ukyoto_1,Post-Flowering,1031,57,0.3239467740058899,0.8742681741714478,0.8775147795677185,0.1224852204322815,0.14217902719974518,60
1030,33,70-80,Ukyoto_1,Post-Flowering,1031,58,0.3528776168823242,0.8630393743515015,0.4934333860874176,0.5065666139125824,0.030821917578577995,60
1030,33,70-80,Ukyoto_1,Post-Flowering,1031,59,0.4296233057975769,0.8332524299621582,0.6191049218177795,0.38089507818222046,0.5918518304824829,60
1030,33,70-80,Ukyoto_1,Post-Flowering,1031,60,0.3584705591201782,0.8608686327934265,0.8575406670570374,0.14245933294296265,0.7492784261703491,60
1030,33,70-80,Ukyoto_1,Post-Flowering,1031,61,0.42497873306274414,0.8350551128387451,0.5232587456703186,0.4767412543296814,1.0341898202896118,60
1030,33,70-80,Ukyoto_1,Post-Flowering,1031,62,0.38771840929985046,0.849516749382019,0.3542238771915436,0.6457761228084564,1.4161350727081299,60
1030,33,70-80,Ukyoto_1,Post-Flowering,1031,63,0.5126450061798096,0.8010296821594238,0.852340042591095,0.14765995740890503,1.563700556755066,60
1030,33,70-80,Ukyoto_1,Post-Flowering,1031,64,0.3615444302558899,0.8596755862236023,0.8383128046989441,0.1616871953010559,0.7572786808013916,60
1030,33,70-80,Ukyoto_1,Post-Flowering,1031,65,0.6063528060913086,0.7646592855453491,0.3402990698814392,0.6597009301185608,2.78947377204895,60
1030,33,70-80,Ukyoto_1,Post-Flowering,1031,66,0.34422534704208374,0.866397500038147,0.26740723848342896,0.732592761516571,1.1646537780761719,60
1030,33,70-80,Ukyoto_1,Post-Flowering,1031,67,0.25449180603027344,0.9012253284454346,0.5486467480659485,0.4513532519340515,0.2831783592700958,60
1030,33,70-80,Ukyoto_1,Post-Flowering,1031,68,0.38982999324798584,0.8486972451210022,0.0,1.0,1.2941176891326904,60
1030,33,70-80,Ukyoto_1,Post-Flowering,1031,69,0.37267494201660156,0.8553555011749268,0.3168210983276367,0.6831789016723633,0.0,60
1123,49,20-30,CIMMYT_3,Post-Flowering,1124,0,0.3598373532295227,0.8603380918502808,0.35212042927742004,0.64787957072258,0.0,61
1123,49,20-30,CIMMYT_3,Post-Flowering,1124,1,0.42907091975212097,0.8334668278694153,0.5792188048362732,0.4207811951637268,0.0,61
1123,49,20-30,CIMMYT_3,Post-Flowering,1124,2,0.39107954502105713,0.8482122421264648,0.6817598938941956,0.31824010610580444,0.0,61
1123,49,20-30,CIMMYT_3,Post-Flowering,1124,3,0.33266952633857727,0.8708826303482056,0.8614070415496826,0.13859295845031738,0.0,61
1123,49,20-30,CIMMYT_3,Post-Flowering,1124,4,0.3645646870136261,0.8585033416748047,0.8050984740257263,0.19490152597427368,0.0,61
1123,49,20-30,CIMMYT_3,Post-Flowering,1124,5,0.3434290885925293,0.8667066097259521,0.8125470280647278,0.18745297193527222,0.0,61
1123,49,20-30,CIMMYT_3,Post-Flowering,1124,6,0.3961523473262787,0.8462433815002441,0.6463257074356079,0.3536742925643921,0.0,61
1123,49,20-30,CIMMYT_3,Post-Flowering,1124,7,0.39588743448257446,0.8463461995124817,0.7622188925743103,0.2377811074256897,0.0,61
1123,49,20-30,CIMMYT_3,Post-Flowering,1124,8,0.4040193259716034,0.8431899547576904,0.45657187700271606,0.5434281229972839,0.0,61
1123,49,20-30,CIMMYT_3,Post-Flowering,1124,9,0.41024190187454224,0.8407748937606812,0.6807142496109009,0.3192857503890991,0.0,61
1123,49,20-30,CIMMYT_3,Post-Flowering,1124,10,0.4041080176830292,0.843155562877655,0.8087888956069946,0.19121110439300537,0.0,61
1123,49,20-30,CIMMYT_3,Post-Flowering,1124,11,0.37698739767074585,0.853681743144989,0.6558822989463806,0.3441177010536194,0.06148374080657959,61
1123,49,20-30,CIMMYT_3,Post-Flowering,1124,12,0.42443984746932983,0.835264265537262,0.864112138748169,0.13588786125183105,0.24444444477558136,61
1123,49,20-30,CIMMYT_3,Post-Flowering,1124,13,0.3426935076713562,0.8669921159744263,0.7355726957321167,0.2644273042678833,0.036363635212183,61
1123,49,20-30,CIMMYT_3,Post-Flowering,1124,14,0.33040571212768555,0.8717613220214844,0.82868891954422,0.17131108045578003,0.10313447564840317,61
1123,49,20-30,CIMMYT_3,Post-Flowering,1124,15,0.4871799349784851,0.8109132647514343,0.6820141673088074,0.3179858326911926,0.7822222113609314,61
1123,49,20-30,CIMMYT_3,Post-Flowering,1124,16,0.3631908893585205,0.8590365648269653,0.7573072910308838,0.2426927089691162,0.4633260667324066,61
1123,49,20-30,CIMMYT_3,Post-Flowering,1124,17,0.39747726917266846,0.8457291126251221,0.6813370585441589,0.31866294145584106,0.17849819362163544,61
1123,49,20-30,CIMMYT_3,Post-Flowering,1124,18,0.3118918836116791,0.8789469599723816,0.8739242553710938,0.12607574462890625,0.03632478788495064,61
1123,49,20-30,CIMMYT_3,Post-Flowering,1124,19,0.3693670928478241,0.8566393852233887,0.6827341318130493,0.3172658681869507,0.1390937864780426,61
1123,49,20-30,CIMMYT_3,Post-Flowering,1124,20,0.4631190598011017,0.8202519416809082,0.6995039582252502,0.30049604177474976,0.358441561460495,61
1123,49,20-30,CIMMYT_3,Post-Flowering,1124,21,0.3611332178115845,0.859835147857666,0.7581564784049988,0.24184352159500122,0.0,61
1123,49,20-30,CIMMYT_3,Post-Flowering,1124,22,0.4548548460006714,0.8234594464302063,0.5877569317817688,0.4122430682182312,0.0,61
278,37,50-60,CIMMYT_2,Post-Flowering,279,0,0.3421739935874939,0.8671936988830566,0.7637745141983032,0.23622548580169678,0.0,62
278,37,50-60,CIMMYT_2,Post-Flowering,279,1,0.41385990381240845,0.839370608329773,0.607133686542511,0.392866313457489,0.0,62
278,37,50-60,CIMMYT_2,Post-Flowering,279,2,0.4947683811187744,0.807968020439148,0.5209279656410217,0.47907203435897827,0.023157894611358643,62
278,37,50-60,CIMMYT_2,Post-Flowering,279,3,0.4471818804740906,0.8264375329017639,0.38530799746513367,0.6146920025348663,0.04545454680919647,62
278,37,50-60,CIMMYT_2,Post-Flowering,279,4,0.3999401926994324,0.8447732329368591,0.8269409537315369,0.17305904626846313,0.0,62
278,37,50-60,CIMMYT_2,Post-Flowering,279,5,0.44192588329315186,0.8284775018692017,0.5219817161560059,0.47801828384399414,0.0,62
278,37,50-60,CIMMYT_2,Post-Flowering,279,6,0.411128968000412,0.8404305577278137,0.6962855458259583,0.30371445417404175,0.0,62
278,37,50-60,CIMMYT_2,Post-Flowering,279,7,0.3375381529331207,0.8689930438995361,0.8543781042098999,0.1456218957901001,0.0,62
278,37,50-60,CIMMYT_2,Post-Flowering,279,8,0.35273438692092896,0.8630949258804321,0.8545973896980286,0.14540261030197144,0.0,62
278,37,50-60,CIMMYT_2,Post-Flowering,279,9,0.38609927892684937,0.8501452207565308,0.4034464359283447,0.5965535640716553,0.0,62
278,37,50-60,CIMMYT_2,Post-Flowering,279,10,0.3260011672973633,0.8734707832336426,0.9074139595031738,0.09258604049682617,0.0,62
278,37,50-60,CIMMYT_2,Post-Flowering,279,11,0.45605912804603577,0.8229920864105225,0.45953428745269775,0.5404657125473022,0.0,62
278,37,50-60,CIMMYT_2,Post-Flowering,279,12,0.5200512409210205,0.7981551289558411,0.5592291951179504,0.44077080488204956,0.0,62
278,37,50-60,CIMMYT_2,Post-Flowering,279,13,0.36229318380355835,0.8593849539756775,0.8490079641342163,0.1509920358657837,0.0,62
278,37,50-60,CIMMYT_2,Post-Flowering,279,14,0.32091984152793884,0.8754429817199707,0.8341203331947327,0.16587966680526733,0.0,62
278,37,50-60,CIMMYT_2,Post-Flowering,279,15,0.38535743951797485,0.8504331111907959,0.5726740956306458,0.42732590436935425,0.0,62
278,37,50-60,CIMMYT_2,Post-Flowering,279,16,0.43246424198150635,0.8321498036384583,0.5772469639778137,0.4227530360221863,0.0,62
278,37,50-60,CIMMYT_2,Post-Flowering,279,17,0.37586551904678345,0.854117214679718,0.6622198224067688,0.3377801775932312,0.0,62
278,37,50-60,CIMMYT_2,Post-Flowering,279,18,0.36645182967185974,0.8577708601951599,0.7890790104866028,0.21092098951339722,0.02166295051574707,62
278,37,50-60,CIMMYT_2,Post-Flowering,279,19,0.3897407352924347,0.8487318754196167,0.6112607717514038,0.3887392282485962,0.010542635805904865,62
278,37,50-60,CIMMYT_2,Post-Flowering,279,20,0.3496279716491699,0.8643006086349487,0.8657386302947998,0.1342613697052002,0.0,62
278,37,50-60,CIMMYT_2,Post-Flowering,279,21,0.4220294952392578,0.8361998200416565,0.7652008533477783,0.23479914665222168,0.0,62
278,37,50-60,CIMMYT_2,Post-Flowering,279,22,0.4469951391220093,0.8265100121498108,0.7689222097396851,0.23107779026031494,0.0036630036775022745,62
278,37,50-60,CIMMYT_2,Post-Flowering,279,23,0.3769644498825073,0.8536906838417053,0.57541823387146,0.42458176612854004,0.0,62
278,37,50-60,CIMMYT_2,Post-Flowering,279,24,0.30454158782958984,0.8817998170852661,0.707712709903717,0.29228729009628296,0.0,62
278,37,50-60,CIMMYT_2,Post-Flowering,279,25,0.39002686738967896,0.8486208319664001,0.6659662127494812,0.3340337872505188,0.0,62
278,37,50-60,CIMMYT_2,Post-Flowering,279,26,0.3821946382522583,0.8516607284545898,0.5404886603355408,0.45951133966445923,0.0031250000465661287,62
278,37,50-60,CIMMYT_2,Post-Flowering,279,27,0.4371136724948883,0.8303452730178833,0.4102373719215393,0.5897626280784607,0.0,62
278,37,50-60,CIMMYT_2,Post-Flowering,279,28,0.38036197423934937,0.8523719906806946,0.8269197344779968,0.17308026552200317,0.0,62
278,37,50-60,CIMMYT_2,Post-Flowering,279,29,0.39738017320632935,0.8457667827606201,0.6920691132545471,0.3079308867454529,0.0,62
278,37,50-60,CIMMYT_2,Post-Flowering,279,30,0.37700116634368896,0.853676438331604,0.7197937965393066,0.28020620346069336,0.1026957631111145,62
278,37,50-60,CIMMYT_2,Post-Flowering,279,31,0.3710869252681732,0.8559718728065491,0.65242999792099,0.34757000207901,0.0,62
278,37,50-60,CIMMYT_2,Post-Flowering,279,32,0.38829123973846436,0.8492944836616516,0.5272679328918457,0.4727320671081543,0.0,62
278,37,50-60,CIMMYT_2,Post-Flowering,279,33,0.39569321274757385,0.8464215993881226,0.47513413429260254,0.5248658657073975,0.0,62
278,37,50-60,CIMMYT_2,Post-Flowering,279,34,0.3649892210960388,0.8583385944366455,0.7755542993545532,0.22444570064544678,0.0,62
278,37,50-60,CIMMYT_2,Post-Flowering,279,35,0.3837924003601074,0.8510406017303467,0.6460752487182617,0.3539247512817383,0.0,62
278,37,50-60,CIMMYT_2,Post-Flowering,279,36,0.370505690574646,0.8561974763870239,0.5910845398902893,0.4089154601097107,0.0,62
278,37,50-60,CIMMYT_2,Post-Flowering,279,37,0.37548112869262695,0.8542664051055908,0.4855063259601593,0.5144936740398407,0.0,62
278,37,50-60,CIMMYT_2,Post-Flowering,279,38,0.4081355929374695,0.8415923714637756,0.5692453384399414,0.4307546615600586,0.0,62
278,37,50-60,CIMMYT_2,Post-Flowering,279,39,0.3717103600502014,0.8557299375534058,0.8087530732154846,0.19124692678451538,0.0,62
278,37,50-60,CIMMYT_2,Post-Flowering,279,40,0.3752564787864685,0.8543535470962524,0.5676715970039368,0.43232840299606323,0.0,62
278,37,50-60,CIMMYT_2,Post-Flowering,279,41,0.3503066897392273,0.8640372157096863,0.6696032285690308,0.33039677143096924,0.0,62
278,37,50-60,CIMMYT_2,Post-Flowering,279,42,0.38938668370246887,0.8488693237304688,0.7245929837226868,0.27540701627731323,0.0,62
278,37,50-60,CIMMYT_2,Post-Flowering,279,43,0.43103498220443726,0.8327045440673828,0.5636011362075806,0.43639886379241943,0.0,62
278,37,50-60,CIMMYT_2,Post-Flowering,279,44,0.406968355178833,0.8420454263687134,0.35362356901168823,0.6463764309883118,0.0,62
278,37,50-60,CIMMYT_2,Post-Flowering,279,45,0.42909693717956543,0.8334567546844482,0.6204902529716492,0.37950974702835083,0.015805471688508987,62
278,37,50-60,CIMMYT_2,Post-Flowering,279,46,0.3520488142967224,0.8633610606193542,0.6404851675033569,0.35951483249664307,0.007965686731040478,62
278,37,50-60,CIMMYT_2,Post-Flowering,279,47,0.41305848956108093,0.8396816253662109,0.6757875084877014,0.3242124915122986,0.0,62
278,37,50-60,CIMMYT_2,Post-Flowering,279,48,0.42082399129867554,0.8366676568984985,0.7878660559654236,0.21213394403457642,0.0,62
278,37,50-60,CIMMYT_2,Post-Flowering,279,49,0.4110327661037445,0.8404679298400879,0.7227798104286194,0.2772201895713806,0.0,62
278,37,50-60,CIMMYT_2,Post-Flowering,279,50,0.38359785079956055,0.8511160612106323,0.6168601512908936,0.38313984870910645,0.0,62
278,37,50-60,CIMMYT_2,Post-Flowering,279,51,0.3018955588340759,0.8828268051147461,0.7349459528923035,0.26505404710769653,0.0,62
278,37,50-60,CIMMYT_2,Post-Flowering,279,52,0.309128999710083,0.8800193071365356,0.0,1.0,0.0,62
278,37,50-60,CIMMYT_2,Post-Flowering,279,53,0.3659067451953888,0.8579824566841125,0.7885203957557678,0.21147960424423218,0.0,62
278,37,50-60,CIMMYT_2,Post-Flowering,279,54,0.40026751160621643,0.8446462154388428,0.4655458629131317,0.5344541370868683,0.11695906519889832,62
278,37,50-60,CIMMYT_2,Post-Flowering,279,55,0.366140753030777,0.8578916192054749,0.2928067445755005,0.7071932554244995,0.0,62
278,37,50-60,CIMMYT_2,Post-Flowering,279,56,0.4821596145629883,0.8128618001937866,0.6563082933425903,0.34369170665740967,0.1428571492433548,62
278,37,50-60,CIMMYT_2,Post-Flowering,279,57,0.39534899592399597,0.8465551733970642,0.6208214163780212,0.37917858362197876,0.07051282376050949,62
278,37,50-60,CIMMYT_2,Post-Flowering,279,58,0.375995934009552,0.8540666103363037,0.29075610637664795,0.709243893623352,0.0,62
471,42,50-60,CIMMYT_1,Post-Flowering,472,0,0.3382982909679413,0.868698000907898,0.7200967669487,0.27990323305130005,0.0,63
471,42,50-60,CIMMYT_1,Post-Flowering,472,1,0.41654160618782043,0.8383297920227051,0.6881825923919678,0.3118174076080322,0.0,63
471,42,50-60,CIMMYT_1,Post-Flowering,472,2,0.43044567108154297,0.8329333066940308,0.6842051148414612,0.3157948851585388,0.2133779227733612,63
471,42,50-60,CIMMYT_1,Post-Flowering,472,3,0.342055082321167,0.8672398328781128,0.48428964614868164,0.5157103538513184,0.18676814436912537,63
471,42,50-60,CIMMYT_1,Post-Flowering,472,4,0.4205944538116455,0.8367567658424377,0.0,1.0,0.0,63
471,42,50-60,CIMMYT_1,Post-Flowering,472,5,0.41562512516975403,0.8386855125427246,0.8499918580055237,0.15000814199447632,0.0,63
471,42,50-60,CIMMYT_1,Post-Flowering,472,6,0.2799302339553833,0.8913520574569702,0.9474650025367737,0.05253499746322632,0.0,63
471,42,50-60,CIMMYT_1,Post-Flowering,472,7,0.4023807942867279,0.8438259363174438,0.46191269159317017,0.5380873084068298,0.0,63
471,42,50-60,CIMMYT_1,Post-Flowering,472,8,0.37156620621681213,0.8557858467102051,0.8006256818771362,0.19937431812286377,0.0,63
471,42,50-60,CIMMYT_1,Post-Flowering,472,9,0.3894811272621155,0.8488326072692871,0.5163195729255676,0.4836804270744324,0.07755102217197418,63
471,42,50-60,CIMMYT_1,Post-Flowering,472,10,0.44967150688171387,0.8254712820053101,0.6373047828674316,0.36269521713256836,0.125,63
471,42,50-60,CIMMYT_1,Post-Flowering,472,11,0.36840564012527466,0.8570125699043274,0.7097297310829163,0.29027026891708374,0.0,63
471,42,50-60,CIMMYT_1,Post-Flowering,472,12,0.3500294089317322,0.8641448020935059,0.8321369290351868,0.16786307096481323,0.0,63
471,42,50-60,CIMMYT_1,Post-Flowering,472,13,0.426277756690979,0.8345509767532349,0.8538435101509094,0.14615648984909058,0.0,63
471,42,50-60,CIMMYT_1,Post-Flowering,472,14,0.3825225234031677,0.8515334129333496,0.5689504146575928,0.4310495853424072,0.02543720230460167,63
471,42,50-60,CIMMYT_1,Post-Flowering,472,15,0.3979673981666565,0.8455389142036438,0.6048651337623596,0.3951348662376404,0.06060606241226196,63
471,42,50-60,CIMMYT_1,Post-Flowering,472,16,0.35846784710884094,0.8608696460723877,0.912778913974762,0.08722108602523804,0.0,63
471,42,50-60,CIMMYT_1,Post-Flowering,472,17,0.36252108216285706,0.8592965006828308,0.791905403137207,0.20809459686279297,0.0,63
471,42,50-60,CIMMYT_1,Post-Flowering,472,18,0.3704216480255127,0.8562300801277161,0.8834126591682434,0.11658734083175659,0.0,63
471,42,50-60,CIMMYT_1,Post-Flowering,472,19,0.42112648487091064,0.8365502953529358,0.6801625490188599,0.31983745098114014,0.0,63
471,42,50-60,CIMMYT_1,Post-Flowering,472,20,0.36220961809158325,0.8594173789024353,0.7178643345832825,0.28213566541671753,0.0,63
471,42,50-60,CIMMYT_1,Post-Flowering,472,21,0.3720953166484833,0.8555805087089539,0.7420392632484436,0.2579607367515564,0.0,63
471,42,50-60,CIMMYT_1,Post-Flowering,472,22,0.4372583329677582,0.8302891254425049,0.6344137787818909,0.36558622121810913,0.0,63
471,42,50-60,CIMMYT_1,Post-Flowering,472,23,0.3283832371234894,0.8725462555885315,0.8011832237243652,0.19881677627563477,0.0,63
471,42,50-60,CIMMYT_1,Post-Flowering,472,24,0.38256385922431946,0.8515174388885498,0.6031364798545837,0.39686352014541626,0.0,63
471,42,50-60,CIMMYT_1,Post-Flowering,472,25,0.4090266525745392,0.8412465453147888,0.5786746144294739,0.4213253855705261,0.0,63
471,42,50-60,CIMMYT_1,Post-Flowering,472,26,0.2830716073513031,0.8901327848434448,0.9280433654785156,0.07195663452148438,0.0,63
471,42,50-60,CIMMYT_1,Post-Flowering,472,27,0.36007094383239746,0.8602474927902222,0.8478704690933228,0.15212953090667725,0.0,63
471,42,50-60,CIMMYT_1,Post-Flowering,472,28,0.33503660559654236,0.8699638843536377,0.8631750345230103,0.13682496547698975,0.0,63
471,42,50-60,CIMMYT_1,Post-Flowering,472,29,0.35408979654312134,0.8625688552856445,0.8459469676017761,0.15405303239822388,0.0,63
471,42,50-60,CIMMYT_1,Post-Flowering,472,30,0.37645506858825684,0.8538883924484253,0.7251816987991333,0.2748183012008667,0.0,63
471,42,50-60,CIMMYT_1,Post-Flowering,472,31,0.40726834535598755,0.8419289588928223,0.669676661491394,0.33032333850860596,0.0,63
471,42,50-60,CIMMYT_1,Post-Flowering,472,32,0.39716002345085144,0.845852255821228,0.945295512676239,0.054704487323760986,0.0,63
471,42,50-60,CIMMYT_1,Post-Flowering,472,33,0.3997008502483368,0.8448660969734192,0.5973141193389893,0.40268588066101074,0.0,63
471,42,50-60,CIMMYT_1,Post-Flowering,472,34,0.4217686057090759,0.8363010883331299,0.8005276918411255,0.1994723081588745,0.0,63
471,42,50-60,CIMMYT_1,Post-Flowering,472,35,0.4063715934753418,0.8422770500183105,0.7249876260757446,0.27501237392425537,0.0,63
471,42,50-60,CIMMYT_1,Post-Flowering,472,36,0.3904786705970764,0.848445475101471,0.688520073890686,0.31147992610931396,0.0,63
471,42,50-60,CIMMYT_1,Post-Flowering,472,37,0.3483528196811676,0.8647955656051636,0.780177116394043,0.21982288360595703,0.0,63
471,42,50-60,CIMMYT_1,Post-Flowering,472,38,0.4059002101421356,0.8424599766731262,0.7761130332946777,0.22388696670532227,0.0,63
471,42,50-60,CIMMYT_1,Post-Flowering,472,39,0.42376434803009033,0.8355264663696289,0.7343180775642395,0.2656819224357605,0.0,63
471,42,50-60,CIMMYT_1,Post-Flowering,472,40,0.44594162702560425,0.82691890001297,0.7023906707763672,0.2976093292236328,0.0,63
471,42,50-60,CIMMYT_1,Post-Flowering,472,41,0.39495909214019775,0.8467065095901489,0.7775899171829224,0.22241008281707764,0.0,63
471,42,50-60,CIMMYT_1,Post-Flowering,472,42,0.364694207906723,0.8584530353546143,0.7912279963493347,0.20877200365066528,0.0764220580458641,63
471,42,50-60,CIMMYT_1,Post-Flowering,472,43,0.5245581269264221,0.7964059114456177,0.7843083739280701,0.21569162607192993,0.095238097012043,63
471,42,50-60,CIMMYT_1,Post-Flowering,472,44,0.4069060981273651,0.8420695662498474,0.8038651943206787,0.1961348056793213,0.0,63
471,42,50-60,CIMMYT_1,Post-Flowering,472,45,0.385612428188324,0.8503341674804688,0.7782104015350342,0.22178959846496582,0.0,63
471,42,50-60,CIMMYT_1,Post-Flowering,472,46,0.41517049074172974,0.8388619422912598,0.45005279779434204,0.549947202205658,0.0,63
471,42,50-60,CIMMYT_1,Post-Flowering,472,47,0.3864979147911072,0.8499904870986938,0.5994156002998352,0.4005843997001648,0.0,63
471,42,50-60,CIMMYT_1,Post-Flowering,472,48,0.39163586497306824,0.8479963541030884,0.784630298614502,0.21536970138549805,0.0,63
471,42,50-60,CIMMYT_1,Post-Flowering,472,49,0.3301457464694977,0.8718621730804443,0.8911442756652832,0.1088557243347168,0.0,63
471,42,50-60,CIMMYT_1,Post-Flowering,472,50,0.4543471932411194,0.8236564993858337,0.41993793845176697,0.580062061548233,0.0,63
471,42,50-60,CIMMYT_1,Post-Flowering,472,51,0.3782128393650055,0.8532061576843262,0.7886202931404114,0.21137970685958862,0.0,63
47,39,10-20,CIMMYT_2,Post-Flowering,48,0,0.3780076205730438,0.8532857894897461,0.7442577481269836,0.25574225187301636,0.0,64
47,39,10-20,CIMMYT_2,Post-Flowering,48,1,0.49361366033554077,0.8084161877632141,0.7318377494812012,0.26816225051879883,0.0,64
47,39,10-20,CIMMYT_2,Post-Flowering,48,2,0.36883845925331116,0.8568446040153503,0.832936704158783,0.16706329584121704,0.0,64
47,39,10-20,CIMMYT_2,Post-Flowering,48,3,0.34667301177978516,0.8654475212097168,0.8028610348701477,0.1971389651298523,0.0,64
47,39,10-20,CIMMYT_2,Post-Flowering,48,4,0.3930138349533081,0.8474615216255188,0.6436848044395447,0.3563151955604553,0.0,64
47,39,10-20,CIMMYT_2,Post-Flowering,48,5,0.5062069296836853,0.8035284280776978,0.5950601696968079,0.40493983030319214,0.4499424695968628,64
47,39,10-20,CIMMYT_2,Post-Flowering,48,6,0.3735676109790802,0.8550090789794922,0.6527308821678162,0.34726911783218384,0.5879698991775513,64
47,39,10-20,CIMMYT_2,Post-Flowering,48,7,0.3281365633010864,0.8726420402526855,0.8093864917755127,0.1906135082244873,0.0,64
47,39,10-20,CIMMYT_2,Post-Flowering,48,8,0.4102226495742798,0.8407823443412781,0.0,1.0,0.04934770241379738,64
47,39,10-20,CIMMYT_2,Post-Flowering,48,9,0.3583698868751526,0.8609076738357544,0.053780682384967804,0.9462193176150322,0.13937029242515564,64
47,39,10-20,CIMMYT_2,Post-Flowering,48,10,0.4251609742641449,0.8349843621253967,0.623256504535675,0.37674349546432495,0.6384236216545105,64
47,39,10-20,CIMMYT_2,Post-Flowering,48,11,0.33581000566482544,0.8696637153625488,0.6071867942810059,0.39281320571899414,0.0,64
47,39,10-20,CIMMYT_2,Post-Flowering,48,12,0.2876039743423462,0.8883737325668335,0.8694130182266235,0.13058698177337646,0.0,64
47,39,10-20,CIMMYT_2,Post-Flowering,48,13,0.3869055211544037,0.84983229637146,0.21271011233329773,0.7872898876667023,0.0,64
47,39,10-20,CIMMYT_2,Post-Flowering,48,14,0.4129599332809448,0.8397198915481567,0.20218627154827118,0.7978137284517288,0.0,64
47,39,10-20,CIMMYT_2,Post-Flowering,48,15,0.5107429027557373,0.8017679452896118,0.7941424250602722,0.20585757493972778,0.0,64
47,39,10-20,CIMMYT_2,Post-Flowering,48,16,0.367958664894104,0.8571860790252686,0.13584056496620178,0.8641594350337982,0.13311511278152466,64
47,39,10-20,CIMMYT_2,Post-Flowering,48,17,0.37326517701148987,0.8551265001296997,0.8557016849517822,0.14429831504821777,0.0,64
47,39,10-20,CIMMYT_2,Post-Flowering,48,18,0.42687028646469116,0.8343209624290466,0.647750973701477,0.35224902629852295,0.03918918967247009,64
